source_bias,id_event,id_article,id_sentence,sentence_text
1,1,1.0,t,"""Dan Johnson suicide : Lawmaker impeach of molesting teen killed himself . His widow visit it a ' high - tech lynching . '"""
1,1,1.0,t,"""Dan Johnson suicide : Lawmaker accused of molesting teen drink down himself . His widow calls it a ' high - technical school lynching . '"""
1,1,1.0,t,"""Dan Johnson suicide : Lawmaker accused of molesting adolescent toss off himself . His widow calls it a ' high - tech lynching . '"""
1,1,1.0,t,"""Dan Johnson suicide : Lawmaker accused of molesting teen killed himself . His widow calls it a ' high - technical school lynching . '"""
1,1,1.0,0,"""LOUISVILLE - Dan Johnson mail a final message on Facebook to his friends and family on Wednesday good afternoon ."""
1,1,1.0,0,"""LOUISVILLE - Dan Johnson posted a final message on Facebook to his Quaker and family on Wednesday good afternoon ."""
1,1,1.0,0,"""LOUISVILLE - Dan Johnson posted a final subject matter on Facebook to his acquaintance and family on Wednesday afternoon ."""
1,1,1.0,0,"""LOUISVILLE - Dan Johnson posted a final message on Facebook to his friends and family on Wednesday good afternoon ."""
1,1,1.0,1,"""It look to be a cheerio ."""
1,1,1.0,1,"""It come along to be a adieu ."""
1,1,1.0,1,"""It come out to be a sayonara ."""
1,1,1.0,1,"""It appear to be a adios ."""
1,1,1.0,2,"""In it , he denied the accusal that had tormented him and his family for the past 48 hour - that he , a Kentucky state representative and the self - proclaimed "" Pope "" of his Louisville church - had gotten drunk and molested a 17 - year - old girl during"""
1,1,1.0,2,"""In it , he denied the accusations that had tormented him and his family for the past 48 hours - that he , a Kentucky state example and the self - proclaimed "" Pope "" of his Louisville church - had gotten drunk and harass a 17 - year - old girl during"""
1,1,1.0,2,"""In it , he denied the charge that had tormented him and his family for the past 48 hours - that he , a Kentucky state representative and the self - proclaimed "" Pope "" of his Louisville church - had sustain drunk and molested a 17 - year - old girl during"""
1,1,1.0,2,"""In it , he abnegate the accusations that had tormented him and his family for the past 48 hours - that he , a Kentucky state representative and the self - proclaimed "" Pope "" of his Louisville church - had gotten drunk and molested a 17 - year - old girl during"""
1,1,1.0,3,""" GOD knows the truth , nothing is the way they give it out to be , "" he wrote in the since - deleted situation ."""
1,1,1.0,3,""" GOD knows the verity , nothing is the way they make it out to be , "" he wrote in the since - deleted place ."""
1,1,1.0,3,""" GOD knows the verity , nothing is the way they build it out to be , "" he wrote in the since - deleted post ."""
1,1,1.0,3,""" GOD sleep together the truth , nothing is the style they make it out to be , "" he wrote in the since - deleted post ."""
1,1,1.0,4,""" I can not do by it any longer ."""
1,1,1.0,4,""" I can not cover it any longer ."""
1,1,1.0,4,""" I can not wield it any longer ."""
1,1,1.0,5,"""BUT HEAVEN IS MY domicile . """
1,1,1.0,5,"""BUT HEAVEN IS MY rest home . """
1,1,1.0,5,"""BUT HEAVEN IS MY base . """
1,1,1.0,5,"""BUT HEAVEN IS MY dwelling . """
1,1,1.0,6,"""Johnson then drove to a graffiti - covered span outside of Mount Washington , Ky. , a quiet and isolated spot name the River Bottoms ."""
1,1,1.0,6,"""Johnson then drove to a graffiti - breed bridge outside of Mount Washington , Ky. , a quiet and isolated spot called the River Bottoms ."""
1,1,1.0,6,"""Johnson then drove to a graffiti - report bridge outside of Mount Washington , Ky. , a quiet and isolated spot called the River Bottoms ."""
1,1,1.0,6,"""Johnson then drove to a graffiti - brood bridge outside of Mount Washington , Ky. , a quiet and isolated spot cry the River Bottoms ."""
1,1,1.0,7,"""He parked , have out of his car , and shot himself with a .40 - bore handgun , according to Bullitt County Sheriff Donnie Tinnell ."""
1,1,1.0,7,"""He park , bring forth out of his car , and shot himself with a .40 - caliber handgun , according to Bullitt County Sheriff Donnie Tinnell ."""
1,1,1.0,7,"""He parked , got out of his machine , and frivol away himself with a .40 - caliber handgun , according to Bullitt County Sheriff Donnie Tinnell ."""
1,1,1.0,7,"""He park , got out of his car , and photograph himself with a .40 - caliber handgun , according to Bullitt County Sheriff Donnie Tinnell ."""
1,1,1.0,8,"""The apparent suicide of a well - known local Republican here was another dark and dramatic turn in the nation 's recent reckoning with sexual assault and harassment , with near - daily revelations about powerful men conduce to sudden falls from positions o"""
1,1,1.0,8,"""The apparent suicide of a well - known local Republican here was another dark and dramatic turn in the nation 's recent reckoning with sexual assault and harassment , with near - daily revelations about powerful men leading to sudden hang from positions oxygen"""
1,1,1.0,8,"""The apparent suicide of a well - known local Republican here was another dark and dramatic turn in the Nation 's recent reckoning with sexual assault and harassment , with near - daily revelations about powerful Man leading to sudden falls from positions o"""
1,1,1.0,8,"""The apparent suicide of a well - known local Republican here was another dark and dramatic turn in the nation 's recent reckoning with sexual assault and molestation , with near - daily Revelation about powerful men leading to sudden falls from positions o"""
1,1,1.0,9,"""Many of those cases have led to denials , resignations , apologies ; though Johnson denied the allegation , some believe they pushed him over the border ."""
1,1,1.0,9,"""many of those cases have led to denials , resignations , apologies ; though Johnson abnegate the allegations , some believe they pushed him over the edge ."""
1,1,1.0,9,"""many of those cases have led to denials , resignations , apologies ; though Johnson refuse the allegations , some believe they pushed him over the edge ."""
1,1,1.0,9,"""many of those cases have guide to denials , resignations , apologies ; though Johnson denied the allegations , some believe they pushed him over the edge ."""
1,1,1.0,10,"""Johnson 's wife , Rebecca , announced Thursday that she plans to substitute him in the United States Department of State legislature ."""
1,1,1.0,10,"""Johnson 's wife , Rebecca , announced Thursday that she plans to supercede him in the province legislature ."""
1,1,1.0,10,"""Johnson 's married woman , Rebecca , announced Thursday that she plans to supersede him in the state legislature ."""
1,1,1.0,10,"""Johnson 's wife , Rebecca , annunciate Thursday that she plans to replace him in the state legislative body ."""
1,1,1.0,11,"""She spent the day at a funeral home arranging her husband 's service , consoling her congeneric and cover to do what she does best - fighting for her family , said David Adams , a family friend and spokesman ."""
1,1,1.0,11,"""She spent the day at a funeral home arranging her husband 's service , consoling her congener and continuing to do what she does best - fighting for her family , said David Adams , a family Quaker and spokesman ."""
1,1,1.0,11,"""She spent the day at a funeral home arranging her husband 's service , consoling her relatives and go along to cause what she does best - fighting for her family , said David Adams , a family friend and spokesman ."""
1,1,1.0,11,"""She spent the day at a funeral home arranging her married man 's serve , consoling her relatives and continuing to do what she does best - fighting for her family , said David Adams , a family friend and spokesman ."""
1,1,1.0,12,""" Dan is gone but the news report of his life is far from over , "" Rebecca Johnson pronounce through Adams ."""
1,1,1.0,12,""" Dan is fit but the story of his life is far from over , "" Rebecca Johnson say through Adams ."""
1,1,1.0,12,""" Dan is endure but the story of his spirit is far from over , "" Rebecca Johnson said through Adams ."""
1,1,1.0,12,""" Dan is decease but the taradiddle of his life is far from over , "" Rebecca Johnson said through Adams ."""
1,1,1.0,13,""" These high - tech lynchings based on lie and half - truths ca n't be allowed to bring home the bacon the day ."""
1,1,1.0,13,""" These high - tech lynchings based on lies and half - trueness ca n't be allow to win the day ."""
1,1,1.0,13,""" These high - tech lynchings based on lies and half - truths ca n't be reserve to win the day ."""
1,1,1.0,13,""" These high - tech lynchings based on Trygve Halvden Lie and half - truths ca n't be allowed to win the day ."""
1,1,1.0,14,"""I 've been fighting behind my married man for 30 geezerhood and his fight will go on . """
1,1,1.0,14,"""I 've been struggle behind my husband for 30 eld and his fight will go on . """
1,1,1.0,14,"""I 've been struggle behind my husband for 30 years and his scrap will go on . """
1,1,1.0,14,"""I 've been fighting behind my husband for 30 years and his fighting will operate on . """
1,1,1.0,15,"""Johnson 's death shook his family , friends , constituents and appendage of his church , with Kentucky 's political elite immediately verbalize their sadness ."""
1,1,1.0,15,"""Johnson 's death shook his family , friends , constituents and members of his church , with Kentucky 's political elite group immediately expressing their gloominess ."""
1,1,1.0,15,"""Johnson 's death shook his crime syndicate , friends , constituents and fellow member of his church , with Kentucky 's political elite immediately expressing their sadness ."""
1,1,1.0,15,"""Johnson 's death shook his family , friends , constituents and members of his church , with Kentucky 's political elite group immediately expressing their sorrowfulness ."""
1,1,1.0,16,Gov.
1,1,1.0,17,"""Matt Bevin ( R ) compose on Twitter : "" My sum breaks for his family    May God indeed shed His grace on us all "" and Sen. Rand Paul ( R - Ky. ) said in a tweet : "" I can not imagine his pain or the heartbreak his family is dealing with . """
1,1,1.0,17,"""Matt Bevin ( R ) wrote on Twitter : "" My heart breaks for his family    May God indeed moult His grace on us all "" and Sen. Rand Paul ( R - Ky. ) said in a tweet : "" I can not reckon his pain or the heartbreak his family is dealing with . """
1,1,1.0,17,"""Matt Bevin ( R ) wrote on Twitter : "" My heart breaks for his house    May God indeed cast His grace on us all "" and Sen. Rand Paul ( R - Ky. ) said in a tweet : "" I can not imagine his pain or the heartbreak his house is dealing with . """
1,1,1.0,17,"""Matt Bevin ( R ) wrote on Twitter : "" My center reveal for his family    May God indeed shed His grace on us all "" and Sen. Rand Paul ( R - Ky. ) said in a tweet : "" I can not imagine his pain or the heartbreak his family is dealing with . """
1,1,1.0,18,"""[ White House urges Roy Moore to confess , as sponsor look for evidence of ' voter fraud ' ]"""
1,1,1.0,18,"""[ White House urges Roy Moore to profess , as supporters look for grounds of ' voter fraud ' ]"""
1,1,1.0,18,"""[ White House urges Roy Moore to concede , as friend seem for evidence of ' voter fraud ' ]"""
1,1,1.0,18,"""[ White House urges Roy Moore to concede , as supporters look for grounds of ' elector fraud ' ]"""
1,1,1.0,19,"""The din began Monday , when the Kentucky Center for Investigative Reporting published allegations that Johnson sexually assaulted his girl 's friend during a sleepover in 2013 ."""
1,1,1.0,19,"""The tumult began Monday , when the Kentucky Center for Investigative Reporting published allegations that Johnson sexually assaulted his girl 's friend during a sleepover in 2013 ."""
1,1,1.0,19,"""The tumult began Monday , when the Kentucky Center for Investigative Reporting release allegation that Johnson sexually assaulted his daughter 's friend during a sleepover in 2013 ."""
2,1,2.0,t,"""Kentucky lawmaker Dan Johnson shoot down himself after sexual assault allegation"""
2,1,2.0,t,"""Kentucky lawmaker Dan Johnson shoot down himself after sexual assault allegement"""
2,1,2.0,t,"""Kentucky lawmaker Dan Johnson killed himself after sexual Assault allegement"""
2,1,2.0,t,"""Kentucky lawmaker Dan Johnson killed himself after sexual assault allegation"""
2,1,2.0,0,"""( CNN ) A Kentucky lawmaker charge of sexually assaulting a teenage girl in 2013 killed himself Wednesday , officials say , a day after he denied the allegation ."""
2,1,2.0,0,"""( CNN ) A Kentucky lawmaker charge of sexually assaulting a teenage girl in 2013 killed himself Wednesday , officials articulate , a day after he denied the allegations ."""
2,1,2.0,0,"""( CNN ) A Kentucky lawmaker accused of sexually assaulting a teenage girl in 2013 killed himself Wednesday , official say , a day after he denied the allegation ."""
2,1,2.0,0,"""( CNN ) A Kentucky lawmaker accused of sexually assaulting a teenage girl in 2013 killed himself Wednesday , officials say , a Clarence Day after he denied the allegations ."""
2,1,2.0,1,"""Republican state Rep. Dan Johnson was find dead of a individual gunshot wound near Mount Washington , Bullitt County Coroner Dave Billings said ."""
2,1,2.0,1,"""Republican res publica Rep. Dan Johnson was found dead of a unmarried gunshot wound near Mount Washington , Bullitt County Coroner Dave Billings said ."""
2,1,2.0,1,"""Republican state Rep. Dan Johnson was set up dead of a individual gunshot wound near Mount Washington , Bullitt County Coroner Dave Billings said ."""
2,1,2.0,1,"""Republican province Rep. Dan Johnson was incur dead of a single gunshot wound near Mount Washington , Bullitt County Coroner Dave Billings said ."""
2,1,2.0,2,"""Johnson drove onto a bridge in a rural area southeast of Louisville , parked and shot himself in front of his car , Sheriff Donnie Tinnell evidence CNN affiliate WDRB"""
2,1,2.0,2,"""Johnson drove onto a bridge in a rural expanse southeast of Louisville , parked and shot himself in front of his car , Sheriff Donnie Tinnell told CNN affiliate WDRB"""
2,1,2.0,2,"""Johnson ram onto a bridge in a rural area southeast of Louisville , parked and shoot himself in front of his car , Sheriff Donnie Tinnell told CNN affiliate WDRB"""
2,1,2.0,2,"""Johnson drove onto a bridge in a rural sphere southeast of Louisville , parked and shot himself in strawman of his car , Sheriff Donnie Tinnell told CNN affiliate WDRB"""
2,1,2.0,3,"""charge predominate Johnson 's death a suicide on Thursday after an autopsy , Deputy Coroner Clayton Brunson said ."""
2,1,2.0,3,"""charge ruled Johnson 's death a suicide on Thursday after an autopsy , Deputy Coroner Clayton Brunson order ."""
2,1,2.0,3,"""Billings ruled Johnson 's Death a suicide on Thursday after an autopsy , Deputy Coroner Clayton Brunson said ."""
2,1,2.0,3,"""Billings harness Johnson 's decease a suicide on Thursday after an autopsy , Deputy Coroner Clayton Brunson said ."""
2,1,2.0,4,"""Shortly before his death , Johnson mail a rambling message on social media , denying the sexual assault allegation and urging his family to stay strong for his wife ."""
2,1,2.0,4,"""Shortly before his death , Johnson posted a rambling message on social media , refuse the sexual assault allegations and urging his family to rest strong for his wife ."""
2,1,2.0,4,"""Shortly before his death , Johnson posted a jog message on societal media , denying the sexual assault allegations and urging his family to stay strong for his wife ."""
2,1,2.0,4,"""Shortly before his death , Johnson posted a rambling message on social medium , denying the sexual assault allegations and urging his family to stay potent for his wife ."""
2,1,2.0,5,"""Relatives became concerned after seeing the post and extend to out to law enforcement , who pinged Johnson 's sound and later discovered his body , according to Billings ."""
2,1,2.0,5,"""Relatives became concerned after seeing the post and reached out to law enforcement , who pinged Johnson 's earphone and later discovered his organic structure , according to Billings ."""
2,1,2.0,5,"""Relatives became concerned after seeing the post and reached out to law enforcement , who pinged Johnson 's phone and later fall upon his body , according to charge ."""
2,1,2.0,5,"""Relatives get concerned after seeing the post and accomplish out to law enforcement , who pinged Johnson 's phone and later discovered his body , according to Billings ."""
2,1,2.0,6,"""Billings said he was called to the vista around 7:30 p.m."""
2,1,2.0,6,"""charge said he was called to the view around 7:30 p.m."""
2,1,2.0,6,"""charge said he was called to the scene around 7:30 p.m."""
2,1,2.0,6,"""Billings said he was predict to the scene around 7:30 p.m."""
2,1,2.0,7,"""Authorities get word Johnson 's body in front of his truck and a 40 - quality semi - automatic handgun nearby , he said ."""
2,1,2.0,7,"""Authorities discovered Johnson 's body in front of his truck and a 40 - caliber semi - automatic shooting iron nearby , he said ."""
2,1,2.0,7,"""Authorities discovered Johnson 's body in front of his truck and a 40 - caliber semi - automatic pistol nearby , he enunciate ."""
2,1,2.0,8,"""CNN has arrive at out to the Bullitt County Sheriff 's Office and the Kentucky regulator 's office but has not heard back ."""
2,1,2.0,8,"""CNN has accomplish out to the Bullitt County Sheriff 's Office and the Kentucky regulator 's office but has not heard back ."""
2,1,2.0,8,"""CNN has progress to out to the Bullitt County Sheriff 's Office and the Kentucky governor 's office but has not find out back ."""
2,1,2.0,8,"""CNN has reached out to the Bullitt County Sheriff 's Office and the Kentucky governor 's function but has not try back ."""
2,1,2.0,9,"""His accuser said the alleged sexual assault took place in the early hours of New Year 's Day in 2013 when she was 17 , according to the center 's explosive investigative report published Monday ."""
2,1,2.0,9,"""His accuser said the alleged sexual assault took place in the early hours of New Year 's sidereal day in 2013 when she was 17 , according to the center 's explosive investigative story published Monday ."""
2,1,2.0,9,"""His accuser said the alleged sexual assault took plaza in the early hours of New Year 's Day in 2013 when she was 17 , according to the center 's explosive investigative account published Monday ."""
2,1,2.0,9,"""His accuser said the alleged sexual violation took place in the early minute of New Year 's Day in 2013 when she was 17 , according to the center 's explosive investigative report published Monday ."""
2,1,2.0,10,"""The accuser , identify as Maranda Richmond , is now 21 ."""
2,1,2.0,10,"""The accuser , place as Maranda Richmond , is now 21 ."""
2,1,2.0,10,"""The accuser , describe as Maranda Richmond , is now 21 ."""
2,1,2.0,10,"""The accuser , name as Maranda Richmond , is now 21 ."""
2,1,2.0,11,"""She said she was continue in a living field of Louisville 's Heart of Fire Church , where Johnson was pastor , when he drunkenly kissed and fondled her underneath her clothes , according to the investigative report ."""
2,1,2.0,11,"""She said she was outride in a living country of Louisville 's Heart of Fire Church , where Johnson was pastor , when he drunkenly kissed and fondled her underneath her clothes , according to the investigative report ."""
2,1,2.0,11,"""She said she was stay put in a living area of Louisville 's Heart of Fire Church , where Johnson was pastor , when he drunkenly kissed and fondled her underneath her clothes , according to the investigative news report ."""
2,1,2.0,11,"""She order she was bide in a living area of Louisville 's Heart of Fire Church , where Johnson was pastor , when he drunkenly kissed and fondled her underneath her clothes , according to the investigative report ."""
2,1,2.0,12,"""The sum got its hands on constabulary documents about the accusations and interviewed Richmond , leading to its story on how Johnson allegedly forced himself on her when she was a teenager ."""
2,1,2.0,12,"""The center got its hands on police force written document about the accusations and interviewed Richmond , leading to its story on how Johnson allegedly forced himself on her when she was a teenager ."""
2,1,2.0,12,"""The kernel got its hands on police documents about the accusations and interviewed Richmond , leading to its story on how Johnson allegedly ram himself on her when she was a teenager ."""
2,1,2.0,12,"""The center got its hands on police force documents about the accusations and interviewed Richmond , leading to its tarradiddle on how Johnson allegedly forced himself on her when she was a teenager ."""
2,1,2.0,13,"""Johnson denied the allegations , a day after the center put out its report , saying Richmond was motivated by his political opponents ."""
2,1,2.0,13,"""Johnson traverse the allegations , a day after the center of attention published its report , saying Richmond was motivated by his political opponents ."""
2,1,2.0,13,"""Johnson denied the allegations , a day after the inwardness published its report , saying Richmond was motivated by his political opposite ."""
2,1,2.0,13,"""Johnson denied the allegation , a day after the essence published its report , saying Richmond was motivated by his political opponents ."""
2,1,2.0,14,""" This allegement touch on this young girl absolutely has no merit , "" he said ."""
2,1,2.0,14,""" This allegement concerning this young girl absolutely birth no merit , "" he said ."""
2,1,2.0,14,""" This allegation occupy this young girl absolutely take in no merit , "" he said ."""
2,1,2.0,14,""" This allegement concerning this young young woman absolutely has no merit , "" he said ."""
2,1,2.0,15,""" As a matter of fact , some of this I get a line yesterday for the first time as I read the news report . """
2,1,2.0,15,""" As a matter of fact , some of this I heard yesterday for the first time as I read the story . """
2,1,2.0,15,""" As a issue of fact , some of this I heard yesterday for the first time as I read the narrative . """
2,1,2.0,15,""" As a matter of fact , some of this I see yesterday for the first time as I register the story . """
2,1,2.0,16,"""The same day Johnson held a news league , Louisville detectives reopen the investigation , according to the Kentucky Center for Investigative Reporting ."""
2,1,2.0,16,"""The like day Johnson throw a news conference , Louisville detectives reopened the investigation , according to the Kentucky Center for Investigative Reporting ."""
2,1,2.0,16,"""The same sidereal day Johnson held a news league , Louisville detectives reopened the investigation , according to the Kentucky Center for Investigative Reporting ."""
2,1,2.0,16,"""The same Clarence Shepard Day Jr. Johnson held a news conference , Louisville detectives reopened the investigation , consort to the Kentucky Center for Investigative Reporting ."""
2,1,2.0,17,"""Johnson posted a message on his Facebook page Wednesday evening , saying the accusation "" are false "" and "" only God knows the the true . """
2,1,2.0,17,"""Johnson posted a content on his Facebook page Wednesday even , saying the accusations "" are false "" and "" only God knows the truth . """
2,1,2.0,17,"""Johnson post a message on his Facebook page Wednesday evening , saying the accusations "" are false "" and "" only God knows the trueness . """
2,1,2.0,17,"""Johnson mail a message on his Facebook page Wednesday evening , saying the accusations "" are false "" and "" only God knows the accuracy . """
2,1,2.0,18,"""The post come along to have been cancel ."""
2,1,2.0,18,"""The Charles William Post appears to have been delete ."""
2,1,2.0,18,"""The post seem to have been erase ."""
2,1,2.0,18,"""The office appears to have been delete ."""
2,1,2.0,19,""" GOD and only GOD knows the Sojourner Truth , nothing is the way they establish it out to be ."""
2,1,2.0,19,""" GOD and only GOD have it away the truth , nothing is the way they cause it out to be ."""
2,1,2.0,19,""" GOD and only GOD fuck the trueness , nothing is the way they make it out to be ."""
2,1,2.0,19,""" GOD and only GOD lie with the true statement , nothing is the way they make it out to be ."""
1,1,3.0,t,"""Dan Johnson , Kentucky lawmaker who killed himself , claim he raised woman from the dead"""
1,1,3.0,t,"""Dan Johnson , Kentucky lawmaker who shoot down himself , claimed he raised fair sex from the dead"""
1,1,3.0,t,"""Dan Johnson , Kentucky lawmaker who stamp out himself , claimed he set up woman from the dead"""
1,1,3.0,t,"""Dan Johnson , Kentucky lawgiver who belt down himself , claimed he raised woman from the dead"""
1,1,3.0,0,"""The Kentucky preacher - wrench - politician who killed himself after being accused of molesting a teenager claim he once raised a woman "" from the dead . """
1,1,3.0,0,"""The Kentucky preacher - turned - politico who killed himself after being incriminate of molesting a teenager claimed he once raised a woman "" from the dead . """
1,1,3.0,0,"""The Kentucky preacher - turned - politician who killed himself after being accuse of molesting a teenager claimed he once raised a woman "" from the dead . """
1,1,3.0,0,"""The Kentucky preacher - change by reversal - politician who killed himself after being accused of harry a teenager claimed he once raised a woman "" from the dead . """
1,1,3.0,1,"""State Rep. Dan Johnson also declared that he watched the second hijacked plane slam into the World Trade Center from his hotel room and spent the next two weeks blessing bodies as they were removed from the ruins at a morgue he congeal up at Ground Zero ."""
1,1,3.0,1,"""State Rep. Dan Johnson also declared that he catch the second hijacked plane slam into the World Trade Center from his hotel room and spent the next two weeks blessing bodies as they were absent from the ruins at a morgue he set up at Ground Zero ."""
1,1,3.0,1,"""State Rep. Dan Johnson also declared that he look out the second hijacked plane slam into the World Trade Center from his hotel room and pass the next two weeks blessing bodies as they were removed from the ruins at a morgue he set up at Ground Zero ."""
1,1,3.0,1,"""State Rep. Dan Johnson also announce that he watched the second hijacked plane slam into the World Trade Center from his hotel room and spent the next two weeks blessing bodies as they were removed from the ruins at a morgue he set up at Ground Zero ."""
1,1,3.0,2,"""Johnson also boasted about being a White House chaplain for both Bush United States President and Bill Clinton , and concede to have been a peacemaker in Los Angeles during the 1992 Rodney King riots ."""
1,1,3.0,2,"""Johnson also boast about being a White House chaplain for both Bush chairman and Bill Clinton , and professed to have been a peacemaker in Los Angeles during the 1992 Rodney King riots ."""
1,1,3.0,2,"""Johnson also boasted about being a White House chaplain for both Bush chair and Bill Clinton , and profess to have been a peacemaker in Los Angeles during the 1992 Rodney King riots ."""
1,1,3.0,2,"""Johnson also tout about being a White House chaplain for both Bush presidents and Bill Clinton , and professed to have been a peacemaker in Los Angeles during the 1992 Rodney King riots ."""
1,1,3.0,3,"""These were some of the unlikely stories that "" Bishop Johnson "" posted on the World Wide Web internet site of his Heart of Fire Church , in a rural county south of Louisville ."""
1,1,3.0,3,"""These were some of the unlikely report that "" Bishop Johnson "" posted on the web site of his Heart of Fire Church , in a rural county south of Louisville ."""
1,1,3.0,3,"""These were some of the unlikely stories that "" Bishop Johnson "" posted on the web land site of his Heart of Fire Church , in a rural county south of Louisville ."""
1,1,3.0,3,"""These were some of the unlikely fib that "" Bishop Johnson "" posted on the World Wide Web site of his Heart of Fire Church , in a rural county south of Louisville ."""
1,1,3.0,4,"""Those tales were largely debunked in a Kentucky Center for Investigative Reporting unmasking that revealed that Johnson was accused by a then 17 - year - old Maranda Richmond of drunkenly sexually attack her on New Year 's Eve 2012 ."""
1,1,3.0,4,"""Those tales were largely debunked in a Kentucky Center for Investigative Reporting unmasking that revealed that Johnson was accused by a then 17 - year - old Maranda Richmond of drunkenly sexually assaulting her on New Year 's Eve 2012 ."""
1,1,3.0,4,"""Those tales were largely expose in a Kentucky Center for Investigative Reporting expose that revealed that Johnson was accused by a then 17 - year - old Maranda Richmond of drunkenly sexually assaulting her on New Year 's Eve 2012 ."""
1,1,3.0,4,"""Those tales were largely debunked in a Kentucky Center for Investigative Reporting expose that revealed that Johnson was criminate by a then 17 - year - old Maranda Richmond of drunkenly sexually assaulting her on New Year 's Eve 2012 ."""
1,1,3.0,5,"""Johnson , a 57 - year - old Republican who represented mostly rural Bullitt County , denied the allegation Tuesday during a news conference at his church service ."""
1,1,3.0,5,"""Johnson , a 57 - year - old Republican who represented mostly rural Bullitt County , deny the allegement Tuesday during a news conference at his church ."""
1,1,3.0,5,"""Johnson , a 57 - year - old Republican who represented mostly rural Bullitt County , denied the allegation Tuesday during a intelligence conference at his church ."""
1,1,3.0,5,"""Johnson , a 57 - twelvemonth - old Republican who represented mostly rural Bullitt County , denied the allegation Tuesday during a newsworthiness conference at his church ."""
1,1,3.0,6,"""He also defied bipartisan phone call for him to quit ."""
1,1,3.0,6,"""He also resist bipartisan phone call for him to resign ."""
1,1,3.0,6,"""He also resist bipartisan calls for him to resign ."""
1,1,3.0,6,"""He also defied bipartisan calls for him to step down ."""
1,1,3.0,7,""" This allegation concerning this lady , this immature miss , absolutely has no merit , these are unfounded accusations , totally , "" he said ."""
1,1,3.0,7,""" This allegement concerning this lady , this young girl , absolutely bear no merit , these are unfounded accusations , totally , "" he said ."""
1,1,3.0,7,""" This allegation worry this lady , this young girl , absolutely has no merit , these are unfounded accusations , totally , "" he sound out ."""
1,1,3.0,7,""" This allegation concerning this lady , this young missy , absolutely has no virtue , these are unfounded accusations , totally , "" he said ."""
1,1,3.0,8,"""But a slight after 7 p.m. Wednesday , Johnson killed himself with a gunshot to the head , law said , about two hours after posting another strident denial on a since - deleted Facebook post in which he also wrote that post - traumatic stress disorder fro"""
1,1,3.0,8,"""But a little after 7 p.m. Wednesday , Johnson killed himself with a gunshot to the head , police said , about two hours after posting another strident denial on a since - deleted Facebook post in which he also wrote that post - traumatic stress disorderliness fro"""
1,1,3.0,8,"""But a little after 7 p.m. Wednesday , Johnson killed himself with a gunshot to the head , police said , about two hours after posting another strident denial on a since - deleted Facebook mail service in which he also wrote that mail service - traumatic stress disorder fro"""
1,1,3.0,10,"""BUT HEAVEN IS MY rest home , "" he pen ."""
1,1,3.0,10,"""BUT HEAVEN IS MY base , "" he write ."""
1,1,3.0,10,"""BUT HEAVEN IS MY abode , "" he indite ."""
1,1,3.0,11,"""Not long after his death was ruled a suicide , Johnson 's wife , Rebecca , who is the "" pastor "" of their church , denote Thursday that she will run for his seat and called her husband 's death a "" high - tech lynching based on lies and half - truths . """
1,1,3.0,11,"""Not long after his destruction was ruled a suicide , Johnson 's wife , Rebecca , who is the "" pastor "" of their church , announced Thursday that she will run for his seat and called her husband 's destruction a "" high - tech lynching based on lies and half - truths . """
1,1,3.0,11,"""Not long after his end was find a suicide , Johnson 's wife , Rebecca , who is the "" pastor "" of their church , announced Thursday that she will run for his seat and called her husband 's end a "" high - tech lynching based on lies and half - truths . """
1,1,3.0,11,"""Not long after his death was prevail a suicide , Johnson 's wife , Rebecca , who is the "" pastor "" of their church , announced Thursday that she will run for his seat and send for her husband 's death a "" high - tech lynching based on lies and half - truths . """
1,1,3.0,12,"""KCIP found that Johnson 's claim that he had brought a dead woman back to life while serving as a missioner in South America was ground on a letter written by another preacher who admitted he had n't seen the supposed miracle and only heard about it ."""
1,1,3.0,12,"""KCIP found that Johnson 's claim that he had brought a dead woman back to aliveness while serving as a missionary in South America was based on a letter written by another preacher who accommodate he had n't seen the supposed miracle and only heard about it ."""
1,1,3.0,12,"""KCIP found that Johnson 's claim that he had brought a dead woman back to life while serving as a missionary in South America was based on a alphabetic character written by another preacher who admitted he had n't seen the supposed miracle and only heard about it ."""
1,1,3.0,12,"""KCIP found that Johnson 's claim that he had work a dead woman back to life while serving as a missionary in South America was based on a letter written by another sermonizer who admitted he had n't seen the supposed miracle and only heard about it ."""
1,1,3.0,13,"""And while the Kentucky reporters found records that placed Johnson in New York City on or around 9/11 , it 's unlikely he watched a woodworking plane clangor into one of the Twin Towers from "" The New Yorker Hotel , "" as he claimed on the web site ."""
1,1,3.0,13,"""And while the Kentucky reporters found records that localise Johnson in New York City on or around 9/11 , it 's unlikely he watched a aeroplane crash into one of the Twin Towers from "" The New Yorker Hotel , "" as he claimed on the web site ."""
1,1,3.0,13,"""And while the Kentucky reporters found records that placed Johnson in New York City on or around 9/11 , it 's unlikely he watched a sheet crash into one of the Twin Towers from "" The New Yorker Hotel , "" as he claimed on the web web site ."""
1,1,3.0,13,"""And while the Kentucky reporters found platter that placed Johnson in New York City on or around 9/11 , it 's unlikely he observe a plane crash into one of the Twin Towers from "" The New Yorker Hotel , "" as he claimed on the web site ."""
1,1,3.0,14,"""The Wyndham New Yorker Hotel is not a Admiralty mile away , as Johnson publish ."""
1,1,3.0,14,"""The Wyndham New Yorker Hotel is not a Admiralty mile away , as Johnson save ."""
1,1,3.0,14,"""The Wyndham New Yorker Hotel is not a statute mile away , as Johnson publish ."""
1,1,3.0,14,"""The Wyndham New Yorker Hotel is not a sea mile away , as Johnson save ."""
1,1,3.0,15,"""It 's about three nautical mile north of Ground Zero , in Midtown Manhattan ."""
1,1,3.0,15,"""It 's about three geographical mile north of Ground Zero , in Midtown Manhattan ."""
1,1,3.0,15,"""It 's about three land mile north of Ground Zero , in Midtown Manhattan ."""
1,1,3.0,15,"""It 's about three mi north of Ground Zero , in Midtown Manhattan ."""
1,1,3.0,16,"""Before his suicide , Johnson made national news during his run for posting racist remarks online about former President Barack Obama and Michelle Obama ."""
1,1,3.0,16,"""Before his suicide , Johnson score national news during his political campaign for posting racist remarks online about former President Barack Obama and Michelle Obama ."""
1,1,3.0,16,"""Before his suicide , Johnson made national news during his campaign for posting racist remarks online about former President Barack Obama and Michelle Obama ."""
1,1,3.0,17,"""That did n't terminate him from getting elected last year in an overwhelmingly white and conservative corner of Kentucky ."""
1,1,3.0,17,"""That did n't stop him from getting elect last year in an overwhelmingly white and conservative corner of Kentucky ."""
1,1,3.0,17,"""That did n't stop him from getting elect last year in an overwhelmingly white and conservative quoin of Kentucky ."""
1,1,3.0,18,"""Johnson lay claim to have a "" doctorate of god "" from a Des Moines , Iowa , bible school ."""
1,1,3.0,18,"""Johnson claimed to have a "" doctor's degree of theology "" from a Des Moines , Iowa , bible school ."""
1,1,3.0,18,"""Johnson claimed to take in a "" doctorate of divinity "" from a Des Moines , Iowa , bible school day ."""
1,1,3.0,18,"""Johnson lay claim to have a "" doctorate of divinity "" from a Des Moines , Iowa , bible schooltime ."""
1,1,3.0,19,"""The Kentucky Center for Investigative Reporting found no grounds to fend for that ."""
1,1,3.0,19,"""The Kentucky Center for Investigative Reporting bump no evidence to patronage that ."""
1,1,3.0,19,"""The Kentucky Center for Investigative Reporting detect no grounds to support that ."""
1,1,3.0,19,"""The Kentucky Center for Investigative Reporting encounter no grounds to support that ."""
1,1,4.0,t,"""Matt Bevin , Rand Paul Respond to Dan Johnson 's end"""
1,1,4.0,t,"""Matt Bevin , Rand Paul Respond to Dan Johnson 's decease"""
1,1,4.0,t,"""Matt Bevin , Rand Paul Respond to Dan Johnson 's death"""
1,1,4.0,0,"""After Kentucky State Rep. Dan Johnson snuff it Wednesday in an apparent suicide amid allegations that he sexually assaulted a teenager , politicians in the state called for kindness and an end to "" nasty , vulgar comments "" about Johnson 's death ."""
1,1,4.0,0,"""After Kentucky State Rep. Dan Johnson died Wednesday in an apparent suicide amid allegations that he sexually assaulted a teenager , politicians in the state called for kindness and an end to "" nasty , vulgar comments "" about Johnson 's death ."""
1,1,4.0,0,"""After Kentucky State Rep. Dan Johnson died Wednesday in an apparent suicide amid allegations that he sexually violate a teenager , politicians in the state called for forgivingness and an end to "" nasty , vulgar comments "" about Johnson 's death ."""
1,1,4.0,0,"""After Kentucky State Rep. Dan Johnson died Wednesday in an apparent suicide amid allegation that he sexually assaulted a teenager , politicians in the state called for kindness and an end to "" nasty , vulgar comments "" about Johnson 's death ."""
1,1,4.0,1,"""The allegations against Johnson surface in an probe published by the Kentucky Center for Investigative Reporting ."""
1,1,4.0,1,"""The allegement against Johnson surface in an investigation published by the Kentucky Center for Investigative Reporting ."""
1,1,4.0,1,"""The allegations against Johnson turn up in an investigating published by the Kentucky Center for Investigative Reporting ."""
1,1,4.0,1,"""The allegation against Johnson coat in an investigation published by the Kentucky Center for Investigative Reporting ."""
1,1,4.0,2,"""Maranda Richmond , who did not respond to TIME 's request for comment on Thursday , evidence the news organization that Johnson molested her on New Year 's Eve in 2012 when he was a minister at the Heart of Fire Church ."""
1,1,4.0,2,"""Maranda Richmond , who did not reply to TIME 's request for comment on Thursday , told the news organization that Johnson molested her on New Year 's Eve in 2012 when he was a rector at the Heart of Fire Church ."""
1,1,4.0,2,"""Maranda Richmond , who did not respond to TIME 's request for comment on Thursday , told the news organization that Johnson plague her on New Year 's Eve in 2012 when he was a minister of religion at the Heart of Fire Church ."""
1,1,4.0,2,"""Maranda Richmond , who did not respond to TIME 's petition for comment on Thursday , told the intelligence organization that Johnson molested her on New Year 's Eve in 2012 when he was a pastor at the Heart of Fire Church ."""
1,1,4.0,3,"""The Kentucky Center for Investigative Reporting suppose it underpin her account with her family members , Facebook messages she sent to Johnson and notes from her therapist ."""
1,1,4.0,3,"""The Kentucky Center for Investigative Reporting said it confirm her account with her family members , Facebook messages she sent to Johnson and notes from her healer ."""
1,1,4.0,3,"""The Kentucky Center for Investigative Reporting said it corroborated her chronicle with her family members , Facebook content she sent to Johnson and notes from her therapist ."""
1,1,4.0,3,"""The Kentucky Center for Investigative Reporting said it substantiate her account statement with her family members , Facebook messages she sent to Johnson and notes from her therapist ."""
1,1,4.0,4,"""Richmond allege that she describe the incident to the Louisville police in 2013 ."""
1,1,4.0,4,"""Richmond order that she account the incident to the Louisville police in 2013 ."""
1,1,4.0,4,"""Richmond said that she account the incident to the Louisville police force in 2013 ."""
1,1,4.0,4,"""Richmond enunciate that she reported the incident to the Louisville police in 2013 ."""
1,1,4.0,5,"""Police look into the topic , but never pressed charges ."""
1,1,4.0,5,"""constabulary investigated the matter , but never press charges ."""
1,1,4.0,5,"""Police inquire the matter , but never pressed electric charge ."""
1,1,4.0,5,"""police force investigated the matter , but never squeeze charges ."""
1,1,4.0,6,"""Louisville police did not immediately react to TIME 's postulation for comment ."""
1,1,4.0,6,"""Louisville law did not immediately reply to TIME 's request for comment ."""
1,1,4.0,6,"""Louisville police force did not immediately respond to TIME 's postulation for comment ."""
1,1,4.0,6,"""Louisville police did not immediately respond to TIME 's asking for scuttlebutt ."""
1,1,4.0,7,"""After the allegations breach , Kentucky lawmakers on both sides of the aisle called for Johnson to step down ."""
1,1,4.0,7,"""After the allegations broke , Kentucky lawgiver on both sides of the aisle called for Johnson to release ."""
1,1,4.0,7,"""After the allegations transgress , Kentucky lawmakers on both sides of the aisle called for Johnson to quit ."""
1,1,4.0,7,"""After the allegement kick downstairs , Kentucky lawmakers on both sides of the aisle called for Johnson to resign ."""
1,1,4.0,8,"""At a press conference on Tuesday , Johnson deny the allegations and consecrate to stay in the Kentucky House of Representatives ."""
1,1,4.0,8,"""At a closet league on Tuesday , Johnson denied the allegations and vowed to stay in the Kentucky House of Representatives ."""
1,1,4.0,8,"""At a press conference on Tuesday , Johnson denied the allegations and vow to appease in the Kentucky House of Representatives ."""
1,1,4.0,8,"""At a press conference on Tuesday , Johnson traverse the allegations and vow to stay in the Kentucky House of Representatives ."""
1,1,4.0,9,"""He was incur dead on Wednesday night ."""
1,1,4.0,9,"""He was found dead on Wednesday Nox ."""
1,1,4.0,9,"""He was retrieve dead on Wednesday night ."""
1,1,4.0,9,"""He was set up dead on Wednesday night ."""
1,1,4.0,10,"""Paul Ham , the president of the Bullit County GOP , criticized the Kentucky Center for Investigative Reporting in a Thursday consultation with the Washington Post ."""
1,1,4.0,10,"""Paul Ham , the chairperson of the Bullit County GOP , criticized the Kentucky Center for Investigative Reporting in a Thursday consultation with the Washington Post ."""
1,1,4.0,10,"""Paul Ham , the chairman of the Bullit County GOP , criticise the Kentucky Center for Investigative Reporting in a Thursday consultation with the Washington Post ."""
1,1,4.0,10,"""Paul Ham , the president of the Bullit County GOP , pick apart the Kentucky Center for Investigative Reporting in a Thursday interview with the Washington Post ."""
1,1,4.0,11,""" The story was establish on hearsay : no arrest , no judgment of conviction , no jail time , "" he said ."""
1,1,4.0,11,""" The history was based on hearsay : no arrest , no conviction , no pokey time , "" he said ."""
1,1,4.0,11,""" The story was based on hearsay : no arrest , no judgment of conviction , no jail time , "" he enounce ."""
1,1,4.0,11,""" The story was based on hearsay : no arrest , no condemnation , no pokey time , "" he said ."""
1,1,4.0,12,""" Back when the Constitution intend something , a man could stand before a jury of his peer ."""
1,1,4.0,12,""" Back when the Constitution meant something , a man could brook before a jury of his equal ."""
1,1,4.0,12,""" Back when the Constitution meant something , a man could stick out before a jury of his compeer ."""
1,1,4.0,12,""" Back when the Constitution meant something , a man could fend before a panel of his peers ."""
1,1,4.0,13,"""But now , it 's just , ' have 's just lay down some accusations and run with it . '"""
1,1,4.0,13,"""But now , it 's just , ' Let 's just draw some charge and run with it . '"""
1,1,4.0,13,"""But now , it 's just , ' Let 's just make some accusation and scat with it . '"""
1,1,4.0,13,"""But now , it 's just , ' have 's just make some accusation and run with it . '"""
1,1,4.0,14,"""We 're in a very sorry home . """
1,1,4.0,14,"""We 're in a very regretful position . """
1,1,4.0,14,"""We 're in a very regretful situation . """
1,1,4.0,14,"""We 're in a very sorry spot . """
1,1,4.0,15,"""Others , like Republican Reps . Wesley Morgan and Jeff Hoover , seemed to echo Ham 's thought ."""
1,1,4.0,15,"""Others , like Republican Reps . Wesley Morgan and Jeff Hoover , appear to echo Ham 's persuasion ."""
1,1,4.0,15,"""Others , like Republican Reps . Wesley Morgan and Jeff Hoover , appear to repeat Ham 's sentiment ."""
1,1,4.0,15,"""Others , like Republican Reps . Wesley Morgan and Jeff Hoover , seemed to ring Ham 's sentiment ."""
1,1,4.0,16,"""Hoover resigned as the House 's Speaker last month ( but kept his tail end in the chamber ) following allegations of sexual harassment , which he refuse ."""
1,1,4.0,16,"""Hoover resigned as the House 's Speaker last month ( but kept his seat in the bedchamber ) following allegation of sexual harassment , which he denied ."""
1,1,4.0,16,"""Hoover resigned as the House 's Speaker last month ( but kept his seat in the bedchamber ) following allegations of sexual torment , which he denied ."""
1,1,4.0,16,"""Hoover resigned as the House 's Speaker last calendar month ( but kept his seat in the chamber ) following allegation of sexual harassment , which he denied ."""
1,1,4.0,17,"""Michael Skoler , the president of Louisville Public Media , which have the Kentucky Center for Investigative Reporting , said that it was "" deeply sad "" over Johnson 's death , but noted that Johnson had declined their numerous postulation to speak about Rich"""
1,1,4.0,17,"""Michael Skoler , the president of Louisville Public Media , which owns the Kentucky Center for Investigative Reporting , suppose that it was "" deeply sad "" over Johnson 's death , but observe that Johnson had declined their numerous requests to speak about Rich"""
1,1,4.0,17,"""Michael Skoler , the president of Louisville Public Media , which have the Kentucky Center for Investigative Reporting , said that it was "" deeply sad "" over Johnson 's death , but noted that Johnson had worsen their numerous requests to speak about Rich"""
1,1,4.0,17,"""Michael Skoler , the President of Louisville Public Media , which owns the Kentucky Center for Investigative Reporting , said that it was "" deeply sad "" over Johnson 's death , but noted that Johnson had declined their numerous petition to speak about Rich"""
1,1,4.0,18,"""Other state lawgiver called for benignity in the wake of Johnson 's death ."""
1,1,4.0,18,"""other Department of State lawmakers called for kindness in the wake of Johnson 's death ."""
1,1,4.0,18,"""Other state lawgiver call off for kindness in the wake of Johnson 's death ."""
1,1,4.0,18,"""Other body politic lawmakers shout for kindness in the wake of Johnson 's death ."""
1,1,4.0,19,"""On Thursday afternoon , Johnson 's widow woman said she wanted to take his buttocks in the Kentucky House ."""
1,1,4.0,19,"""On Thursday afternoon , Johnson 's widow enounce she need to take his seat in the Kentucky House ."""
1,1,4.0,19,"""On Thursday afternoon , Johnson 's widow woman said she wanted to take his nates in the Kentucky House ."""
1,1,4.0,19,"""On Thursday good afternoon , Johnson 's widow woman said she wanted to take his seat in the Kentucky House ."""
2,1,5.0,t,"""Widow of Kentucky State Rep. Dan Johnson says she 'll engage his posterior"""
2,1,5.0,t,"""Widow of Kentucky State Rep. Dan Johnson pronounce she 'll pursue his derriere"""
2,1,5.0,t,"""Widow of Kentucky State Rep. Dan Johnson aver she 'll pursue his prat"""
2,1,5.0,t,"""Widow of Kentucky State Rep. Dan Johnson order she 'll pursue his tooshie"""
2,1,5.0,0,"""The wife of Kentucky State Rep. Dan Johnson , who killed himself on Wednesday amid a bombshell reputation 's accusations of sexual ravishment , announced Thursday that she would pursue her husband 's seat , saying "" his fight will go on . """
2,1,5.0,0,"""The wife of Kentucky State Rep. Dan Johnson , who killed himself on Wednesday amid a bombshell report 's accusations of sexual violation , announced Thursday that she would pursue her husband 's seat , saying "" his fight will run short on . """
2,1,5.0,0,"""The wife of Kentucky State Rep. Dan Johnson , who killed himself on Wednesday amid a bombshell report 's accusations of sexual assault , foretell Thursday that she would pursue her husband 's seat , saying "" his fight will croak on . """
2,1,5.0,0,"""The wife of Kentucky State Rep. Dan Johnson , who killed himself on Wednesday amid a bombshell theme 's accusations of sexual assault , announced Thursday that she would pursue her husband 's seat , saying "" his fight will go on . """
2,1,5.0,1,"""Dan Johnson , a preacher and a Republican , entrust suicide Wednesday on a bridge in Mt."""
2,1,5.0,1,"""Dan Johnson , a sermoniser and a Republican , committed suicide Wednesday on a bridge in Mt."""
2,1,5.0,1,"""Dan Johnson , a preacher and a Republican , institutionalize suicide Wednesday on a bridge deck in Mt."""
2,1,5.0,1,"""Dan Johnson , a sermoniser and a Republican , devote suicide Wednesday on a bridge in Mt."""
2,1,5.0,2,"""Washington , fit in to Bullitt County Sheriff Donnie Tinnell ."""
2,1,5.0,2,"""Washington , harmonize to Bullitt County Sheriff Donnie Tinnell ."""
2,1,5.0,2,"""Washington , grant to Bullitt County Sheriff Donnie Tinnell ."""
2,1,5.0,3,"""The medical examiner confirmed that Johnson died of a single gunshot wound to the head , and the weapon was found near the 57 - year - old 's body ."""
2,1,5.0,3,"""The coroner confirmed that Johnson snuff it of a single gunshot injury to the head , and the weapon was found near the 57 - year - old 's body ."""
2,1,5.0,3,"""The coroner confirmed that Johnson died of a single gunshot wound to the head , and the weapon was found near the 57 - year - old 's eubstance ."""
2,1,5.0,3,"""The medical examiner confirmed that Johnson died of a individual gunshot wound to the head , and the weapon was found near the 57 - year - old 's body ."""
2,1,5.0,4,"""The command from Johnson 's widow , Rebecca , said she was running for the emplacement because "" these high - tech lynchings based on lies and half - truths ca n't be allowed to win the day . """
2,1,5.0,4,"""The statement from Johnson 's widow woman , Rebecca , said she was running for the position because "" these high - tech lynchings based on lies and half - truths ca n't be allowed to win the day . """
2,1,5.0,4,"""The instruction from Johnson 's widow , Rebecca , said she was running for the position because "" these high - tech lynchings ground on lies and half - truths ca n't be allowed to win the day . """
2,1,5.0,4,"""The statement from Johnson 's widow , Rebecca , said she was running for the position because "" these high - tech lynching based on lies and half - truths ca n't be allowed to win the day . """
2,1,5.0,5,""" Dan is gone but the story of his biography is far from over , "" she pronounce ."""
2,1,5.0,5,""" Dan is belong but the story of his lifespan is far from over , "" she said ."""
2,1,5.0,5,""" Dan is hold up but the story of his biography is far from over , "" she said ."""
2,1,5.0,5,""" Dan is gone but the story of his liveliness is far from over , "" she allege ."""
2,1,5.0,6,"""His death occurred just mean solar day after the Kentucky Center for Investigative Reporting release a detailed set of allegations from a woman who claimed that Johnson sexually assaulted her when she was 17 ."""
2,1,5.0,6,"""His death occurred just days after the Kentucky Center for Investigative Reporting write a detailed hardening of allegations from a woman who claimed that Johnson sexually assaulted her when she was 17 ."""
2,1,5.0,6,"""His death occurred just days after the Kentucky Center for Investigative Reporting published a detailed Set of allegement from a woman who claimed that Johnson sexually assaulted her when she was 17 ."""
2,1,5.0,6,"""His death occurred just days after the Kentucky Center for Investigative Reporting bring out a detailed set of allegations from a woman who lay claim that Johnson sexually assaulted her when she was 17 ."""
2,1,5.0,7,"""The lawmaker denied the accusations on Tuesday , forebode them "" totally false . """
2,1,5.0,7,"""The lawmaker denied the charge on Tuesday , visit them "" totally false . """
2,1,5.0,7,"""The lawgiver denied the accusations on Tuesday , calling them "" totally false . """
2,1,5.0,7,"""The lawgiver refuse the accusations on Tuesday , calling them "" totally false . """
2,1,5.0,8,"""He say they were part of a nationwide strategy for defeating conservative Republicans , referencing claims also made against Republican Alabama Senate prospect Roy Moore ."""
2,1,5.0,8,"""He enunciate they were part of a nationwide strategy for shoot down conservative Republicans , referencing claims also made against Republican Alabama Senate candidate Roy Moore ."""
2,1,5.0,8,"""He said they were part of a nationwide strategy for vote down conservative Republicans , referencing call also made against Republican Alabama Senate candidate Roy Moore ."""
2,1,5.0,8,"""He said they were part of a nationwide strategy for defeating conservative Republicans , referencing claims also work against Republican Alabama Senate prospect Roy Moore ."""
2,1,5.0,9,"""But the next day , Johnson posted an ominous message on his Facebook page , part of which prompted his family to describe him missing , the sheriff said Thursday ."""
2,1,5.0,9,"""But the next day , Johnson posted an ominous message on his Facebook page , part of which prompted his family to cover him missing , the sheriff said Thursday ."""
2,1,5.0,9,"""But the next day , Johnson posted an ominous message on his Facebook page , section of which prompted his family to report him missing , the sheriff allege Thursday ."""
2,1,5.0,9,"""But the next day , Johnson brand an ominous message on his Facebook page , part of which inspire his family to report him missing , the sheriff said Thursday ."""
2,1,5.0,10,"""In the post , he asked for people to take forethought of his married woman and wrote that post - traumatic stress disorder "" is a sickness that will take my life , I can not handle it any longer ."""
2,1,5.0,10,"""In the post , he asked for people to convey care of his wife and wrote that post - traumatic stress upset "" is a sickness that will convey my life , I can not handle it any longer ."""
2,1,5.0,10,"""In the mail service , he call for for people to take care of his wife and wrote that mail service - traumatic stress disorder "" is a sickness that will take my life , I can not handle it any longer ."""
2,1,5.0,10,"""In the post , he asked for citizenry to take care of his wife and wrote that post - traumatic stress disorder "" is a sickness that will take my life , I can not wield it any longer ."""
2,1,5.0,11,"""It has gain this lifespan , BUT HEAVEN IS MY HOME . """
2,1,5.0,11,"""It has pull ahead this life , BUT HEAVEN IS MY home base . """
2,1,5.0,11,"""It has won this biography , BUT HEAVEN IS MY dwelling house . """
2,1,5.0,11,"""It has get ahead this life , BUT HEAVEN IS MY base . """
2,1,5.0,12,"""The Wiley Post come out to have been removed ."""
2,1,5.0,12,"""The military post appears to have been polish off ."""
2,1,5.0,12,"""The station come out to have been removed ."""
2,1,5.0,12,"""The C. W. Post appears to have been dispatch ."""
2,1,5.0,13,"""The woman who clear the accusal against Dan Johnson , Maranda Richmond , said she attended a New Year 's Eve party at his house in 2012 ."""
2,1,5.0,13,"""The woman who work the accusations against Dan Johnson , Maranda Richmond , read she attended a New Year 's Eve party at his house in 2012 ."""
2,1,5.0,13,"""The woman who name the accusations against Dan Johnson , Maranda Richmond , said she attended a New Year 's Eve company at his house in 2012 ."""
2,1,5.0,13,"""The char who made the accusations against Dan Johnson , Maranda Richmond , said she wait on a New Year 's Eve party at his house in 2012 ."""
2,1,5.0,14,"""She reportedly fell asleep on the couch , and in the early hr of Jan. 1 , 2013 , claimed she woke up to him kneeling over her and alleged he ravish her ."""
2,1,5.0,14,"""She reportedly fell asleep on the couch , and in the early hours of Jan. 1 , 2013 , take she woke up to him kneeling over her and alleged he snipe her ."""
2,1,5.0,14,"""She reportedly fell asleep on the couch , and in the early time of day of Jan. 1 , 2013 , claimed she woke up to him kneeling over her and say he assaulted her ."""
2,1,5.0,14,"""She reportedly precipitate asleep on the couch , and in the early 60 minutes of Jan. 1 , 2013 , claimed she woke up to him kneeling over her and alleged he assaulted her ."""
2,1,5.0,15,"""Richmond said that she reported the sequence but Louisville police closed the slip without charges ."""
2,1,5.0,15,"""Richmond said that she reported the episode but Louisville police shut down the cause without charges ."""
2,1,5.0,15,"""Richmond said that she reported the episode but Louisville police fill up the instance without charges ."""
2,1,5.0,15,"""Richmond said that she reported the episode but Louisville law closed the display case without charges ."""
2,1,5.0,16,"""The slip has since been reopen ."""
2,1,5.0,16,"""The casing has since been reopen ."""
2,1,5.0,16,"""The lawsuit has since been reopen ."""
2,1,5.0,17,"""Johnson was elected to the State Legislature in 2016 , character of a wave of Republican victories that gave the GOP control of the Kentucky House of Representatives for the first fourth dimension in nearly 100 years ."""
2,1,5.0,17,"""Johnson was elected to the State Legislature in 2016 , part of a wave of Republican victories that gave the GOP ascendance of the Kentucky House of Representatives for the first time in nearly 100 age ."""
2,1,5.0,17,"""Johnson was elected to the State Legislature in 2016 , part of a wave of Republican victory that gave the GOP control of the Kentucky House of Representatives for the first time in nearly 100 year ."""
2,1,5.0,17,"""Johnson was elect to the State Legislature in 2016 , part of a wave of Republican victory that gave the GOP control of the Kentucky House of Representatives for the first time in nearly 100 years ."""
2,1,5.0,18,"""The minister of religion of Heart of Fire church in Louisville , Johnson sponsored a number of bills imply religious liberty and teaching the Bible in public schools ."""
2,1,5.0,18,"""The pastor of Heart of Fire church in Louisville , Johnson sponsored a telephone number of bills involving religious liberty and teaching the Bible in public schools ."""
2,1,5.0,18,"""The minister of religion of Heart of Fire church service in Louisville , Johnson sponsored a number of bills involving religious liberty and teaching the Bible in public schools ."""
2,1,5.0,18,"""The pastor of Heart of Fire church in Louisville , Johnson sponsored a number of bills involving religious liberty and teach the Bible in public schooling ."""
2,1,5.0,19,"""But he was mostly out of the spotlight until the investigative story damp ."""
2,1,5.0,19,"""But he was mostly out of the spot until the investigative story broke ."""
2,1,5.0,19,"""But he was mostly out of the limelight until the investigative story bust ."""
2,1,5.0,19,"""But he was mostly out of the public eye until the investigative story broke ."""
1,1,6.0,t,"""Widow of Kentucky state rep Dan Johnson be after to run for his prat"""
1,1,6.0,t,"""Widow of Kentucky Department of State rep Dan Johnson project to run for his seat"""
1,1,6.0,t,"""Widow of Kentucky State Department rep Dan Johnson plans to persist for his seat"""
1,1,6.0,t,"""Widow of Kentucky state rep Dan Johnson contrive to run for his arse"""
1,1,6.0,0,""" Dan is gone , "" allege Rebecca Johnson , wife of deceased Kentucky state rep Dan Johnson , "" but the tale of his life is far from over . """
1,1,6.0,0,""" Dan is gone , "" says Rebecca Johnson , wife of deceased Kentucky state rep Dan Johnson , "" but the fib of his lifespan is far from over . """
1,1,6.0,0,""" Dan is gone , "" says Rebecca Johnson , married woman of deceased Kentucky state rep Dan Johnson , "" but the story of his life is far from over . """
1,1,6.0,0,""" Dan is gone , "" says Rebecca Johnson , wife of deceased Kentucky DoS rep Dan Johnson , "" but the story of his life is far from over . """
1,1,6.0,1,"""Rep. Dan Johnson acquire his life on a bridge circuit in Mt."""
1,1,6.0,1,"""Rep. Dan Johnson look at his life on a bridge circuit in Mt."""
1,1,6.0,1,"""Rep. Dan Johnson look at his sprightliness on a bridge in Mt."""
1,1,6.0,1,"""Rep. Dan Johnson ingest his life on a bridgework in Mt."""
1,1,6.0,2,"Washington, Kentucky on Wednesday."
1,1,6.0,3,"""Now , according to WRAL , his widow plans to feed for the office he resign with a handgun ."""
1,1,6.0,3,"""Now , according to WRAL , his widow plans to extend for the office he vacated with a pistol ."""
1,1,6.0,3,"""Now , according to WRAL , his widow project to guide for the office he vacated with a handgun ."""
1,1,6.0,3,"""Now , according to WRAL , his widow design to be given for the office he vacated with a handgun ."""
1,1,6.0,4,"""RELATED : An investigating into a state lawmaker accused of child molestation has stop with a single gunshot"""
1,1,6.0,4,"""pertain : An investigation into a state lawmaker accused of child molestation has terminate with a single gunshot"""
1,1,6.0,4,"""RELATED : An probe into a state lawmaker accused of child molestation has ended with a unmarried gunshot"""
1,1,6.0,4,"""RELATED : An investigation into a United States Department of State lawmaker accused of child molestation has ended with a individual gunshot"""
1,1,6.0,5,"""Johnson stood accused of molestation of a 17 - twelvemonth - old girl in an apartment underneath the Heart of Fire City Church 's Fellowship Hall on New Year 's Eve 2012 ."""
1,1,6.0,5,"""Johnson fend accused of molestation of a 17 - year - old girl in an flat underneath the Heart of Fire City Church 's Fellowship Hall on New Year 's Eve 2012 ."""
1,1,6.0,5,"""Johnson stood accused of molestation of a 17 - year - old girl in an flat underneath the Heart of Fire City Church 's Fellowship Hall on New Year 's Eve 2012 ."""
1,1,6.0,5,"""Johnson brook criminate of molestation of a 17 - year - old girl in an apartment underneath the Heart of Fire City Church 's Fellowship Hall on New Year 's Eve 2012 ."""
1,1,6.0,6,"""An probe by the Kentucky Center for Investigative Reporting found that a face to the allegations was closed ."""
1,1,6.0,6,"""An investigation by the Kentucky Center for Investigative Reporting regain that a case to the allegement was closed ."""
1,1,6.0,6,"""An probe by the Kentucky Center for Investigative Reporting receive that a case to the allegations was closed ."""
1,1,6.0,6,"""An probe by the Kentucky Center for Investigative Reporting found that a case to the allegement was closed ."""
1,1,6.0,7,"""Following their report and an on - the - record interview with alleged victim Maranda Richmond , who is now 21 , police force reopen the case ."""
1,1,6.0,7,"""Following their story and an on - the - record interview with alleged victim Maranda Richmond , who is now 21 , police reopened the sheath ."""
1,1,6.0,7,"""Following their report and an on - the - record consultation with alleged dupe Maranda Richmond , who is now 21 , police reopened the case ."""
1,1,6.0,7,"""Following their report and an on - the - record consultation with allege victim Maranda Richmond , who is now 21 , police reopened the case ."""
1,1,6.0,8,"""No rush were filed before Johnson lease his life ."""
1,1,6.0,8,"""No charges were filed before Johnson accept his life sentence ."""
1,1,6.0,8,"""No commission were file away before Johnson took his life ."""
1,1,6.0,8,"""No charges were lodge before Johnson took his aliveness ."""
1,1,6.0,9,""" These high - tech lynchings based on lies and half - truth ca n't be take into account to win the day , "" said Rebecca Johnson , who stood by her husband 's side as he dismissed the molestation allegations in a press conference on Tuesday ."""
1,1,6.0,9,""" These high - tech lynchings based on lies and half - accuracy ca n't be allowed to win the day , "" said Rebecca Johnson , who stood by her husband 's side as he dismissed the molestation allegations in a closet conference on Tuesday ."""
1,1,6.0,9,""" These high - tech lynchings based on lies and half - truths ca n't be set aside to win the day , "" said Rebecca Johnson , who stood by her married man 's side as he dismissed the molestation allegations in a press conference on Tuesday ."""
1,1,6.0,9,""" These high - technical school lynchings based on lies and half - truths ca n't be allowed to win the day , "" said Rebecca Johnson , who stood by her husband 's side as he dismissed the molestation allegations in a jam conference on Tuesday ."""
1,1,6.0,10,"""That press conference saw Rep. Johnson enounce he was "" mad as can be "" about the billing , which he said were made into "" political stones and political rocks . """
1,1,6.0,10,"""That press conference control Rep. Johnson say he was "" mad as can be "" about the charges , which he said were pretend into "" political stones and political rocks . """
1,1,6.0,10,"""That press league saw Rep. Johnson say he was "" mad as can be "" about the charges , which he said were made into "" political stones and political rock'n'roll . """
1,1,6.0,10,"""That imperativeness conference envision Rep. Johnson say he was "" mad as can be "" about the charges , which he said were made into "" political stones and political rocks . """
1,1,6.0,11,"""He sound out the allegations against him were "" something that 's totally false . """
1,1,6.0,11,"""He state the allegations against him were "" something that 's totally false . """
1,1,6.0,11,"""He said the allegation against him were "" something that 's totally false . """
1,1,6.0,11,"""He said the allegement against him were "" something that 's totally false . """
1,1,6.0,12,"""Rebecca Johnson says she has stood by her husband 's English for 30 years and project to continue his "" fight . """
1,1,6.0,12,"""Rebecca Johnson says she has stood by her husband 's face for 30 years and plans to keep his "" fight . """
1,1,6.0,12,"""Rebecca Johnson says she has stood by her husband 's incline for 30 years and contrive to continue his "" fight . """
1,1,6.0,12,"""Rebecca Johnson says she has digest by her husband 's face for 30 years and plans to continue his "" fight . """
1,1,6.0,13,"""In expressing their commiseration , Louisville Public Media , which oversees the Kentucky Center for Investigative Reporting , says they contacted Johnson several times in the course of writing their story , which called Johnson 's life a "" long hustle "" and a"""
1,1,6.0,13,"""In expressing their condolence , Louisville Public Media , which oversees the Kentucky Center for Investigative Reporting , says they get through Johnson several times in the course of writing their story , which called Johnson 's life a "" long con "" and a"""
1,1,6.0,13,"""In expressing their condolences , Louisville Public Media , which oversees the Kentucky Center for Investigative Reporting , articulate they contact Johnson several times in the course of writing their story , which called Johnson 's life a "" long con "" and a"""
1,1,6.0,13,"""In expressing their condolences , Louisville Public Media , which oversees the Kentucky Center for Investigative Reporting , says they contacted Johnson several times in the course of writing their story , which yell Johnson 's life a "" long yard bird "" and a"""
1,1,6.0,14,"""They say they did not receive a reply , but bestow :"""
1,1,6.0,14,"""They say they did not pick up a answer , but added :"""
1,1,6.0,14,"""They state they did not receive a reaction , but added :"""
1,1,6.0,14,"""They say they did not receive a answer , but lend :"""
1,1,6.0,15,"""All of us at Louisville Public Media are deeply sad to discover that State Representative Dan Johnson has died , apparently of suicide ."""
1,1,6.0,15,"""All of us at Louisville Public Media are deeply sad to hear that State Representative Dan Johnson has died , apparently of suicide ."""
1,1,6.0,15,"""All of us at Louisville Public Media are deeply sad to discover that State Representative Dan Johnson has buy the farm , apparently of suicide ."""
1,1,6.0,15,"""All of us at Louisville Public Media are deeply sad to hear that State Representative Dan Johnson has die , apparently of suicide ."""
1,1,6.0,16,"""We grieve for his crime syndicate , friends , church biotic community and constituents ."""
1,1,6.0,16,"""We grieve for his household , friends , church community and element ."""
1,1,6.0,16,"""We grieve for his family , Quaker , church biotic community and constituents ."""
1,1,6.0,16,"""We aggrieve for his kin , friends , church community and constituents ."""
1,1,6.0,17,"""Our Kentucky Center for Investigative Reporting give up a report on Johnson this workweek ."""
1,1,6.0,17,"""Our Kentucky Center for Investigative Reporting bring out a report on Johnson this calendar week ."""
1,1,6.0,17,"""Our Kentucky Center for Investigative Reporting released a news report on Johnson this calendar week ."""
1,1,6.0,17,"""Our Kentucky Center for Investigative Reporting let go of a news report on Johnson this week ."""
1,1,6.0,18,"""Our aim , as always , is to provide the public with fact - based , un3 reporting and bind public officials accountable for their actions ."""
1,1,6.0,18,"""Our aim , as always , is to provide the public with fact - based , un3 reporting and accommodate public officials accountable for their actions ."""
1,1,6.0,18,"""Our aim , as always , is to provide the world with fact - based , un3 reporting and hold world officials accountable for their activeness ."""
1,1,6.0,18,"""Our heading , as always , is to provide the public with fact - based , un3 reportage and hold public officials accountable for their actions ."""
1,1,6.0,19,"""As part of our process , we reached out to Representative Johnson numerous times over the track of a seven - month investigation ."""
1,1,6.0,19,"""As part of our process , we reached out to Representative Johnson numerous times over the course of a seven - calendar month investigation ."""
1,1,6.0,19,"""As part of our process , we reached out to Representative Johnson numerous prison term over the course of a seven - month investigating ."""
1,1,6.0,19,"""As part of our process , we reached out to Representative Johnson numerous time over the course of a seven - calendar month investigation ."""
2,1,7.0,t,"""Wife to run for seat of Kentucky lawgiver who obliterate self"""
2,1,7.0,t,"""Wife to hightail it for posterior of Kentucky lawmaker who killed self"""
2,1,7.0,t,"""married woman to run for seat of Kentucky lawgiver who killed self"""
2,1,7.0,t,"""Wife to campaign for seat of Kentucky lawmaker who obliterate self"""
2,1,7.0,0,"""The widow of the Kentucky lawmaker who killed himself after a sexual assault allegation surfaced this week said she will run for his seat because he was pushed to suicide by ' high - technical school lynching crime syndicate ' ."""
2,1,7.0,0,"""The widow of the Kentucky lawmaker who killed himself after a sexual assault allegation surfaced this week said she will run for his seat because he was press to suicide by ' high - technical school lynching mobs ' ."""
2,1,7.0,0,"""The widow of the Kentucky lawmaker who killed himself after a sexual Assault allegation surfaced this workweek said she will run for his seat because he was pushed to suicide by ' high - tech lynching mobs ' ."""
2,1,7.0,0,"""The widow of the Kentucky lawmaker who killed himself after a sexual assault allegement surfaced this week said she will run for his seat because he was pushed to suicide by ' high - tech lynching mobs ' ."""
2,1,7.0,1,"""In a command on Thursday , the day after Dan Johnson 's suicide , Rebecca Johnson said she has been fighting behind her husband for 30 geezerhood and ' his fight will go on . '"""
2,1,7.0,1,"""In a statement on Thursday , the day after Dan Johnson 's suicide , Rebecca Johnson say she has been struggle behind her husband for 30 years and ' his fight will go on . '"""
2,1,7.0,1,"""In a program line on Thursday , the day after Dan Johnson 's suicide , Rebecca Johnson said she has been fighting behind her husband for 30 years and ' his fight will break on . '"""
2,1,7.0,1,"""In a financial statement on Thursday , the day after Dan Johnson 's suicide , Rebecca Johnson enjoin she has been fighting behind her husband for 30 years and ' his fight will go on . '"""
2,1,7.0,2,"""' Dan is gone but the narration of his life is far from over , ' she enounce ."""
2,1,7.0,2,"""' Dan is kick the bucket but the story of his sprightliness is far from over , ' she said ."""
2,1,7.0,2,"""' Dan is gone but the write up of his animation is far from over , ' she said ."""
2,1,7.0,2,"""' Dan is gone but the floor of his life history is far from over , ' she said ."""
2,1,7.0,3,"""' These high - tech lynchings establish on lies and half - true statement ca n't be allowed to win the day . '"""
2,1,7.0,3,"""' These high - tech lynchings based on lies and half - truth ca n't be allowed to win the day . '"""
2,1,7.0,3,"""' These high - tech lynching based on lies and half - truths ca n't be give up to win the day . '"""
2,1,7.0,3,"""' These high - tech lynching based on lies and half - truth ca n't be allowed to win the day . '"""
2,1,7.0,4,"""Johnson , who is best known for a racist commentary likening Barack and Michelle Obama to monkeys , shot himself Wednesday Nox near a road in a secluded area ."""
2,1,7.0,4,"""Johnson , who is best known for a racist comment likening Barack and Michelle Obama to imp , shot himself Wednesday night near a road in a secluded area ."""
2,1,7.0,4,"""Johnson , who is best make out for a racist scuttlebutt likening Barack and Michelle Obama to monkeys , shot himself Wednesday night near a road in a secluded area ."""
2,1,7.0,4,"""Johnson , who is best have sex for a racist gossip likening Barack and Michelle Obama to monkeys , shot himself Wednesday night near a road in a secluded area ."""
2,1,7.0,5,"""Two days earlier , the Kentucky Center for Investigative Reporting write a story detailing allegations that he sexually assaulted a 17 - class - old girl in his basement in 2013 ."""
2,1,7.0,5,"""Two sidereal day earlier , the Kentucky Center for Investigative Reporting published a story detailing allegations that he sexually assaulted a 17 - year - old girl in his basement in 2013 ."""
2,1,7.0,5,"""Two days earlier , the Kentucky Center for Investigative Reporting print a story detailing allegations that he sexually assaulted a 17 - year - old girl in his cellar in 2013 ."""
2,1,7.0,5,"""Two mean solar day earlier , the Kentucky Center for Investigative Reporting published a story detail allegations that he sexually assaulted a 17 - year - old girl in his basement in 2013 ."""
2,1,7.0,6,"""On Monday the newspaper published a graphic account quoting Maranda Richmond as saying that Johnson had sexually assaulted her in his cellar on January 1 , 2013 ."""
2,1,7.0,6,"""On Monday the paper published a graphic account quote Maranda Richmond as saying that Johnson had sexually assail her in his basement on January 1 , 2013 ."""
2,1,7.0,6,"""On Monday the paper published a graphical account cite Maranda Richmond as saying that Johnson had sexually assaulted her in his basement on January 1 , 2013 ."""
2,1,7.0,6,"""On Monday the paper published a graphical story quoting Maranda Richmond as saying that Johnson had sexually assaulted her in his basement on January 1 , 2013 ."""
2,1,7.0,7,"""accord to court text file , Richmond was living at Heart of Fire City Church accommodations ."""
2,1,7.0,7,"""According to lawcourt documents , Richmond was dwell at Heart of Fire City Church accommodations ."""
2,1,7.0,7,"""According to court papers , Richmond was survive at Heart of Fire City Church accommodations ."""
2,1,7.0,7,"""fit in to court documents , Richmond was living at Heart of Fire City Church fitting ."""
2,1,7.0,8,"""Richmond enunciate the married lawmaker groped her and stuck his tongue in her mouth , then put his hand down her gasp and slipped it inside her vagina ."""
2,1,7.0,8,"""Richmond said the married lawmaker groped her and stuck his tongue in her mouth , then lay his paw down her pants and slipped it inside her vagina ."""
2,1,7.0,8,"""Richmond said the married lawmaker groped her and stuck his tongue in her mouth , then put his hand down her gasp and slipped it inside her vagina ."""
2,1,7.0,8,"""Richmond said the married lawgiver groped her and stuck his tongue in her mouth , then put his hand down her pants and steal it inside her vagina ."""
2,1,7.0,9,"""She said she solicit him to stop , but Johnson kept secern her she would like it ."""
2,1,7.0,9,"""She suppose she begged him to stop , but Johnson kept telling her she would care it ."""
2,1,7.0,9,"""She said she solicit him to stop , but Johnson prevent telling her she would like it ."""
2,1,7.0,9,"""She enounce she begged him to stop , but Johnson keep telling her she would like it ."""
2,1,7.0,10,"""Eventually , he left and she drop away away early that morn before he woke up ."""
2,1,7.0,10,"""Eventually , he left and she slipped away early that morning time before he waken up ."""
2,1,7.0,10,"""Eventually , he left and she steal away early that morning before he stir up up ."""
2,1,7.0,10,"""Eventually , he left and she slipped away early that break of the day before he fire up up ."""
2,1,7.0,11,"""Richmond live to the law ."""
2,1,7.0,11,"""Richmond lead to the police force ."""
2,1,7.0,11,"""Richmond decease to the law ."""
2,1,7.0,11,"""Richmond move to the constabulary ."""
2,1,7.0,12,"""Records bear witness tec with the Louisville Metro Police Department recorded a phone call between Johnson and Richmond 's father , Clifford , in which Johnson said he ' could n't imagine doing that to Maranda . '"""
2,1,7.0,12,"""Records show detective with the Louisville Metro Police Department recorded a phone song between Johnson and Richmond 's father , Clifford , in which Johnson said he ' could n't imagine doing that to Maranda . '"""
2,1,7.0,12,"""Records show tec with the Louisville Metro Police Department recorded a phone birdsong between Johnson and Richmond 's father , Clifford , in which Johnson said he ' could n't imagine doing that to Maranda . '"""
2,1,7.0,12,"""Records show investigators with the Louisville Metro Police Department recorded a headphone call between Johnson and Richmond 's father , Clifford , in which Johnson said he ' could n't guess doing that to Maranda . '"""
2,1,7.0,13,"""Police documents incur by the Kentucky Center for Investigative Reporting show a investigator closed the case because Richmond would not cooperate ."""
2,1,7.0,13,"""law documents obtained by the Kentucky Center for Investigative Reporting show a police detective closed the case because Richmond would not cooperate ."""
2,1,7.0,13,"""Police documents obtain by the Kentucky Center for Investigative Reporting evidence a detective closed the case because Richmond would not cooperate ."""
2,1,7.0,13,"""Police written document obtained by the Kentucky Center for Investigative Reporting exhibit a detective closed the case because Richmond would not cooperate ."""
2,1,7.0,14,"""Richmond deny this , saying she never once wanted to stop the investigating ."""
2,1,7.0,14,"""Richmond traverse this , suppose she never once wanted to stop the investigation ."""
2,1,7.0,14,"""Richmond denied this , saying she never once want to discontinue the investigation ."""
2,1,7.0,14,"""Richmond denied this , pronounce she never once wanted to stop the probe ."""
2,1,7.0,15,"""Richmond was champion with Johnson 's daughter , Sarah , and a member of the church where he was the rector ."""
2,1,7.0,15,"""Richmond was Friend with Johnson 's girl , Sarah , and a member of the church where he was the pastor ."""
2,1,7.0,15,"""Richmond was friends with Johnson 's girl , Sarah , and a member of the church service where he was the pastor ."""
2,1,7.0,15,"""Richmond was friends with Johnson 's girl , Sarah , and a phallus of the church where he was the pastor ."""
2,1,7.0,16,"""The story prompted state leaders of both major political parties to call for his surrender , and authority reopened the investigation that had been closed without charges ."""
2,1,7.0,16,"""The narrative prompted state leaders of both major political political party to call for his resignation , and authorities reopened the investigation that had been closed without charges ."""
2,1,7.0,16,"""The story prompted state leaders of both major political parties to holler for his resignation , and authorities reopened the investigation that had been closed without charges ."""
2,1,7.0,16,"""The story prompted state leaders of both major political political party to hollo for his resignation , and authorities reopened the investigation that had been closed without charges ."""
2,1,7.0,17,"""The accusations came amid a sexual torment scandal involving other Republican lawmakers at the state Capitol ."""
2,1,7.0,17,"""The accusations came amid a sexual harassment scandal involving other Republican lawgiver at the state Capitol ."""
2,1,7.0,17,"""The accusations came amid a sexual molestation dirt involving other Republican lawmakers at the state Capitol ."""
2,1,7.0,17,"""The accusation came amid a sexual harassment scandal involving other Republican lawmakers at the res publica Capitol ."""
2,1,7.0,18,"""Nationwide , a growing number of celebrities , politico and businessmen have been accused of sexual misconduct in recent months , leading many to lose their jobs or resign ."""
2,1,7.0,18,"""Nationwide , a produce number of celebrities , politicians and businessmen have been accused of sexual misconduct in recent months , leading many to lose their occupation or resign ."""
2,1,7.0,18,"""Nationwide , a growing number of celebrities , politicians and businessmen have been accused of sexual misconduct in recent months , contribute many to lose their jobs or resign ."""
2,1,7.0,18,"""Nationwide , a growing number of celebrities , politicians and businessmen have been accused of sexual wrongful conduct in recent months , moderate many to lose their jobs or resign ."""
2,1,7.0,19,"""Johnson , who pastors a church in Louisville and has at times been called ' the pope ' , held a news conference from his rostrum on Tuesday , defiantly denying the allegations ."""
2,1,7.0,19,"""Johnson , who pastors a church in Louisville and has at times been called ' the Pope ' , held a news conference from his dais on Tuesday , defiantly denying the allegations ."""
2,1,7.0,19,"""Johnson , who pastors a church in Louisville and has at time been telephone ' the pope ' , held a news conference from his pulpit on Tuesday , defiantly denying the allegations ."""
2,1,7.0,19,"""Johnson , who pastors a church in Louisville and has at times been holler ' the pope ' , held a intelligence conference from his pulpit on Tuesday , defiantly denying the allegations ."""
1,1,8.0,t,"""Kentucky rep , gun - sum up preacher commits suicide amid sexual assault accusations"""
1,1,8.0,t,"""Kentucky rep , gun - tug preacher commits suicide amid sexual assault accusations"""
1,1,8.0,t,"""Kentucky rep , gun - toting preacher commits suicide amid sexual assault accusal"""
1,1,8.0,t,"""Kentucky rep , gun - toting preacher commits suicide amid sexual ravishment accusations"""
1,1,8.0,0,"""Kentucky country Rep. Dan Johnson , who had built a reputation for himself as a gun - toting , motorcycle - depend on preacher , committed suicide on Wednesday following allegations that he molested an underage girl and other crimes ."""
1,1,8.0,0,"""Kentucky state Rep. Dan Johnson , who had build up a reputation for himself as a gun - toting , motorcycle - riding preacher , committed suicide on Wednesday following allegations that he molested an nonaged girl and other crimes ."""
1,1,8.0,0,"""Kentucky commonwealth Rep. Dan Johnson , who had built a report for himself as a gun - toting , motorcycle - riding preacher , committed suicide on Wednesday following allegations that he molested an underage girl and other crimes ."""
1,1,8.0,0,"""Kentucky state Rep. Dan Johnson , who had built a reputation for himself as a gun - toting , bike - riding preacher , committed suicide on Wednesday following allegations that he molested an underage girlfriend and other crimes ."""
1,1,8.0,1,"""Details of Johnson 's alleged misbehavior were uncovered by the Kentucky Center for Investigative Reporting , a Louisville - based news media non - profit , in an expos챕 call The Pope 's Long Con ."""
1,1,8.0,1,"""Details of Johnson 's alleged misdeed were uncovered by the Kentucky Center for Investigative Reporting , a Louisville - based journalism non - profit , in an expos챕 address The Pope 's Long Con ."""
1,1,8.0,1,"""item of Johnson 's alleged misbehavior were uncovered by the Kentucky Center for Investigative Reporting , a Louisville - based journalism non - profit , in an expos챕 prognosticate The Pope 's Long Con ."""
1,1,8.0,1,"""Details of Johnson 's alleged misbehaviour were uncovered by the Kentucky Center for Investigative Reporting , a Louisville - based journalism non - profit , in an expos챕 hollo The Pope 's Long Con ."""
1,1,8.0,2,"""The report detail Johnson as embroiled in a World Wide Web of lies and deceit and described his role in a mysterious fire and the sexual misconduct ."""
1,1,8.0,2,"""The report detailed Johnson as embroiled in a web of lies and misrepresentation and described his role in a mysterious fire and the sexual misconduct ."""
1,1,8.0,2,"""The written report detailed Johnson as embroiled in a vane of lies and deceit and described his role in a mysterious fire and the sexual misconduct ."""
1,1,8.0,2,"""The report detailed Johnson as embroiled in a web of lies and deceit and distinguish his role in a mysterious fire and the sexual wrongdoing ."""
1,1,8.0,3,"""According to the report , Johnson allegedly beset a 17 - year - old girl staying at a populate area of the Heart of Fire City Church where he was a pastor ."""
1,1,8.0,3,"""According to the report , Johnson allegedly chivvy a 17 - year - old girl staying at a living area of the Heart of Fire City Church where he was a parson ."""
1,1,8.0,3,"""allot to the report , Johnson allegedly molested a 17 - twelvemonth - old girl staying at a living area of the Heart of Fire City Church where he was a pastor ."""
1,1,8.0,3,"""According to the report , Johnson allegedly molest a 17 - year - old girl staying at a living area of the Heart of Fire City Church where he was a pastor ."""
1,1,8.0,4,"""The teen evidence authorities that he approached her on New Year 's Eve in 2012 while she kip ."""
1,1,8.0,4,"""The stripling told sureness that he approached her on New Year 's Eve in 2012 while she slept ."""
1,1,8.0,4,"""The teen told authority that he approached her on New Year 's Eve in 2012 while she sleep ."""
1,1,8.0,4,"""The teen told assurance that he approached her on New Year 's Eve in 2012 while she log Z's ."""
1,1,8.0,5,"""He was intoxicated , started to kiss her and fondled her under her wearing apparel ."""
1,1,8.0,5,"""He was inebriated , bulge out to kiss her and fondled her under her clothes ."""
1,1,8.0,5,"""He was drunk , started to kiss her and fondle her under her dress ."""
1,1,8.0,5,"""He was intoxicated , started to kiss her and fondled her under her dress ."""
1,1,8.0,6,"""Although police did not charge him with a criminal offense after the stripling reported it in 2013 , they re - opened an investigation into the matter on Tuesday ."""
1,1,8.0,6,"""Although police did not charge him with a criminal offense after the teen cover it in 2013 , they re - opened an investigation into the matter on Tuesday ."""
1,1,8.0,6,"""Although police did not tear him with a crime after the teen cover it in 2013 , they re - opened an investigation into the matter on Tuesday ."""
1,1,8.0,7,"""Following the news , the Republican Party of Kentucky and leader of the House Republican Caucus shout out for Johnson to resign ."""
1,1,8.0,7,"""Following the news program , the Republican Party of Kentucky and loss leader of the House Republican Caucus called for Johnson to resign ."""
1,1,8.0,7,"""Following the news show , the Republican Party of Kentucky and leaders of the House Republican Caucus called for Johnson to leave office ."""
1,1,8.0,7,"""abide by the news , the Republican Party of Kentucky and leaders of the House Republican Caucus predict for Johnson to resign ."""
1,1,8.0,8,"""Despite the calls , Johnson held a press conference where he refused to tread down and then dismissed the report as "" fake news "" in a suicide note posted to Facebook ."""
1,1,8.0,8,"""Despite the calls , Johnson held a press conference where he refused to abuse down and then dismissed the composition as "" fake news "" in a suicide note posted to Facebook ."""
1,1,8.0,8,"""Despite the calls , Johnson held a press group discussion where he refused to step down and then dismissed the study as "" fake news "" in a suicide note posted to Facebook ."""
1,1,8.0,8,"""Despite the calls , Johnson held a press league where he refused to step down and then dismissed the story as "" fake news "" in a suicide note posted to Facebook ."""
1,1,8.0,9,"""surrogate with the Bullitt County Sheriff 's Office found Johnson 's body in front of his car on the bridge where he had shoot down himself ."""
1,1,8.0,9,"""Deputies with the Bullitt County Sheriff 's Office found Johnson 's organic structure in front of his car on the bridge circuit where he had killed himself ."""
1,1,8.0,9,"""Deputies with the Bullitt County Sheriff 's Office receive Johnson 's consistency in front of his car on the bridge where he had killed himself ."""
1,1,8.0,9,"""Deputies with the Bullitt County Sheriff 's Office line up Johnson 's eubstance in front of his car on the bridge where he had killed himself ."""
1,1,8.0,10,"""The county coroner find out Johnson died of a self - inflicted gunshot wound to the psyche ."""
1,1,8.0,10,"""The county coroner settle Johnson choke of a self - inflicted gunshot wound to the head ."""
1,1,8.0,10,"""The county coroner determined Johnson died of a self - inflicted gunshot wound to the school principal ."""
1,1,8.0,10,"""The county coroner determined Johnson died of a ego - inflicted gunshot injury to the head ."""
1,1,8.0,11,"""The news report raised doubt about Johnson 's personal history such as text file claiming he performed miracles on mission trips , set up safe geographical zone during the 1992 LA riots , served as chaplain in the White House under Presidents Bill Clinton and Geor"""
1,1,8.0,11,"""The news report raised doubt about Johnson 's personal history such as documents claiming he performed miracle on mission trips , set up safe zones during the 1992 LA riots , served as chaplain in the White House under Presidents Bill Clinton and Geor"""
1,1,8.0,11,"""The news report raised doubt about Johnson 's personal history such as documents claiming he performed miracles on mission trips , set up safe zones during the 1992 LA riots , serve well as chaplain in the White House under Presidents Bill Clinton and Geor"""
1,1,8.0,11,"""The newsworthiness report raised doubt about Johnson 's personal history such as documents claiming he performed miracles on missionary work trips , set up safe zones during the 1992 LA riots , served as chaplain in the White House under Presidents Bill Clinton and Geor"""
1,1,8.0,12,"""He boasted about these acts during his campaign last year , but no record or person could substantiate his tarradiddle ."""
1,1,8.0,12,"""He boasted about these acts during his campaign last year , but no record book or individual could corroborate his story ."""
1,1,8.0,12,"""He boasted about these acts during his hunting expedition last year , but no record or individual could corroborate his story ."""
1,1,8.0,12,"""He boasted about these acts during his military campaign last year , but no record or person could confirm his story ."""
1,1,8.0,13,"""The report also spew doubt on Johnson 's claim that he witnessed the 9/11 attacks in New York , served as a clergy following the chaos and set up morgues in the detritus ."""
1,1,8.0,13,"""The report also cast doubt on Johnson 's claim that he witnessed the 9/11 onrush in New York , served as a clergy following the chaos and set up dead room in the rubble ."""
1,1,8.0,13,"""The report also cast doubt on Johnson 's claim that he witnessed the 9/11 attacks in New York , serve as a clergy take after the chaos and set up morgues in the rubble ."""
1,1,8.0,13,"""The paper also cast doubt on Johnson 's claim that he witnessed the 9/11 attacks in New York , served as a clergy adopt the chaos and set up morgues in the rubble ."""
1,1,8.0,14,"""To support his story , Johnson shared an image of him present with then Mayor Rudy Giuliani at ground zero and state records heel him as receiving New York workers ' compensation ."""
1,1,8.0,14,"""To support his story , Johnson shared an image of him posing with then Mayor Rudy Giuliani at primer zero and state records listing him as receive New York workers ' compensation ."""
1,1,8.0,14,"""To bear his story , Johnson shared an image of him posing with then Mayor Rudy Giuliani at ground zero and state records listing him as obtain New York workers ' compensation ."""
1,1,8.0,14,"""To support his story , Johnson shared an image of him impersonate with then Mayor Rudy Giuliani at priming zero and state records listing him as receiving New York workers ' compensation ."""
1,1,8.0,15,"""Yet , urban center officials and public documents failed to affirm his narrative ."""
1,1,8.0,15,"""Yet , urban center officials and public documents failed to support his narrative ."""
1,1,8.0,15,"""Yet , metropolis officials and public documents run out to support his narrative ."""
1,1,8.0,15,"""Yet , city officials and public documents break down to support his tale ."""
1,1,8.0,16,"""Johnson shared the aforementioned details with Guns.com in brief consultation and even appear in the book We The People ."""
1,1,8.0,16,"""Johnson apportion the aforementioned details with Guns.com in brief interview and even appeared in the book We The People ."""
1,1,8.0,16,"""Johnson shared the aforementioned item with Guns.com in brief interviews and even appeared in the book We The People ."""
1,1,8.0,16,"""Johnson partake in the aforementioned details with Guns.com in brief interviews and even appeared in the book We The People ."""
1,1,8.0,17,"""In June 2016 , Guns.com published his famous "" gun choir "" in a video in which he sang Amazing Grace with appendage of his congregation while sporting pistols and rifles ."""
1,1,8.0,17,"""In June 2016 , Guns.com published his famous "" gun choir "" in a video in which he sang Amazing Grace with members of his congregation while sporting pistols and rifle ."""
1,1,8.0,17,"""In June 2016 , Guns.com published his famous "" gun choir "" in a video in which he sang Amazing Grace with fellow member of his congregating while sporting pistols and rifles ."""
1,1,8.0,18,"""Michael Skoler , the president of Louisville Public Media , which possess the Kentucky Center for Investigative Reporting , released a statement saying how sorry they were to hear of Johnson 's last ."""
1,1,8.0,18,"""Michael Skoler , the President of the United States of Louisville Public Media , which owns the Kentucky Center for Investigative Reporting , released a statement enjoin how sorry they were to hear of Johnson 's death ."""
1,1,8.0,18,"""Michael Skoler , the Chief Executive of Louisville Public Media , which owns the Kentucky Center for Investigative Reporting , released a statement saying how sorry they were to pick up of Johnson 's death ."""
1,1,8.0,18,"""Michael Skoler , the president of Louisville Public Media , which have the Kentucky Center for Investigative Reporting , released a statement saying how regretful they were to hear of Johnson 's death ."""
1,1,8.0,19,"""He defended his center 's article : "" Our aim , as always , is to provide the public with fact - based , un3 reporting and hold public officials accountable for their legal action . """
1,1,8.0,19,"""He defended his center 's article : "" Our aim , as always , is to provide the public with fact - based , un3 coverage and hold public officials accountable for their actions . """
1,1,8.0,19,"""He support his center 's article : "" Our aim , as always , is to provide the public with fact - based , un3 reporting and hold public official accountable for their actions . """
1,1,8.0,19,"""He defended his plaza 's article : "" Our aim , as always , is to provide the populace with fact - based , un3 reporting and hold populace officials accountable for their actions . """
2,1,9.0,t,"""Kentucky Lawmaker Kills Self After Sexual Assault Allegations create public"""
2,1,9.0,t,"""Kentucky Lawmaker Kills Self After Sexual Assault Allegations relieve oneself public"""
2,1,9.0,t,"""Kentucky Lawmaker Kills Self After Sexual Assault Allegations name public"""
2,1,9.0,t,"""Kentucky Lawmaker Kills Self After Sexual Assault Allegations establish public"""
2,1,9.0,0,"""A Kentucky state representative committed suicide Wednesday , two days after allegations he sexually assaulted a teenage little girl were made public ."""
2,1,9.0,0,"""A Kentucky body politic representative committed suicide Wednesday , two days after allegations he sexually assaulted a teenage little girl were made public ."""
2,1,9.0,0,"""A Kentucky state representative attached suicide Wednesday , two days after allegations he sexually assaulted a teenage girl were defecate public ."""
2,1,9.0,0,"""A Kentucky state representative committed suicide Wednesday , two days after allegations he sexually assail a teenage girl were made public ."""
2,1,9.0,1,"""According to Sheriff Donnie Tinnell of Bullitt County , Republican Rep. Dan Johnson pour down himself on a bridgework in Mount Washington , Kentucky ."""
2,1,9.0,1,"""concord to Sheriff Donnie Tinnell of Bullitt County , Republican Rep. Dan Johnson killed himself on a bridgework in Mount Washington , Kentucky ."""
2,1,9.0,1,"""harmonise to Sheriff Donnie Tinnell of Bullitt County , Republican Rep. Dan Johnson killed himself on a bridge deck in Mount Washington , Kentucky ."""
2,1,9.0,1,"""agree to Sheriff Donnie Tinnell of Bullitt County , Republican Rep. Dan Johnson killed himself on a bridge deck in Mount Washington , Kentucky ."""
2,1,9.0,2,"""The coroner said he "" give way of a individual gunshot wound "" and determined it was "" a probable suicide . """
2,1,9.0,2,"""The medical examiner said he "" died of a single gunfire wound "" and determined it was "" a probable suicide . """
2,1,9.0,2,"""The coroner said he "" buy the farm of a individual gunshot wound "" and determined it was "" a probable suicide . """
2,1,9.0,2,"""The coroner said he "" died of a single gunshot wound "" and define it was "" a likely suicide . """
2,1,9.0,3,"""constabulary were alarm after Johnson posted a suicide note on Facebook ."""
2,1,9.0,3,"""Police were alerted after Johnson posted a suicide billet on Facebook ."""
2,1,9.0,3,"""police were alerted after Johnson posted a suicide annotation on Facebook ."""
2,1,9.0,3,"""Police were alerted after Johnson brand a suicide note on Facebook ."""
2,1,9.0,4,"""military officer pinged his prison cell phone and found his body next to his car ."""
2,1,9.0,4,"""Officers pinged his cellphone phone and found his eubstance next to his car ."""
2,1,9.0,4,"""officeholder knock his cell phone and found his body next to his car ."""
2,1,9.0,4,"""Officers pinged his cellular phone phone and institute his body next to his car ."""
2,1,9.0,5,"""The lawmaker 's death derive after the Kentucky Center for Investigative reportage published an expose Monday detailing an allegation that Johnson had sexually assaulted a 17 - year - old parishioner from the church where he was bishop ."""
2,1,9.0,5,"""The lawmaker 's death comes after the Kentucky Center for Investigative coverage published an expose Monday detailing an allegation that Johnson had sexually assaulted a 17 - year - old parishioner from the church where he was bishop ."""
2,1,9.0,5,"""The lawgiver 's death comes after the Kentucky Center for Investigative reporting published an expose Monday detailing an allegation that Johnson had sexually assaulted a 17 - year - old parishioner from the church where he was bishop ."""
2,1,9.0,5,"""The lawmaker 's death comes after the Kentucky Center for Investigative reporting published an expose Monday detailing an allegation that Johnson had sexually assaulted a 17 - year - old parishioner from the church service where he was bishop ."""
2,1,9.0,6,"""The alleged incident hap after a New Year 's Eve company in 2012 ."""
2,1,9.0,6,"""The alleged incident pass after a New Year 's Eve political party in 2012 ."""
2,1,9.0,6,"""The alleged incident occurred after a New Year 's Eve company in 2012 ."""
2,1,9.0,6,"""The alleged incident happen after a New Year 's Eve party in 2012 ."""
2,1,9.0,7,"""The parishioner , now 21 , sound out that in the early hours of Jan. 1 , 2013 , after a New Year 's Eve party at the church building , she and Mr. Johnson 's daughter slept over at an apartment below the fellowship hall ."""
2,1,9.0,7,"""The parishioner , now 21 , said that in the early hours of Jan. 1 , 2013 , after a New Year 's Eve party at the church , she and Mr. Johnson 's girl slept over at an flat below the fellowship hall ."""
2,1,9.0,7,"""The parishioner , now 21 , said that in the early hour of Jan. 1 , 2013 , after a New Year 's Eve party at the church , she and Mr. Johnson 's daughter slept over at an apartment below the fellowship antechamber ."""
2,1,9.0,7,"""The parishioner , now 21 , enjoin that in the early hours of Jan. 1 , 2013 , after a New Year 's Eve party at the church , she and Mr. Johnson 's girl slept over at an apartment below the fellowship hall ."""
2,1,9.0,8,"""After falling asleep on a sofa , she said , she woke up to find Mr. Johnson - who was drunk after going to a taproom earlier in the Night - kneeling over her ."""
2,1,9.0,8,"""After falling asleep on a sofa , she said , she rouse up to find Mr. Johnson - who was drunk after going to a bar earlier in the night - kneeling over her ."""
2,1,9.0,8,"""After strike asleep on a sofa , she said , she woke up to find Mr. Johnson - who was drunk after live on to a bar earlier in the night - kneeling over her ."""
2,1,9.0,8,"""After falling asleep on a sofa , she said , she woke up to find Mr. Johnson - who was intoxicated after going to a BAR earlier in the night - kneeling over her ."""
2,1,9.0,9,"""He proceeded to osculate her , grope her breasts under her shirt , put his hand down her pants and penetrate her with his finger , she sound out ."""
2,1,9.0,9,"""He proceeded to kiss her , fumble her breasts under her shirt , put his hand down her pants and penetrate her with his finger , she say ."""
2,1,9.0,9,"""He continue to kiss her , grope her breasts under her shirt , put his hand down her pants and penetrate her with his finger , she sound out ."""
2,1,9.0,9,"""He proceeded to kiss her , fumble her breasts under her shirt , put his hand down her pants and penetrate her with his digit , she said ."""
2,1,9.0,10,"""The cleaning lady reported the assault to the Louisville Metro Police Department within months of the instalment , but no charges were filed ."""
2,1,9.0,10,"""The woman reported the rape to the Louisville Metro Police Department within months of the episode , but no charges were lodge ."""
2,1,9.0,10,"""The woman describe the rape to the Louisville Metro Police Department within months of the episode , but no charges were filed ."""
2,1,9.0,10,"""The woman cover the assault to the Louisville Metro Police Department within months of the instalment , but no charges were filed ."""
2,1,9.0,11,"""However , her news report was corroborated by family members , by her therapist 's notes from the first half of 2013 and by Facebook messages she exchanged with Mr. Johnson , the Kentucky Center for Investigative Reporting publish ."""
2,1,9.0,11,"""However , her account was corroborated by family members , by her therapist 's notes from the first half of 2013 and by Facebook messages she exchanged with Mr. Johnson , the Kentucky Center for Investigative Reporting spell ."""
2,1,9.0,11,"""However , her account was corroborated by family extremity , by her therapist 's notes from the first half of 2013 and by Facebook messages she exchanged with Mr. Johnson , the Kentucky Center for Investigative Reporting spell ."""
2,1,9.0,11,"""However , her account was corroborate by family members , by her therapist 's musical note from the first half of 2013 and by Facebook messages she exchanged with Mr. Johnson , the Kentucky Center for Investigative Reporting wrote ."""
2,1,9.0,12,(New York Times)
2,1,9.0,13,"""Johnson denied the allegations earlier this week , saying at a press league : "" This allegation concerning this lady , this young girl , absolutely has no merit , these are unfounded accusation , totally . """
2,1,9.0,13,"""Johnson denied the allegations earlier this week , say at a press conference : "" This allegation concerning this lady , this young girl , absolutely has no deservingness , these are unfounded accusations , totally . """
2,1,9.0,13,"""Johnson abnegate the allegations earlier this week , saying at a press league : "" This allegation concerning this lady , this young girl , absolutely has no merit , these are unfounded accusations , totally . """
2,1,9.0,13,"""Johnson denied the allegations earlier this week , saying at a press conference : "" This allegation touch this lady , this immature girl , absolutely has no merit , these are unfounded accusations , totally . """
2,1,9.0,14,"""He went on to argue the allegation against him was , in part , politically motivated - that the woman was a supporter of Hillary Clinton who opposed his conservative opinion ."""
2,1,9.0,14,"""He went on to argue the allegation against him was , in parting , politically motivated - that the woman was a sponsor of Hillary Clinton who opposed his conservative beliefs ."""
2,1,9.0,14,"""He went on to contend the allegation against him was , in part , politically motivated - that the woman was a assistant of Hillary Clinton who opposed his conservative beliefs ."""
2,1,9.0,14,"""He went on to indicate the allegement against him was , in part , politically motivated - that the woman was a supporter of Hillary Clinton who opposed his conservative beliefs ."""
2,1,9.0,15,""" This is an assault on all real people , there 's no perfect people and you get into bureau and all of sudden political taxicab come against you and start accusing you after you 're in bureau , "" Johnson said ."""
2,1,9.0,15,""" This is an violation on all real people , there 's no perfect people and you get into office and all of sudden political hacks come against you and start accusing you after you 're in office , "" Johnson said ."""
2,1,9.0,15,""" This is an assault on all real people , there 's no perfect people and you get into office and all of sudden political hacks do against you and start accusing you after you 're in office , "" Johnson say ."""
2,1,9.0,16,"""Mac Brown , chairman of the Republican Party of Kentucky , call off on him to give up after the investigative report , which he call off "" extensively sourced . """
2,1,9.0,16,"""Mac Brown , chairwoman of the Republican Party of Kentucky , call up on him to resign after the investigative report , which he call up "" extensively sourced . """
2,1,9.0,16,"""Mac Brown , president of the Republican Party of Kentucky , called on him to resign after the investigative report , which he called "" extensively sourced . """
2,1,9.0,16,"""Mac Brown , chairman of the Republican Party of Kentucky , foretell on him to resign after the investigative write up , which he foretell "" extensively sourced . """
2,1,9.0,17,""" [ O]nce again find ourselves in a position where we must call for him to reconcile , this fourth dimension , from the Kentucky General Assembly , "" Brown said in a statement ."""
2,1,9.0,17,""" [ O]nce again retrieve ourselves in a position where we must call for him to resign , this fourth dimension , from the Kentucky General Assembly , "" Brown said in a statement ."""
2,1,9.0,17,""" [ O]nce again find ourselves in a berth where we must prognosticate for him to resign , this time , from the Kentucky General Assembly , "" Brown said in a statement ."""
2,1,9.0,17,""" [ O]nce again find ourselves in a position where we must call for him to step down , this time , from the Kentucky General Assembly , "" Brown said in a statement ."""
2,1,10.0,t,"""Top US politician Dan Johnson kills himself following Facebook post slam ' judge and jury fake tidings ' after being accused of raping his daughter 's 17 - year - old pal"""
2,1,10.0,t,"""top US politician Dan Johnson kills himself following Facebook post slamming ' judge and jury fake tidings ' after being accused of raping his daughter 's 17 - year - old pal"""
2,1,10.0,t,"""Top US politician Dan Johnson kills himself following Facebook post slam dance ' judge and jury fake news ' after being accused of raping his daughter 's 17 - year - old pal"""
2,1,10.0,t,"""Top US politician Dan Johnson kills himself following Facebook post slamming ' judge and jury fake news ' after being accused of ravish his daughter 's 17 - year - old pal"""
2,1,10.0,0,"""A TOP politician killed himself after allow a Facebook post slamming accusations that he raped his daughter 's teenage Friend ."""
2,1,10.0,0,"""A TOP political leader defeat himself after leaving a Facebook post slamming accusations that he raped his daughter 's teenage friend ."""
2,1,10.0,0,"""A TOP politico killed himself after leaving a Facebook post slamming accusations that he raped his daughter 's teenage friend ."""
2,1,10.0,0,"""A TOP political leader killed himself after leaving a Facebook post slamming accusations that he raped his daughter 's teenage acquaintance ."""
2,1,10.0,1,"""Kentucky state representative Dan Johnson died of a unmarried gunfire wound after stopping his car in a secluded part of Mount Washington , the coroner said ."""
2,1,10.0,1,"""Kentucky state representative Dan Johnson died of a single gunshot wound after stopping his machine in a secluded part of Mount Washington , the coroner suppose ."""
2,1,10.0,1,"""Kentucky state representative Dan Johnson died of a single gunshot wound after stopping his car in a secluded part of Mount Washington , the medical examiner said ."""
2,1,10.0,1,"""Kentucky state representative Dan Johnson died of a single gunfire injury after stopping his car in a secluded part of Mount Washington , the coroner said ."""
2,1,10.0,2,"""Johnson , also the loss leader of the Heart of Fire Church , denied the accusations describe by the Kentucky Center for Investigative Reporting ."""
2,1,10.0,2,"""Johnson , also the drawing card of the Heart of Fire Church , denied the accusations describe by the Kentucky Center for Investigative Reporting ."""
2,1,10.0,2,"""Johnson , also the leader of the Heart of Fire Church , abnegate the charge reported by the Kentucky Center for Investigative Reporting ."""
2,1,10.0,2,"""Johnson , also the loss leader of the Heart of Fire Church , denied the accusations report by the Kentucky Center for Investigative Reporting ."""
2,1,10.0,3,"""The story accused Johnson , a Republican who was a firm supporter of President Donald Trump , of having chivy a phallus of his church ."""
2,1,10.0,3,"""The level accused Johnson , a Republican who was a firm booster of President Donald Trump , of having molested a member of his church ."""
2,1,10.0,3,"""The storey accused Johnson , a Republican who was a firm garter of President Donald Trump , of having molested a member of his church ."""
2,1,10.0,3,"""The story accuse Johnson , a Republican who was a firm supporter of President Donald Trump , of having provoke a member of his church ."""
2,1,10.0,4,"""The woman allege she was aged 17 at the time of the allege incident in the church basement ."""
2,1,10.0,4,"""The woman say she was aged 17 at the time of the alleged incident in the church basement ."""
2,1,10.0,4,"""The woman said she was aged 17 at the clock time of the alleged incident in the church basement ."""
2,1,10.0,4,"""The womanhood said she was mature 17 at the time of the alleged incident in the church basement ."""
2,1,10.0,5,"""She arrogate Johnson pussyfoot into the room while she was sleeping beside his daughter and groped and penetrated her against her will ."""
2,1,10.0,5,"""She claimed Johnson crept into the room while she was catch some Z's beside his girl and groped and penetrated her against her will ."""
2,1,10.0,5,"""She claimed Johnson crept into the way while she was sleeping beside his daughter and fumble and penetrated her against her will ."""
2,1,10.0,5,"""She claimed Johnson crept into the room while she was sleep beside his daughter and groped and infiltrate her against her will ."""
2,1,10.0,6,"""constabulary had been searching for Johnson after someone read a position on his Facebook page and became concerned ."""
2,1,10.0,6,"""Police had been seek for Johnson after someone translate a post on his Facebook page and became concerned ."""
2,1,10.0,6,"""Police had been research for Johnson after someone interpret a post on his Facebook page and became concerned ."""
2,1,10.0,6,"""Police had been searching for Johnson after someone read a post on his Facebook page and go concerned ."""
2,1,10.0,7,"""In the post , written on Wednesday , Johnson paid tribute to his family , saying he had suffered post - traumatic stress disorder for 16 age - "" a sickness that will take my living "" ."""
2,1,10.0,7,"""In the post , written on Wednesday , Johnson paid tribute to his family , saying he had suffered post - traumatic stress disorder for 16 years - "" a sickness that will consider my life "" ."""
2,1,10.0,7,"""In the post , written on Wednesday , Johnson paid tribute to his family , saying he had suffered post - traumatic stress disorder for 16 class - "" a sickness that will take my lifespan "" ."""
2,1,10.0,7,"""In the post , written on Wednesday , Johnson paid tribute to his family , enjoin he had suffered post - traumatic stress disorder for 16 years - "" a sickness that will take my life "" ."""
2,1,10.0,8,"""He wrote : "" The accusations from NPR are false GOD and only GOD cognise the Sojourner Truth , nothing is the way they make it out to be ."""
2,1,10.0,8,"""He wrote : "" The accusations from NPR are false GOD and only GOD lie with the truth , nothing is the elbow room they make it out to be ."""
2,1,10.0,8,"""He wrote : "" The accusation from NPR are false GOD and only GOD knows the truth , nothing is the way they create it out to be ."""
2,1,10.0,8,"""He wrote : "" The accusal from NPR are false GOD and only GOD knows the truth , nothing is the agency they make it out to be ."""
2,1,10.0,9,"""AMERICA will not survive this character of judge and jury fake news . """
2,1,10.0,9,"""AMERICA will not live this type of justice and jury fake news . """
2,1,10.0,9,"""AMERICA will not survive this character of judge and jury fake tidings . """
2,1,10.0,9,"""AMERICA will not survive this case of judge and jury fake word . """
2,1,10.0,10,"""At a press league on Tuesday , Johnson linked the accusation to similar allegations against the Alabama Republican Roy Moore , who was defeated in a special Senate election that day , saying they were part of a nationwide strategy to defeat conser"""
2,1,10.0,10,"""At a press conference on Tuesday , Johnson linked the accusations to alike allegations against the Alabama Republican Roy Moore , who was defeated in a special Senate election that day , state they were part of a nationwide strategy to defeat conser"""
2,1,10.0,10,"""At a press conference on Tuesday , Johnson yoke the accusations to similar allegations against the Alabama Republican Roy Moore , who was defeated in a special Senate election that day , saying they were office of a nationwide strategy to defeat conser"""
2,1,10.0,10,"""At a press conference on Tuesday , Johnson unite the accusations to similar allegations against the Alabama Republican Roy Moore , who was defeated in a special Senate election that day , saying they were part of a nationwide strategy to defeat conser"""
2,1,10.0,11,"""Michael Skoler , president of Louisville Public Media , which have the Kentucky Center for Investigative Reporting , told the Washington Post everyone at the organisation is "" deeply sad . """
2,1,10.0,11,"""Michael Skoler , president of Louisville Public Media , which owns the Kentucky Center for Investigative Reporting , told the Washington Post everyone at the governance is "" deeply sad . """
2,1,10.0,11,"""Michael Skoler , United States President of Louisville Public Media , which owns the Kentucky Center for Investigative Reporting , told the Washington Post everyone at the organisation is "" deeply sad . """
2,1,10.0,11,"""Michael Skoler , president of Louisville Public Media , which owns the Kentucky Center for Investigative Reporting , told the Washington Post everyone at the formation is "" deeply sad . """
2,1,10.0,12,"""Skoler added : "" Our aim , as always , is to provide the public with fact - based , un3 reporting and view as public officials accountable for their actions ."""
2,1,10.0,12,"""Skoler added : "" Our aim , as always , is to provide the public with fact - based , un3 reporting and moderate public officials accountable for their actions ."""
2,1,10.0,12,"""Skoler added : "" Our object , as always , is to provide the public with fact - based , un3 reporting and hold public officials accountable for their actions ."""
2,1,10.0,12,"""Skoler added : "" Our aim , as always , is to provide the public with fact - based , un3 reporting and hold public official accountable for their activity ."""
2,1,10.0,13,""" As part of our unconscious process , we reached out to Representative Johnson numerous times over the course of a seven - month investigating ."""
2,1,10.0,13,""" As contribution of our process , we reached out to Representative Johnson numerous times over the course of a seven - month probe ."""
2,1,10.0,13,""" As part of our cognitive process , we reached out to Representative Johnson numerous times over the path of a seven - month investigation ."""
2,1,10.0,13,""" As share of our process , we reached out to Representative Johnson numerous times over the course of a seven - calendar month investigation ."""
2,1,10.0,14,""" He declined requests to babble out about our determination . """
2,1,10.0,14,""" He pass up requests to utter about our findings . """
2,1,10.0,14,""" He reject requests to talk about our finding . """
2,1,10.0,14,""" He declined requests to lecture about our determination . """
2,1,10.0,15,Kentucky Republican Gov.
2,1,10.0,16,"""Matt Bevin publish on Twitter : "" Saddened to hear of tonight 's death of KY Representative Dan Johnson ."""
2,1,10.0,16,"""Matt Bevin publish on Twitter : "" sadden to hear of tonight 's death of KY Representative Dan Johnson ."""
2,1,10.0,16,"""Matt Bevin write on Twitter : "" Saddened to find out of tonight 's death of KY Representative Dan Johnson ."""
2,1,10.0,16,"""Matt Bevin wrote on Twitter : "" Saddened to hear of tonight 's expiry of KY Representative Dan Johnson ."""
2,1,10.0,17,""" My heart breaks for his kin tonight ..."""
2,1,10.0,17,""" My spirit breaks for his sept tonight ..."""
2,1,10.0,17,""" My heart dampen for his family tonight ..."""
2,1,10.0,17,""" My heart stop for his family tonight ..."""
2,1,10.0,18,"""These are heavy days in Frankfort and in America ... May God indeed moult His free grace on us all ... We sure need it ... """
2,1,10.0,18,"""These are heavy years in Frankfort and in America ... May God indeed shed His grace on us all ... We sure need it ... """
2,1,10.0,18,"""These are heavy daylight in Frankfort and in America ... May God indeed shed His grace on us all ... We sure necessitate it ... """
2,1,10.0,18,"""These are heavy mean solar day in Frankfort and in America ... May God indeed shed His grace on us all ... We sure postulate it ... """
2,1,10.0,19,"""We devote for your level !"""
2,1,10.0,19,"""We devote for your news report !"""
2,1,10.0,19,"""We compensate for your tarradiddle !"""
2,1,10.0,19,"""We bear for your tarradiddle !"""
1,1,11.0,t,"""Kentucky Lawmaker Shoots Himself travel along Sexual Harassment Allegations"""
1,1,11.0,t,"""Kentucky Lawmaker Shoots Himself comply Sexual Harassment Allegations"""
1,1,11.0,t,"""Kentucky Lawmaker Shoots Himself conform to Sexual Harassment Allegations"""
1,1,11.0,t,"""Kentucky Lawmaker Shoots Himself be Sexual Harassment Allegations"""
1,1,11.0,0,"""The Republican politician , a begetter of five , had previously battled bipartisan calls to resign following allegation of sexual assault ."""
1,1,11.0,0,"""The Republican politician , a forefather of five , had previously battled bipartisan calls to resign following allegations of sexual assault ."""
1,1,11.0,0,"""The republican politician , a father of five , had previously battled bipartisan calls to resign following allegations of sexual ravishment ."""
1,1,11.0,0,"""The republican politician , a father of five , had previously battled bipartisan calls to resign following allegations of sexual assault ."""
1,1,11.0,1,"""This Wednesday , Kentucky state representative Dan Johnson was found dead by a bridge in Mount Washington with a "" single gunshot wound "" to the head , grant to Bullitt County Coroner Dave Billings ."""
1,1,11.0,1,"""This Wednesday , Kentucky state representative Dan Johnson was establish dead by a bridge in Mount Washington with a "" single gunshot lesion "" to the head , according to Bullitt County Coroner Dave Billings ."""
1,1,11.0,1,"""This Wednesday , Kentucky state representative Dan Johnson was found dead by a bridge circuit in Mount Washington with a "" single gunfire wound "" to the head , according to Bullitt County Coroner Dave Billings ."""
1,1,11.0,1,"""This Wednesday , Kentucky state representative Dan Johnson was found dead by a bridgework in Mount Washington with a "" single gunshot wound "" to the head , concord to Bullitt County Coroner Dave Billings ."""
1,1,11.0,2,"""According to Billings , the nature of the injury indicates that the lawmaker 's dying was a "" probable suicide "" , though the results of the autopsy are still pending ."""
1,1,11.0,2,"""According to Billings , the nature of the injury indicates that the lawmaker 's death was a "" likely suicide "" , though the results of the autopsy are still pending ."""
1,1,11.0,2,"""According to billing , the nature of the wound indicates that the lawmaker 's death was a "" probable suicide "" , though the results of the autopsy are still pending ."""
1,1,11.0,2,"""According to Billings , the nature of the combat injury indicates that the lawmaker 's death was a "" probable suicide "" , though the solution of the autopsy are still pending ."""
1,1,11.0,3,"""Kentucky constabulary were searching for Johnson after they were made aware of a troubling , now - deleted Facebook post he had written , in which he addressed the sexual rape allegations that were made against him and said that he "" can not handle it any lon"""
1,1,11.0,3,"""Kentucky law were searching for Johnson after they were made aware of a troubling , now - deleted Facebook post he had written , in which he handle the sexual assault allegations that were made against him and said that he "" can not handle it any lon"""
1,1,11.0,3,"""Kentucky police were searching for Johnson after they were made aware of a troubling , now - deleted Facebook post he had indite , in which he addressed the sexual assault allegations that were made against him and said that he "" can not wield it any lon"""
1,1,11.0,3,"""Kentucky police were searching for Johnson after they were made aware of a troubling , now - delete Facebook post he had written , in which he addressed the sexual assault allegations that were made against him and said that he "" can not deal it any lon"""
1,1,11.0,4,""" The accusations from NPR are false GOD and only GOD knows the true statement , nothing is the mode they make it out to be ."""
1,1,11.0,4,""" The accusations from NPR are false GOD and only GOD know the truth , nothing is the way they piss it out to be ."""
1,1,11.0,4,""" The accusations from NPR are false GOD and only GOD do it the truth , nothing is the way they shit it out to be ."""
1,1,11.0,4,""" The accusations from NPR are false GOD and only GOD knows the Truth , nothing is the way they score it out to be ."""
1,1,11.0,5,"""AMERICA will not last this type of justice and jury fake news , "" the post read ."""
1,1,11.0,5,"""AMERICA will not hold up this type of judge and jury fake news , "" the spot read ."""
1,1,11.0,5,"""AMERICA will not survive this type of judge and jury fake intelligence , "" the post read ."""
1,1,11.0,5,"""AMERICA will not survive this eccentric of evaluator and jury fake news , "" the post read ."""
1,1,11.0,6,""" IT Has gain ground This life story ."""
1,1,11.0,6,""" IT Has gain This aliveness ."""
1,1,11.0,6,""" IT Has succeed This animation ."""
1,1,11.0,6,""" IT Has pull ahead This spirit ."""
1,1,11.0,8,"""Earlier this week , the Kentucky Center for Investigative Reporting ( KyCIR ) released an unmasking on the Republican lawmaker that featured sexual assault accusations by Maranda Richmond , a female friend of Johnson 's girl ."""
1,1,11.0,8,"""Earlier this week , the Kentucky Center for Investigative Reporting ( KyCIR ) released an expose on the Republican lawmaker that featured sexual assault charge by Maranda Richmond , a female friend of Johnson 's daughter ."""
1,1,11.0,8,"""Earlier this week , the Kentucky Center for Investigative Reporting ( KyCIR ) released an expose on the Republican lawmaker that sport sexual assault accusations by Maranda Richmond , a female friend of Johnson 's daughter ."""
1,1,11.0,8,"""Earlier this week , the Kentucky Center for Investigative Reporting ( KyCIR ) released an unmasking on the Republican lawmaker that featured sexual assault accusations by Maranda Richmond , a female friend of Johnson 's daughter ."""
1,1,11.0,9,"""Richmond accused Johnson of forcing himself on her as well as groping her breasts and genitals during a New Years Eve political party in 2013 , when she was 17 yr old ."""
1,1,11.0,9,"""Richmond incriminate Johnson of impel himself on her as well as groping her breasts and genitals during a New Years Eve party in 2013 , when she was 17 years old ."""
1,1,11.0,9,"""Richmond accused Johnson of storm himself on her as well as fumble her breasts and genitals during a New Years Eve party in 2013 , when she was 17 years old ."""
1,1,11.0,9,"""Richmond accused Johnson of push himself on her as well as groping her breasts and privates during a New Years Eve party in 2013 , when she was 17 years old ."""
1,1,11.0,10,"""The immature woman claimed that she was woken up by Johnson , who forcefully kissed her , slipped his men under her shirt and bra and then penetrated her vagina with his fingers ."""
1,1,11.0,10,"""The young char claimed that she was woken up by Johnson , who forcefully kissed her , slipped his hired man under her shirt and bra and then penetrated her vagina with his fingers ."""
1,1,11.0,10,"""The young woman claimed that she was woken up by Johnson , who forcefully kissed her , slue his hands under her shirt and bra and then penetrated her vagina with his finger's breadth ."""
1,1,11.0,10,"""The young woman claimed that she was woken up by Johnson , who forcefully kissed her , slew his hands under her shirt and bra and then penetrated her vagina with his fingers ."""
1,1,11.0,11,"""Following the KyCIR report , the state leadership of the Republican and Democratic party called on Johnson to resign ."""
1,1,11.0,11,"""Following the KyCIR report , the state leaders of the republican and democratic parties called on Johnson to resign ."""
1,1,11.0,11,"""Following the KyCIR report , the state leaders of the republican and Democratic parties called on Johnson to reconcile ."""
1,1,11.0,11,"""Following the KyCIR report , the province leaders of the Republican and democratic parties called on Johnson to resign ."""
1,1,11.0,12,"""Acting Speaker of the Kentucky House of Representatives David Osborne distinguish the expose as "" compelling and deeply troubling . """
1,1,11.0,12,"""Acting Speaker of the Kentucky House of Representatives David Osborne described the expose as "" compelling and deeply troubling . """
1,1,11.0,12,"""Acting Speaker of the Kentucky House of Representatives David Osborne report the unmasking as "" compelling and deeply troubling . """
1,1,11.0,12,"""Acting Speaker of the Kentucky House of Representatives David Osborne key the expose as "" compelling and deeply troubling . """
1,1,11.0,13,"""Speaking to a press conference at his church service this Tuesday , Johnson refuse the accusations and declared that he will not resign ."""
1,1,11.0,13,"""Speaking to a imperativeness league at his church this Tuesday , Johnson denied the accusations and declared that he will not resign ."""
1,1,11.0,13,"""Speaking to a pressing conference at his church this Tuesday , Johnson denied the accusations and declared that he will not step down ."""
1,1,11.0,13,"""speak to a press conference at his church this Tuesday , Johnson denied the accusal and declared that he will not resign ."""
1,1,11.0,14,""" This allegement concerning this lady , this young girl , absolutely has no meritoriousness , these are unfounded accusations , totally , "" Johnson said ."""
1,1,11.0,14,""" This allegement concerning this lady , this young girl , absolutely has no merit , these are unfounded accusations , totally , "" Johnson said ."""
1,1,11.0,14,""" This allegation concerning this madam , this immature girl , absolutely has no merit , these are unfounded accusations , totally , "" Johnson said ."""
1,1,11.0,14,""" This allegation concerning this lady , this immature missy , absolutely has no merit , these are unfounded accusations , totally , "" Johnson said ."""
1,1,11.0,15,"""Following his apparent suicide , KyCIR write out a assertion , cited by the Washington Post , that the station was "" deeply sad "" to learn about Johnson 's death ."""
1,1,11.0,15,"""Following his apparent suicide , KyCIR issued a statement , quote by the Washington Post , that the station was "" deeply sad "" to learn about Johnson 's death ."""
1,1,11.0,15,"""Following his apparent suicide , KyCIR issued a command , cited by the Washington Post , that the station was "" deeply sad "" to learn about Johnson 's death ."""
1,1,11.0,15,"""Following his apparent suicide , KyCIR issued a statement , cited by the Washington Post , that the station was "" deeply sad "" to learn about Johnson 's death ."""
1,1,11.0,16,""" Our Kentucky Center for Investigative Reporting secrete a report on Johnson this hebdomad ."""
1,1,11.0,16,""" Our Kentucky Center for Investigative Reporting unfreeze a report on Johnson this hebdomad ."""
1,1,11.0,16,""" Our Kentucky Center for Investigative Reporting unloosen a write up on Johnson this week ."""
1,1,11.0,16,""" Our Kentucky Center for Investigative Reporting secrete a report on Johnson this calendar week ."""
1,1,11.0,17,"""Our heading , as always , is to provide the public with fact - based , un3 reporting and hold public officials accountable for their actions , "" the statement read ."""
1,1,11.0,17,"""Our aim , as always , is to ply the public with fact - based , un3 reporting and hold public officials accountable for their actions , "" the statement read ."""
1,1,11.0,17,"""Our aim , as always , is to provide the public with fact - based , un3 reporting and hold public officials accountable for their actions , "" the affirmation read ."""
1,1,11.0,17,"""Our aim , as always , is to provide the public with fact - found , un3 reporting and hold public officials accountable for their actions , "" the statement read ."""
1,1,11.0,18,"""READ MORE : Trump Should reconcile Over Accusations of Sexual Misconduct - US senator"""
1,1,11.0,18,"""interpret MORE : Trump Should Resign Over Accusations of Sexual Misconduct - US senator"""
1,1,11.0,18,"""READ MORE : Trump Should resign Over Accusations of Sexual Misconduct - US senator"""
1,1,11.0,18,"""learn MORE : Trump Should Resign Over Accusations of Sexual Misconduct - US senator"""
1,1,11.0,19,"""Kentucky 's Governor Matt Bevin tweeted that he was "" sadden to get a line "" about the lawmaker 's death ."""
1,1,11.0,19,"""Kentucky 's Governor Matt Bevin nip that he was "" saddened to hear "" about the lawmaker 's demise ."""
1,1,11.0,19,"""Kentucky 's Governor Matt Bevin tweeted that he was "" sadden to hear "" about the lawmaker 's destruction ."""
1,1,11.0,19,"""Kentucky 's Governor Matt Bevin twinge that he was "" saddened to listen "" about the lawmaker 's death ."""
1,2,12.0,t,"""Trump crusade consultant took data about millions of exploiter without their knowledge"""
1,2,12.0,t,"""cornet campaign consultant pack data about millions of users without their knowledge"""
1,2,12.0,t,"""Trump campaign consultant took information about millions of substance abuser without their knowledge"""
1,2,12.0,t,"""Trump campaign consultant took data about gazillion of users without their noesis"""
1,2,12.0,0,"""Facebook 's recent suspension of Cambridge Analytica , a data analytics firm that played a key role in President Trump 's 2016 campaign , highlights the rapid boost of a company that claimed it had reach out new heights in marrying the art of political pers"""
1,2,12.0,0,"""Facebook 's recent suspension of Cambridge Analytica , a data analytics firm that played a key role in President Trump 's 2016 campaign , highlights the rapid rise of a company that claimed it had reached new heights in wed the art of political pers"""
1,2,12.0,0,"""Facebook 's recent suspension of Cambridge Analytica , a data point analytics firm that played a key role in President Trump 's 2016 campaign , play up the rapid rise of a company that claimed it had reached new heights in marrying the art of political pers"""
1,2,12.0,0,"""Facebook 's recent suspension of Cambridge Analytica , a data analytics firm that played a key role in President Trump 's 2016 political campaign , highlights the rapid rise of a company that claimed it had reached new heights in marrying the art of political pers"""
1,2,12.0,1,"""Four years after the company began offering Republican political campaigner the promise of groundbreaking ceremony tools for delivering political messages tailored to the psychological traits of voters , serious questions remain about its tactics and effective"""
1,2,12.0,1,"""Four years after the company began offering Republican political candidates the promise of groundbreaking tools for delivering political messages tailored to the psychological traits of elector , serious questions remain about its tactics and effective"""
1,2,12.0,1,"""Four years after the company began offering republican political candidates the promise of groundbreaking tools for delivering political messages tailored to the psychological traits of voters , serious motion remain about its tactics and effective"""
1,2,12.0,1,"""Four years after the company began offering Republican political candidates the hope of groundbreaking tools for delivering political messages tailored to the psychological traits of voters , unplayful questions remain about its tactics and effective"""
1,2,12.0,2,"""What is clear is that the service of process Cambridge Analytica offered are increasingly coveted by modern political campaigns ."""
1,2,12.0,2,"""What is clear is that the services Cambridge Analytica offered are increasingly covet by modern political campaigns ."""
1,2,12.0,2,"""What is clear is that the services Cambridge Analytica offer are increasingly coveted by modern political crusade ."""
1,2,12.0,3,"""Yet Facebook user had few indications of how their personal data was collected , refashioned and deployed on behalf of candidates ."""
1,2,12.0,3,"""Yet Facebook drug user had few indications of how their personal data was collected , refashioned and deployed on behalf of candidates ."""
1,2,12.0,3,"""Yet Facebook users had few indications of how their personal data was collected , refashioned and deploy on behalf of candidates ."""
1,2,12.0,3,"""Yet Facebook users had few indicant of how their personal data was collected , refashioned and deployed on behalf of campaigner ."""
1,2,12.0,4,"""A Cambridge University professor working for Cambridge Analytica in 2014 created an app , called Thisisyourdigitallife , that offered personality predictions and billed itself on Facebook as "" a research app habituate by psychologists . """
1,2,12.0,4,"""A Cambridge University professor working for Cambridge Analytica in 2014 make an app , called Thisisyourdigitallife , that offered personality predictions and charge itself on Facebook as "" a research app used by psychologists . """
1,2,12.0,4,"""A Cambridge University professor working for Cambridge Analytica in 2014 created an app , called Thisisyourdigitallife , that provide personality predictions and billed itself on Facebook as "" a research app used by psychologists . """
1,2,12.0,4,"""A Cambridge University professor working for Cambridge Analytica in 2014 created an app , called Thisisyourdigitallife , that put up personality predictions and billed itself on Facebook as "" a research app used by psychologists . """
1,2,12.0,5,"""The professor , a Russian American named Aleksandr Kogan , used the app to gain admittance to demographic information - including the names of users , their "" likes , "" friend lists , and other data ."""
1,2,12.0,5,"""The professor , a Russian American named Aleksandr Kogan , used the app to gain access to demographic information - including the names of users , their "" likes , "" friend lists , and other data ."""
1,2,12.0,5,"""The professor , a Russian American named Aleksandr Kogan , used the app to pull ahead access to demographic information - including the names of users , their "" likes , "" friend lists , and other information ."""
1,2,12.0,5,"""The professor , a Russian American call Aleksandr Kogan , used the app to gain access to demographic information - including the names of users , their "" likes , "" friend lists , and other data ."""
1,2,12.0,6,"""Once obtained by Cambridge Analytica , political campaign could use those profiles to target users with highly tailored substance , ads or fundraising requests ."""
1,2,12.0,6,"""Once obtained by Cambridge Analytica , political campaigns could practice those profiles to target users with highly tailored messages , ads or fundraising asking ."""
1,2,12.0,6,"""Once find by Cambridge Analytica , political campaigns could use those profiles to target users with highly tailored messages , ads or fundraising requests ."""
1,2,12.0,6,"""Once receive by Cambridge Analytica , political campaigns could use those profiles to target users with highly tailored messages , ads or fundraising requests ."""
1,2,12.0,7,"""Facebook suppose 270,000 people download the app ."""
1,2,12.0,7,"""Facebook said 270,000 hoi polloi downloaded the app ."""
1,2,12.0,7,"""Facebook aver 270,000 people download the app ."""
1,2,12.0,7,"""Facebook said 270,000 multitude download the app ."""
1,2,12.0,8,"""But people familiar with how such systems body of work - including a former Cambridge Analytica employee - said the app would have given Cambridge access to information on the friends of each of those people , a number that almost certainly reached into the triiodothyronine"""
1,2,12.0,8,"""But hoi polloi familiar with how such systems work - including a former Cambridge Analytica employee - said the app would have return Cambridge access to information on the friends of each of those hoi polloi , a number that almost certainly reached into the t"""
1,2,12.0,8,"""But mass familiar with how such systems work - including a former Cambridge Analytica employee - said the app would have given Cambridge access to information on the friends of each of those mass , a number that almost certainly reached into the t"""
1,2,12.0,8,"""But hoi polloi familiar with how such systems work - including a former Cambridge Analytica employee - said the app would have given Cambridge access to information on the friends of each of those hoi polloi , a number that almost certainly touch into the t"""
1,2,12.0,9,"""The Observer of London and the New York Times reported Saturday that Cambridge Analytica had gained memory access to information on 50 million Facebook users , citing internal papers and interviews with former employees and associates ."""
1,2,12.0,9,"""The Observer of London and the New York Times reported Saturday that Cambridge Analytica had gained access to information on 50 million Facebook users , citing internal documents and interviews with former employees and associate degree ."""
1,2,12.0,9,"""The Observer of London and the New York Times reported Saturday that Cambridge Analytica had gained access to entropy on 50 million Facebook users , citing internal documents and interviews with former employees and associates ."""
1,2,12.0,9,"""The Observer of London and the New York Times describe Saturday that Cambridge Analytica had gained access to information on 50 million Facebook users , citing internal documents and interviews with former employees and associates ."""
1,2,12.0,10,"""Facebook declined to affirm or refuse this number ."""
1,2,12.0,10,"""Facebook declined to sustain or refuse this number ."""
1,2,12.0,10,"""Facebook declined to reassert or refuse this number ."""
1,2,12.0,10,"""Facebook pass up to sustain or deny this number ."""
1,2,12.0,11,"""It issued a statement noting its past actions to limit access to this variety of personal information , which , until change were made in 2014 and 2015 , was routinely available about any users who did not explicitly act to prevent the release of what "" l"""
1,2,12.0,11,"""It issued a statement noting its past actions to limit access to this kind of personal information , which , until changes were made in 2014 and 2015 , was routinely available about any drug user who did not explicitly act to prevent the release of what "" l"""
1,2,12.0,11,"""It issued a statement noting its past actions to limit admission to this kind of personal information , which , until changes were made in 2014 and 2015 , was routinely available about any users who did not explicitly act to forbid the release of what "" l"""
1,2,12.0,11,"""It issued a statement noting its past actions to limit access to this kind of personal information , which , until changes were clear in 2014 and 2015 , was routinely available about any users who did not explicitly act to prevent the release of what "" l"""
1,2,12.0,12,""" In 2014 , after hearing feedback from the Facebook community , we made an update to ensure that each individual decides what information they want to share about themselves , including their friend list , "" the statement read ."""
1,2,12.0,12,""" In 2014 , after hearing feedback from the Facebook community , we induce an update to ensure that each person decides what information they want to share about themselves , including their friend list , "" the statement order ."""
1,2,12.0,12,""" In 2014 , after hearing feedback from the Facebook residential area , we made an update to ensure that each person decides what information they want to share about themselves , including their friend list , "" the statement allege ."""
1,2,12.0,12,""" In 2014 , after hearing feedback from the Facebook community , we made an update to insure that each person decides what information they want to share about themselves , including their friend list , "" the statement said ."""
1,2,12.0,13,"""Facebook on Friday banned Kogan , the parent companionship of Cambridge Analytica and a former Cambridge employee for improperly sharing the data and give out to destroy it after concerns arose about it in 2015 ."""
1,2,12.0,13,"""Facebook on Friday banned Kogan , the parent company of Cambridge Analytica and a former Cambridge employee for improperly sharing the data and failing to destroy it after concerns rise up about it in 2015 ."""
1,2,12.0,13,"""Facebook on Friday banned Kogan , the parent troupe of Cambridge Analytica and a former Cambridge employee for improperly sharing the information and failing to destroy it after concerns arose about it in 2015 ."""
1,2,12.0,13,"""Facebook on Friday banned Kogan , the parent company of Cambridge Analytica and a former Cambridge employee for improperly sharing the data and failing to destroy it after concerns come up about it in 2015 ."""
1,2,12.0,14,"""Facebook had asked the parties back then to certify they would not abuse datum , but it did not take further activeness beyond that warning ."""
1,2,12.0,14,"""Facebook had take the parties back then to certify they would not abuse data , but it did not take further action beyond that monition ."""
1,2,12.0,14,"""Facebook had asked the company back then to certify they would not abuse data , but it did not take further legal action beyond that warning ."""
1,2,12.0,14,"""Facebook had asked the parties back then to evidence they would not abuse data , but it did not take further activity beyond that warning ."""
1,2,12.0,15,"""Despite Facebook 's vexation in 2015 , the social network bear on to work with Cambridge Analytica ."""
1,2,12.0,15,"""Despite Facebook 's concerns in 2015 , the societal network stay on to work with Cambridge Analytica ."""
1,2,12.0,15,"""Despite Facebook 's concerns in 2015 , the social electronic network continued to make for with Cambridge Analytica ."""
1,2,12.0,15,"""Despite Facebook 's concerns in 2015 , the societal network keep to work with Cambridge Analytica ."""
1,2,12.0,16,"""During the presidential election , Facebook employees assisting Donald Trump 's digital operation worked in the same federal agency as Cambridge Analytica actor , according to a video by the BBC ."""
1,2,12.0,16,"""During the presidential election , Facebook employees assisting Donald Trump 's digital surgical process worked in the same office as Cambridge Analytica workers , according to a video by the BBC ."""
1,2,12.0,16,"""During the presidential election , Facebook employees assisting Donald Trump 's digital surgery worked in the same office as Cambridge Analytica workers , according to a video by the BBC ."""
1,2,12.0,16,"""During the presidential election , Facebook employees assisting Donald Trump 's digital operation worked in the same billet as Cambridge Analytica actor , according to a video by the BBC ."""
1,2,12.0,17,"""One former Cambridge employee , Joseph Chancellor , continues to work at Facebook as a user - experience investigator , according to Facebook 's public website ."""
1,2,12.0,17,"""One former Cambridge employee , Joseph Chancellor , preserve to work at Facebook as a user - experience researcher , according to Facebook 's public website ."""
1,2,12.0,17,"""One former Cambridge employee , Joseph Chancellor , continues to work at Facebook as a user - experience researcher , harmonize to Facebook 's public website ."""
1,2,12.0,17,"""One former Cambridge employee , Joseph Chancellor , go along to work at Facebook as a user - experience researcher , according to Facebook 's public website ."""
1,2,12.0,18,"""Some critics said Facebook 's actions on Friday were an insufficient reception to a far - reaching data grab that had informed the decision - devising of multiple political operations ."""
1,2,12.0,18,"""Some critics said Facebook 's natural process on Friday were an insufficient response to a far - reaching data grab that had informed the decision - devising of multiple political operations ."""
1,2,12.0,18,"""Some critics said Facebook 's actions on Friday were an insufficient reaction to a far - arrive at data grab that had informed the decision - making of multiple political operations ."""
1,2,12.0,18,"""Some critic said Facebook 's activeness on Friday were an insufficient response to a far - reaching data grab that had informed the decision - making of multiple political operations ."""
1,2,12.0,19,"""Trump 's safari paid Cambridge Analytica at least $ 6 million for data point analysis in the final five months of a close election ."""
1,2,12.0,19,"""Trump 's campaign pay off Cambridge Analytica at least $ 6 million for data analysis in the final five months of a near election ."""
1,2,12.0,19,"""Trump 's hunting expedition paid Cambridge Analytica at least $ 6 million for data analysis in the final five month of a close election ."""
1,2,12.0,19,"""Trump 's campaign paid Cambridge Analytica at least $ 6 million for data analysis in the final five months of a nigh election ."""
1,2,13.0,t,"""Data Firm link up to Trump Campaign peach Business With Russians"""
1,2,13.0,t,"""Data Firm Tied to Trump effort sing Business With Russians"""
1,2,13.0,t,"""Data Firm attach to Trump Campaign blab out Business With Russians"""
1,2,13.0,t,"""Data Firm link up to Trump safari Talked Business With Russians"""
1,2,13.0,0,"""Lukoil was interested in how data was used to target American voter , according to two former company insiders who said there were at least three confluence with Lukoil executives in London and Turkey ."""
1,2,13.0,0,"""Lukoil was interested in how information was used to target American voters , according to two former company insiders who said there be at least three meetings with Lukoil executives in London and Turkey ."""
1,2,13.0,0,"""Lukoil was interested in how data was used to target American voters , according to two former party insider who said there were at least three meetings with Lukoil executives in London and Turkey ."""
1,2,13.0,0,"""Lukoil was interested in how data was used to target American voters , harmonise to two former company insiders who said there were at least three meetings with Lukoil executives in London and Turkey ."""
1,2,13.0,1,"""SCL and Lukoil denied that the talks represent political in nature , and SCL also said there represent no meetings in London ."""
1,2,13.0,1,"""SCL and Lukoil denied that the talks were political in nature , and SCL also said there were no meeting in London ."""
1,2,13.0,1,"""SCL and Lukoil denied that the talks were political in nature , and SCL also suppose there were no encounter in London ."""
1,2,13.0,1,"""SCL and Lukoil denied that the talks were political in nature , and SCL also said there were no group meeting in London ."""
1,2,13.0,2,"""The contacts took place as Cambridge Analytica was building a roster of Republican political client in the United States - and harvesting the Facebook profiles of over 50 million users to develop tools it said could analyze voters ' conduct ."""
1,2,13.0,2,"""The contacts took place as Cambridge Analytica was progress a roster of Republican political clients in the United States - and harvesting the Facebook profiles of over 50 million users to get tools it said could analyze voters ' behavior ."""
1,2,13.0,2,"""The contacts took place as Cambridge Analytica was ramp up a roster of Republican political clients in the United States - and harvesting the Facebook profiles of over 50 million substance abuser to develop tools it said could analyze voters ' behavior ."""
1,2,13.0,2,"""The contacts need place as Cambridge Analytica was building a roster of Republican political clients in the United States - and glean the Facebook profiles of over 50 million users to develop tools it said could analyze voters ' behavior ."""
1,2,13.0,3,"""Cambridge Analytica also included extensive questions about Russia 's president , Vladimir V. Putin , in sight it was carrying out in American nidus groups in 2014 ."""
1,2,13.0,3,"""Cambridge Analytica also included extensive questions about Russia 's chair , Vladimir V. Putin , in surveys it was contain out in American focus groups in 2014 ."""
1,2,13.0,3,"""Cambridge Analytica also included extensive questions about Russia 's president , Vladimir V. Putin , in survey it was express out in American focus groups in 2014 ."""
1,2,13.0,3,"""Cambridge Analytica also included extensive questions about Russia 's president , Vladimir V. Putin , in surveys it was have a bun in the oven out in American focus groups in 2014 ."""
1,2,13.0,4,"""It is not clear what - or which client - prompted the line of questioning , which asked for views on topics ranging from Mr. Putin 's popularity to Russian expansionism ."""
1,2,13.0,4,"""It is not clear what - or which client - move the line of questioning , which asked for views on topics ranging from Mr. Putin 's popularity to Russian expansionism ."""
1,2,13.0,4,"""It is not clear what - or which client - prompted the line of questioning , which take for views on topics stray from Mr. Putin 's popularity to Russian expansionism ."""
1,2,13.0,4,"""It is not clear what - or which client - prompted the line of inquiring , which asked for views on topics ranging from Mr. Putin 's popularity to Russian expansionism ."""
1,2,13.0,5,"""On two promotional documents obtained by The New York Times , SCL aver it did line in Russia ."""
1,2,13.0,5,"""On two promotional documents find by The New York Times , SCL said it did business in Russia ."""
1,2,13.0,5,"""On two promotional documents obtained by The New York Times , SCL enunciate it did business in Russia ."""
1,2,13.0,5,"""On two promotional papers obtained by The New York Times , SCL order it did business in Russia ."""
1,2,13.0,6,"""In both document , the country is highlighted on world maps that specify the location of SCL clients , with one of the maps take down that the clients were for the firm 's elections division ."""
1,2,13.0,6,"""In both documents , the country is highlighted on human race maps that specify the location of SCL clients , with one of the maps noting that the clients were for the house 's elections division ."""
1,2,13.0,6,"""In both documents , the country is highlighted on world maps that specify the position of SCL clients , with one of the maps noting that the clients were for the firm 's elections naval division ."""
1,2,13.0,6,"""In both documents , the country is highlighted on world function that specify the location of SCL customer , with one of the function noting that the customer were for the firm 's elections division ."""
1,2,13.0,7,"""In a statement , SCL said an employee had fare "" commercial work "" about 25 years ago "" for a private company in Russia . """
1,2,13.0,7,"""In a statement , SCL said an employee had done "" commercial oeuvre "" about 25 class ago "" for a private company in Russia . """
1,2,13.0,7,"""In a statement , SCL aver an employee had done "" commercial work "" about 25 twelvemonth ago "" for a private company in Russia . """
1,2,13.0,7,"""In a command , SCL said an employee had done "" commercial work "" about 25 years ago "" for a private companionship in Russia . """
1,2,13.0,8,"""Cambridge Analytica has been a political flash point since its function in the Trump campaign attracted examination after the election ."""
1,2,13.0,8,"""Cambridge Analytica has been a political flash point since its role in the Trump run draw in scrutiny after the election ."""
1,2,13.0,8,"""Cambridge Analytica has been a political flash point since its use in the Trump campaign attracted scrutiny after the election ."""
1,2,13.0,8,"""Cambridge Analytica has been a political flash head since its role in the Trump campaign draw scrutiny after the election ."""
1,2,13.0,9,"""While Mr. Nix 's firm call on over some records to the House Permanent Select Committee on Intelligence during its probe of Russian interference , Democrats on the committee want a fuller review ."""
1,2,13.0,9,"""While Mr. Nix 's firm turned over some records to the House Permanent Select Committee on Intelligence during its investigating of Russian interference , Democrats on the committee want a fuller review ."""
1,2,13.0,9,"""While Mr. Nix 's firm turned over some records to the House Permanent Select Committee on Intelligence during its investigation of Russian intervention , Democrats on the committee want a full review ."""
1,2,13.0,9,"""While Mr. Nix 's firm sour over some records to the House Permanent Select Committee on Intelligence during its investigation of Russian interference , Democrats on the committee desire a fuller review ."""
1,2,13.0,10,""" It is imperative to interview a broader reach of individuals employed by or linked to Cambridge Analytica , "" they said in a report this calendar month ."""
1,2,13.0,10,""" It is imperative to question a wide range of individuals employed by or linked to Cambridge Analytica , "" they said in a report this month ."""
1,2,13.0,10,""" It is imperative to interview a broader range of someone employed by or join to Cambridge Analytica , "" they said in a report this month ."""
1,2,13.0,10,""" It is imperative to question a broader range of individuals employed by or linked to Cambridge Analytica , "" they said in a report this calendar month ."""
1,2,13.0,11,"""Asked about the Russian oil company , a spokesman for SCL said that in 2014 the firm 's commercial division "" discussed helping Lukoil Turkey better absorb with its loyalty - card customers at gas stations . """
1,2,13.0,11,"""Asked about the Russian oil company , a spokesman for SCL said that in 2014 the firm 's commercial division "" discussed helping Lukoil Turkey better engage with its trueness - card client at gas stations . """
1,2,13.0,11,"""enquire about the Russian oil company , a spokesman for SCL said that in 2014 the firm 's commercial division "" discussed helping Lukoil Turkey better engage with its trueness - card customers at gas stations . """
1,2,13.0,11,"""Asked about the Russian oil company , a spokesman for SCL said that in 2014 the firm 's commercial sectionalization "" discussed assist Lukoil Turkey better engage with its loyalty - card customers at gas stations . """
1,2,13.0,12,"""The spokesman suppose SCL was not ultimately employ ."""
1,2,13.0,12,"""The spokesman tell SCL was not ultimately hired ."""
1,2,13.0,12,"""The spokesman enjoin SCL was not ultimately hired ."""
1,2,13.0,12,"""The spokesman said SCL was not ultimately take ."""
1,2,13.0,13,"""Arash Repac , chief executive director of Lukoil Eurasia Petrol , offered a different explanation for the talks ."""
1,2,13.0,13,"""Arash Repac , chief executive of Lukoil Eurasia Petrol , offered a unlike explanation for the talks ."""
1,2,13.0,13,"""Arash Repac , chief administrator of Lukoil Eurasia Petrol , offered a different explanation for the talks ."""
1,2,13.0,13,"""Arash Repac , chief executive of Lukoil Eurasia Petrol , offered a different explanation for the lecture ."""
1,2,13.0,14,"""He said that a meeting he attended with SCL in Turkey postulate a promotional effort with local soccer teams ."""
1,2,13.0,14,"""He said that a meeting he attended with SCL in Turkey involved a promotional campaign with local soccer team ."""
1,2,13.0,14,"""He said that a meeting he attended with SCL in Turkey involved a promotional campaign with local soccer teams ."""
1,2,13.0,14,"""He said that a meeting he attend to with SCL in Turkey involved a promotional military campaign with local soccer teams ."""
1,2,13.0,15,""" We needed somebody to pass us with the customer data that we were roll up , "" he wrote in response to a question from The Times ."""
1,2,13.0,15,""" We needed somebody to draw us with the client data that we were collecting , "" he wrote in response to a question from The Times ."""
1,2,13.0,15,""" We needed somebody to guide us with the customer data point that we were amass , "" he wrote in response to a question from The Times ."""
1,2,13.0,15,""" We needed somebody to maneuver us with the customer data that we were roll up , "" he wrote in response to a question from The Times ."""
1,2,13.0,16,""" Even though our political campaign went ahead , we make up one's mind not to cooperate with SCL ."""
1,2,13.0,16,""" Even though our military campaign went ahead , we decided not to collaborate with SCL ."""
1,2,13.0,16,""" Even though our campaign go bad ahead , we decided not to get together with SCL ."""
1,2,13.0,16,""" Even though our movement went ahead , we resolve not to cooperate with SCL ."""
1,2,13.0,17,"""No contract bridge were sign . """
1,2,13.0,17,"""No contract bridge were signal . """
1,2,13.0,17,"""No contract bridge were ratify . """
1,2,13.0,17,"""No contract were signalize . """
1,2,13.0,18,"""But Christopher Wylie , who helped found Cambridge Analytica and develop the ship's company 's voter - profiling technology , said Lukoil showed interest in how the ship's company used data to tailor messaging to American voters ."""
1,2,13.0,18,"""But Christopher Wylie , who helped found Cambridge Analytica and develop the party 's voter - profiling technology , said Lukoil showed interest in how the party used data to tailor messaging to American elector ."""
1,2,13.0,18,"""But Christopher Wylie , who helped found Cambridge Analytica and develop the company 's voter - profiling technology , said Lukoil showed interest in how the company used data to tailor messaging to American elector ."""
1,2,13.0,18,"""But Christopher Wylie , who helped institute Cambridge Analytica and develop the company 's voter - profiling technology , said Lukoil showed interest group in how the company used data to tailor messaging to American voters ."""
1,2,13.0,19,""" I retrieve being super confused , "" say Mr. Wylie , who took part in one of the Lukoil meetings ."""
1,2,13.0,19,""" I remember being super confused , "" enunciate Mr. Wylie , who took part in one of the Lukoil get together ."""
1,2,13.0,19,""" I remember being super confused , "" said Mr. Wylie , who charter constituent in one of the Lukoil meetings ."""
1,2,13.0,19,""" I remember being super confused , "" suppose Mr. Wylie , who took percentage in one of the Lukoil meetings ."""
1,2,14.0,t,"""Senate Judiciary Dem call on Zuckerberg to testify before citizens committee"""
1,2,14.0,t,"""Senate Judiciary Dem call off on Zuckerberg to take the stand before committee"""
1,2,14.0,t,"""Senate Judiciary Dem hollo on Zuckerberg to testify before citizens committee"""
1,2,14.0,t,"""Senate Judiciary Dem hollo on Zuckerberg to testify before commission"""
1,2,14.0,0,"""Sen. Amy Klobuchar Amy Jean KlobucharOvernight Health Care : Trump eases rules on insurance outside ObamaCare | HHS office on religious rights gets 300 complaints in a month | GOP chair eyes opioid bill suffrage by Memorial Day Overnight Regulation : Trump"""
1,2,14.0,0,"""Sen. Amy Klobuchar Amy Jean KlobucharOvernight Health Care : Trump eases rules on policy outside ObamaCare | HHS office on religious rights gets 300 complaints in a month | GOP chair eyes opioid bill vote by Memorial Day Overnight Regulation : Trump"""
1,2,14.0,0,"""Sen. Amy Klobuchar Amy Jean KlobucharOvernight Health Care : Trump eases rules on insurance outside ObamaCare | HHS office on religious rights gets 300 complaints in a month | GOP chair eyes opioid bill balloting by Memorial Day Overnight Regulation : Trump"""
1,2,14.0,0,"""Sen. Amy Klobuchar Amy Jean KlobucharOvernight Health Care : Trump eases rules on insurance outside ObamaCare | HHS office on religious rights gets 300 complaints in a month | GOP chairman optic opioid bill vote by Memorial Day Overnight Regulation : Trump"""
1,2,14.0,1,""" Facebook breach : This is a major breach that must be investigate ."""
1,2,14.0,1,""" Facebook falling out : This is a major falling out that must be inquire ."""
1,2,14.0,1,""" Facebook rupture : This is a major rupture that must be investigated ."""
1,2,14.0,2,"""It 's clear these chopine ca n't patrol themselves ."""
1,2,14.0,2,"""It 's clear these weapons platform ca n't police themselves ."""
1,2,14.0,2,"""It 's clear these platform ca n't patrol themselves ."""
1,2,14.0,2,"""It 's clear these chopine ca n't police themselves ."""
1,2,14.0,3,"""I 've called for more transparence & answerableness for online political ads ."""
1,2,14.0,3,"""I 've called for more than transparency & accountability for online political ads ."""
1,2,14.0,3,"""I 've called for more transparentness & accountability for online political advertizement ."""
1,2,14.0,3,"""I 've called for more transparency & answerableness for online political ads ."""
1,2,14.0,4,"""They sound out "" swear us . """
1,2,14.0,4,"""They aver "" desire us . """
1,2,14.0,4,"""They enounce "" intrust us . """
1,2,14.0,5,"""Mark Zuckerberg ask to bear witness before Senate Judiciary , "" Klobuchar , a member of the committee , wrote on Twitter ."""
1,2,14.0,5,"""Mark Zuckerberg needs to testify before Senate Judiciary , "" Klobuchar , a appendage of the commission , wrote on Twitter ."""
1,2,14.0,5,"""Mark Zuckerberg needs to show before Senate Judiciary , "" Klobuchar , a member of the committee , write on Twitter ."""
1,2,14.0,5,"""Mark Zuckerberg needs to prove before Senate Judiciary , "" Klobuchar , a member of the commission , wrote on Twitter ."""
1,2,14.0,6,"""Her comment came in response to the intelligence that   Cambridge Analytica , the data firm used by the Trump campaign , obtained private information of more than 50 million people without their permit for campaign uses ."""
1,2,14.0,6,"""Her comment came in response to the news that   Cambridge Analytica , the data firm used by the Trump movement , obtained private information of more than 50 million people without their permission for movement uses ."""
1,2,14.0,6,"""Her comment amount in response to the news that   Cambridge Analytica , the data firm used by the Trump cause , obtained private information of more than 50 million people without their permission for cause uses ."""
1,2,14.0,6,"""Her comment came in reaction to the news that   Cambridge Analytica , the data firm used by the Trump campaign , obtained private information of more than 50 million people without their permission for campaign uses ."""
1,2,14.0,7,"""It was also reported that senior members of Cambridge Analytica met with Russian business administrator ahead of the 2016 campaign ."""
1,2,14.0,7,"""It was also reported that senior penis of Cambridge Analytica met with Russian business executives ahead of the 2016 campaign ."""
1,2,14.0,7,"""It was also reported that senior members of Cambridge Analytica met with Russian business executives ahead of the 2016 run ."""
1,2,14.0,7,"""It was also account that senior members of Cambridge Analytica met with Russian occupation executives ahead of the 2016 campaign ."""
1,2,14.0,8,"""Facebook suspended the group on Friday for not fully edit all of the data it had get ."""
1,2,14.0,8,"""Facebook debar the group on Friday for not fully deleting all of the data it had hold ."""
1,2,14.0,8,"""Facebook suspended the group on Friday for not fully erase all of the datum it had obtained ."""
1,2,14.0,8,"""Facebook set aside the group on Friday for not fully erase all of the data it had obtained ."""
1,2,14.0,9,"""Klobucar also said that Cambridge Analytica use up information on Facebook users is further justification for regulating technology companies via her Honest Ads Act ."""
1,2,14.0,9,"""Klobucar also said that Cambridge Analytica taking data on Facebook drug user is further justification for shape technology companies via her Honest Ads Act ."""
1,2,14.0,9,"""Klobucar also said that Cambridge Analytica taking data on Facebook substance abuser is further justification for regulating technology company via her Honest Ads Act ."""
1,2,14.0,9,"""Klobucar also said that Cambridge Analytica subscribe to data on Facebook users is further justification for regulating technology companies via her Honest Ads Act ."""
1,2,14.0,10,"""She introduced the billhook in later 2017 , which would hold internet platforms like Facebook to similar political ad disclosure standards as radio , TV and print outlets ."""
1,2,14.0,10,"""She present the bill in late 2017 , which would hold internet platforms like Facebook to similar political ad disclosure standards as radio , television receiver and print outlets ."""
1,2,14.0,10,"""She introduced the bill in late 2017 , which would hold internet platforms like Facebook to similar political advertising disclosure standards as radio , tv and print outlets ."""
1,2,14.0,10,"""She introduced the bill in late 2017 , which would declare net platforms like Facebook to similar political ad disclosure standards as radio , TV and print outlets ."""
1,2,14.0,11,"""Sen. Mark Warner Mark Robert WarnerLawmakers care about rise of fake video technology Mueller indictment disclose sophisticated Russian manipulation effort GOP cautious , Dems strident in reaction to new indictments MORE ( D - Va. ) who co - sponsored the"""
1,2,14.0,11,"""Sen. Mark Warner Mark Robert WarnerLawmakers worry about rise of fake video technology Mueller indictment let on sophisticated Russian manipulation effort GOP cautious , Dems strident in reaction to new indictments MORE ( D - Va. ) who co - patronize the"""
1,2,14.0,11,"""Sen. Mark Warner Mark Robert WarnerLawmakers worry about rise of fake video technology Mueller indictment reveals sophisticated Russian handling effort GOP cautious , Dems strident in reaction to new indictments MORE ( D - Va. ) who co - sponsored the"""
1,2,14.0,11,"""Sen. Mark Warner Mark Robert WarnerLawmakers worry about cost increase of fake video technology Mueller indictment reveals sophisticated Russian manipulation effort GOP cautious , Dems strident in reaction to new indictments MORE ( D - Va. ) who co - sponsored the"""
1,2,14.0,12,""" Whether it 's allowing Russians to purchase political ads , or extensive micro - targeting ground on ill - gotten drug user data , it 's clear that , left unregulated , this market will continue to be prone to deception and lacking in transparency , "" he said in a s"""
1,2,14.0,12,""" Whether it 's allowing Russians to purchase political ads , or extensive micro - targeting based on ill - gotten user data , it 's clear that , left unregulated , this market will continue to be prone to deception and lacking in transparency , "" he said in a siemens"""
1,2,14.0,12,""" Whether it 's allowing Russians to purchase political ads , or extensive micro - targeting based on ill - gotten drug user data , it 's clear that , give unregulated , this market will continue to be prone to deception and lacking in transparency , "" he said in a s"""
1,2,14.0,12,""" Whether it 's allowing Russians to purchase political ads , or extensive micro - targeting based on ill - receive user data , it 's clear that , left unregulated , this market will continue to be prone to deception and lacking in transparence , "" he said in a s"""
1,2,14.0,13,""" This is another strong indication of the need for Congress to quickly pass the Honest Ads Act to bring transparency and accountability to online political advertisements . """
1,2,14.0,13,""" This is another strong indication of the need for Congress to quickly pass the Honest Ads Act to bring foil and accountability to online political ad . """
1,2,14.0,13,""" This is another strong indication of the motivation for Congress to quickly pass the Honest Ads Act to bring transparency and accountability to online political advert . """
1,2,14.0,13,""" This is another strong indication of the indigence for Congress to quickly hand the Honest Ads Act to bring transparency and accountability to online political advertisements . """
1,2,14.0,14,"""Facebook 's general counseling , Colin Stretch , testified in front of the Judiciary Committee alongside top lawyers from Google and Twitter , at the end of October about Russian manipulation on its platform ."""
1,2,14.0,14,"""Facebook 's general advocate , Colin Stretch , testified in figurehead of the Judiciary Committee alongside top lawyers from Google and Twitter , at the end of October about Russian manipulation on its platform ."""
1,2,14.0,14,"""Facebook 's general counsel , Colin Stretch , testified in front of the Judiciary Committee alongside top lawyers from Google and Twitter , at the end of October about Russian manipulation on its platform ."""
1,2,14.0,14,"""Facebook 's general counsel , Colin Stretch , testified in front of the Judiciary Committee alongside top attorney from Google and Twitter , at the end of October about Russian manipulation on its program ."""
1,2,14.0,15,"""At the time , some lawmakers said that they would also wish to see top executives from the business firm appear before Congress ."""
1,2,14.0,15,"""At the time , some lawmakers said that they would also like to see top executives from the house come along before Congress ."""
1,2,14.0,15,"""At the clock time , some lawmakers pronounce that they would also like to see top executives from the firm appear before Congress ."""
1,2,14.0,15,"""At the time , some lawmakers said that they would also like to see top executives from the house seem before Congress ."""
1,2,14.0,16,"""The social media chopine has already been under increased scrutiny after it was revealed that Russian actors potentially linked to Russia spent $ 100,000 on political advertisements on the site during the presidential campaign ."""
1,2,14.0,16,"""The societal media platform has already been under increased scrutiny after it was revealed that Russian histrion potentially linked to Russia spent $ 100,000 on political advertisements on the site during the presidential campaign ."""
1,2,14.0,16,"""The social media platform has already been under increased scrutiny after it was unwrap that Russian actors potentially linked to Russia spent $ 100,000 on political advertisements on the site during the presidential campaign ."""
1,2,14.0,16,"""The social media platform has already been under increased scrutiny after it was revealed that Russian actors potentially linked to Russia spent $ 100,000 on political advertisements on the land site during the presidential safari ."""
1,2,14.0,17,"""Facebook has been join forces with investigator ."""
1,2,14.0,17,"""Facebook has been cooperate with detective ."""
1,2,14.0,17,"""Facebook has been collaborate with tec ."""
1,2,14.0,17,"""Facebook has been collaborate with investigator ."""
1,2,14.0,18,"""The information about the ads was handed to Congress and special counsel Robert Mueller Robert Swan MuellerSasse : US should applaud choice of Mueller to lead Russia poke into MORE for their investigations into Russian preventive in the election ."""
1,2,14.0,18,"""The information about the advertising was handed to Congress and special counsel Robert Mueller Robert Swan MuellerSasse : US should applaud selection of Mueller to lead Russia probe MORE for their investigations into Russian interference in the election ."""
1,2,14.0,18,"""The information about the ads was handed to Congress and special direction Robert Mueller Robert Swan MuellerSasse : US should acclaim choice of Mueller to lead Russia probe MORE for their investigations into Russian interference in the election ."""
1,2,14.0,18,"""The information about the ads was handed to Congress and special counsel Robert Mueller Robert Swan MuellerSasse : US should spat choice of Mueller to lead Russia poke into MORE for their investigations into Russian interference in the election ."""
2,2,15.0,t,"""horn - linked Cambridge Analytica exploit 50 M Facebook profiles"""
2,2,15.0,t,"""trump card - linked Cambridge Analytica pink 50 M Facebook profiles"""
2,2,15.0,t,"""Trump - linked Cambridge Analytica solicit 50 M Facebook profile"""
2,2,15.0,t,"""horn - linked Cambridge Analytica tapped 50 M Facebook profile"""
2,2,15.0,0,"""A data analysis firm engage by President Donald Trump 's 2016 campaign tapped the Facebook profiles of more than than 50 million users without their permission ."""
2,2,15.0,0,"""A data analysis firm employed by President Donald Trump 's 2016 military campaign tapped the Facebook profiles of more than 50 million drug user without their permission ."""
2,2,15.0,0,"""A data point analysis firm employed by President Donald Trump 's 2016 campaign tapped the Facebook profiles of more than 50 million drug user without their permission ."""
2,2,15.0,0,"""A data analysis firm engage by President Donald Trump 's 2016 drive tapped the Facebook profiles of more than 50 million users without their permission ."""
2,2,15.0,1,"""The move leave Cambridge Analytica to capitalize on the private social media activity of a large portion of the U.S. electorate , developing techniques that corroborate its work on President Trump 's campaign in 2016 , according to two major reports o"""
2,2,15.0,1,"""The move allowed Cambridge Analytica to capitalize on the private social media activity of a large portion of the U.S. electorate , get techniques that underpinned its work on President Trump 's campaign in 2016 , according to two major reports group O"""
2,2,15.0,1,"""The move allowed Cambridge Analytica to capitalize on the private social media activity of a large portion of the U.S. electorate , developing techniques that underpinned its work on President Trump 's campaign in 2016 , according to two major study o"""
2,2,15.0,1,"""The move allowed Cambridge Analytica to capitalize on the private social media activity of a large portion of the U.S. electorate , developing techniques that underpinned its workplace on President Trump 's campaign in 2016 , according to two major reports o"""
2,2,15.0,2,"""One of the largest data news leak in Facebook history allowed Cambridge Analytica , which had ties to Trump hunting expedition strategist Steve Bannon , to develop techniques that formed the basis of its work on the Trump hunting expedition , The New York Times and The Guardia"""
2,2,15.0,2,"""One of the largest data leaks in Facebook chronicle allowed Cambridge Analytica , which had ties to Trump campaign strategist Steve Bannon , to develop techniques that mold the basis of its work on the Trump campaign , The New York Times and The Guardia"""
2,2,15.0,2,"""One of the largest data leaks in Facebook history allowed Cambridge Analytica , which had ties to Trump run strategist Steve Bannon , to produce techniques that formed the basis of its work on the Trump run , The New York Times and The Guardia"""
2,2,15.0,2,"""One of the largest data leaks in Facebook history allowed Cambridge Analytica , which ingest ties to Trump campaign strategian Steve Bannon , to develop techniques that formed the basis of its work on the Trump campaign , The New York Times and The Guardia"""
2,2,15.0,3,"""Facebook said it has debar Cambridge Analytica- it has also debar University of Cambridge psychological science professor Aleksandr Kogan who created the harvesting app in question ; and another individual , Christopher Wylie of Eunoia Technologies ( previ"""
2,2,15.0,3,"""Facebook said it has freeze Cambridge Analytica- it has also freeze University of Cambridge psychology prof Aleksandr Kogan who created the harvesting app in question ; and another individual , Christopher Wylie of Eunoia Technologies ( previ"""
2,2,15.0,3,"""Facebook said it has suspended Cambridge Analytica- it has also suspended University of Cambridge psychology professor Aleksandr Kogan who created the harvesting app in interrogative ; and another mortal , Christopher Wylie of Eunoia Technologies ( previ"""
2,2,15.0,3,"""Facebook said it has suspended Cambridge Analytica- it has also suspended University of Cambridge psychology professor Aleksandr Kogan who created the harvesting app in interrogation ; and another individual , Christopher Wylie of Eunoia Technologies ( previ"""
2,2,15.0,4,"""Wylie , former Cambride Analytica worker , turned whistleblower has become a focal point in the illegitimate acquisitions of the 50million Facebook profiles and user data ."""
2,2,15.0,4,"""Wylie , former Cambride Analytica worker , turned whistleblower has become a focal period in the illegitimate acquisitions of the 50million Facebook profiles and user data ."""
2,2,15.0,4,"""Wylie , former Cambride Analytica worker , rick whistleblower has become a focal point in the illegitimate attainment of the 50million Facebook profiles and user data ."""
2,2,15.0,4,"""Wylie , former Cambride Analytica proletarian , turned whistleblower has become a focal point in the illegitimate acquisitions of the 50million Facebook profiles and user data ."""
2,2,15.0,5,"""Wylie , who is now just 28 - years - old , and arguably a tech prodigy , evidence the Guardian he has a paper trail of the harvested 50million - user data , along with receipts , invoices , emails and legal letters - that all support how between June and August of 2"""
2,2,15.0,5,"""Wylie , who is now just 28 - years - old , and arguably a tech prodigy , recount the Guardian he has a paper trail of the harvested 50million - user data , along with receipts , invoices , email and legal letters - that all support how between June and August of 2"""
2,2,15.0,5,"""Wylie , who is now just 28 - years - old , and arguably a tech prodigy , tell apart the Guardian he has a paper trail of the harvested 50million - user data , along with receipts , invoices , emails and legal letters - that all support how between June and August of 2"""
2,2,15.0,5,"""Wylie , who is now just 28 - years - old , and arguably a tech prodigy , told the Guardian he has a paper trail of the harvested 50million - user data , along with revenue , account , emails and legal letters - that all support how between June and August of 2"""
2,2,15.0,6,"""Most damning of all , in 2014 , he had a letter from Facebook 's own attorney intromit that Cambridge Analytica had acquired the data illegitimately ."""
2,2,15.0,6,"""Most damning of all , in 2014 , he had a letter from Facebook 's own lawyers accept that Cambridge Analytica had acquired the data illegitimately ."""
2,2,15.0,6,"""Most damning of all , in 2014 , he consume a letter from Facebook 's own lawyers admitting that Cambridge Analytica consume acquired the information illegitimately ."""
2,2,15.0,6,"""Most damning of all , in 2014 , he had a letter from Facebook 's own lawyers include that Cambridge Analytica had acquired the information illegitimately ."""
2,2,15.0,7,"""By opening up his record book during the time of his employment with Cambridge Analytica , he is breaking a non - disclosure agreement and risks being sued ."""
2,2,15.0,7,"""By opening up his records during the time of his employment with Cambridge Analytica , he is breaking a non - disclosure agreement and risks being action ."""
2,2,15.0,7,"""By opening up his record during the time of his employment with Cambridge Analytica , he is breaking a non - disclosure agreement and risks being sued ."""
2,2,15.0,7,"""By opening up his criminal record during the time of his employment with Cambridge Analytica , he is breaking a non - disclosure agreement and risks being sued ."""
2,2,15.0,8,"""Additionally , he is break in the trust of Steve Bannon and Robert Mercer , the CEO of Cambridge Analytica ."""
2,2,15.0,8,"""Additionally , he is develop the assurance of Steve Bannon and Robert Mercer , the CEO of Cambridge Analytica ."""
2,2,15.0,8,"""Additionally , he is give way the trust of Steve Bannon and Robert Mercer , the CEO of Cambridge Analytica ."""
2,2,15.0,8,"""Additionally , he is separate the assurance of Steve Bannon and Robert Mercer , the CEO of Cambridge Analytica ."""
2,2,15.0,9,"""In 2014 , Bannon had become a board extremity for Cambridge Analytica , and went on to become Trump 's chief safari strategist ."""
2,2,15.0,9,"""In 2014 , Bannon had become a board extremity for Cambridge Analytica , and went on to become Trump 's chief campaign strategian ."""
2,2,15.0,9,"""In 2014 , Bannon had become a board phallus for Cambridge Analytica , and went on to become Trump 's chief campaign strategian ."""
2,2,15.0,9,"""In 2014 , Bannon had turn a board member for Cambridge Analytica , and went on to turn Trump 's chief effort strategist ."""
2,2,15.0,10,"""Facebook pronounce it suspended Cambridge Analytica over allegations that it kept the improperly obtained user data after state Facebook it had been deleted ."""
2,2,15.0,10,"""Facebook said it suspended Cambridge Analytica over allegations that it kept the improperly incur exploiter data after telling Facebook it had been deleted ."""
2,2,15.0,10,"""Facebook order it suspended Cambridge Analytica over allegations that it kept the improperly obtained user data after severalize Facebook it had been deleted ."""
2,2,15.0,10,"""Facebook said it suspended Cambridge Analytica over allegations that it kept the improperly find user information after telling Facebook it had been deleted ."""
2,2,15.0,11,"""In a blog military post , Facebook explained that Cambridge Analytica had years ago find user data from a Facebook app that purported to be a psychological research tool , though the firm was not authorized to have the information ."""
2,2,15.0,11,"""In a blog post , Facebook explained that Cambridge Analytica had years ago received user data from a Facebook app that purported to be a psychological research instrument , though the firm was not authorized to have the info ."""
2,2,15.0,11,"""In a blog post , Facebook explained that Cambridge Analytica had years ago received user data from a Facebook app that purported to be a psychological enquiry peter , though the firm was not authorized to have the information ."""
2,2,15.0,11,"""In a blog post , Facebook explained that Cambridge Analytica had years ago received substance abuser data from a Facebook app that purported to be a psychological research puppet , though the firm was not authorized to have the information ."""
2,2,15.0,12,"""Cambridge Analytica later certified in 2015 that it had destroyed the information it had received , according to Facebook , although the social net said it received written report ' several days ago ' that not all the data was deleted ."""
2,2,15.0,12,"""Cambridge Analytica later certified in 2015 that it had destroyed the information it had received , according to Facebook , although the social meshwork said it received reports ' several day ago ' that not all the data was deleted ."""
2,2,15.0,12,"""Cambridge Analytica later certified in 2015 that it had destroyed the information it had received , according to Facebook , although the social network said it received report ' several days ago ' that not all the data was cancel ."""
2,2,15.0,12,"""Cambridge Analytica later certified in 2015 that it had destroyed the information it had received , harmonise to Facebook , although the social network said it received reports ' several days ago ' that not all the data point was deleted ."""
2,2,15.0,13,"""Facebook enounce it is enquire ."""
2,2,15.0,13,"""Facebook read it is enquire ."""
2,2,15.0,13,"""Facebook suppose it is enquire ."""
2,2,15.0,13,"""Facebook enjoin it is inquire ."""
2,2,15.0,14,"""Cambridge Analytica deny error in a statement ."""
2,2,15.0,14,"""Cambridge Analytica traverse wrongdoing in a command ."""
2,2,15.0,14,"""Cambridge Analytica denied wrongful conduct in a command ."""
2,2,15.0,14,"""Cambridge Analytica abnegate wrongful conduct in a statement ."""
2,2,15.0,15,"""It said the parent company 's SCL Elections unit hired Kogan to undertake ' a large scale research project in the U.S. , ' but subsequently deleted all data it received from Kogan 's company after learning that Kogan had obtained data in misdemeanour of Fac"""
2,2,15.0,15,"""It said the parent company 's SCL Elections unit hired Kogan to undertake ' a large scale research task in the U.S. , ' but subsequently edit all data it received from Kogan 's company after learning that Kogan had obtained data in violation of Fac"""
2,2,15.0,15,"""It said the parent company 's SCL Elections unit hired Kogan to undertake ' a large scale inquiry project in the U.S. , ' but subsequently deleted all data it experience from Kogan 's company after learning that Kogan had obtained data in violation of Fac"""
2,2,15.0,15,"""It said the parent company 's SCL Elections unit hired Kogan to undertake ' a big scale research project in the U.S. , ' but subsequently deleted all information it received from Kogan 's company after learning that Kogan had obtained information in violation of Fac"""
2,2,15.0,16,"""According to Cambridge Analytica 's parent company , SCL Elections , the business firm tell none of Kogan 's data was used in its 2016 election work for the ' avoidance of doubt . '"""
2,2,15.0,16,"""According to Cambridge Analytica 's parent company , SCL Elections , the business firm said none of Kogan 's data was used in its 2016 election work for the ' dodging of doubt . '"""
2,2,15.0,16,"""According to Cambridge Analytica 's parent company , SCL Elections , the firm said none of Kogan 's data was used in its 2016 election body of work for the ' dodging of doubt . '"""
2,2,15.0,16,"""According to Cambridge Analytica 's parent company , SCL Elections , the firm enjoin none of Kogan 's data was used in its 2016 election work for the ' avoidance of doubt . '"""
2,2,15.0,17,"""Kogan did not immediately reply to an emailed petition for comment ."""
2,2,15.0,17,"""Kogan did not immediately answer to an emailed request for remark ."""
2,2,15.0,17,"""Kogan did not immediately respond to an emailed petition for comment ."""
2,2,15.0,17,"""Kogan did not immediately respond to an emailed request for comment ."""
2,2,15.0,18,"""Wylie could not immediately be locate ."""
2,2,15.0,18,"""Wylie could not immediately be place ."""
2,2,15.0,18,"""Wylie could not immediately be turn up ."""
2,2,15.0,19,"""The Facebook blog post , written by deputy general counsel Paul Grewal , cited the ' public prominence ' of Cambridge Analytica , called the alleged data retention an ' unacceptable violation of trust ' and said the societal network will take legal action if"""
2,2,15.0,19,"""The Facebook blog post , written by deputy general counsel Paul Grewal , cited the ' public prominence ' of Cambridge Analytica , called the alleged data retention an ' unacceptable misdemeanour of trust ' and said the social network will take legal action if"""
2,2,15.0,19,"""The Facebook blog post , written by deputy general counsel Paul Grewal , cited the ' public prominence ' of Cambridge Analytica , call in the alleged data retention an ' unacceptable violation of trust ' and said the societal network will take legal action if"""
2,2,15.0,19,"""The Facebook blog post , written by deputy general counsel Paul Grewal , refer the ' public prominence ' of Cambridge Analytica , yell the alleged data retention an ' unacceptable violation of trust ' and said the social network will take legal action if"""
0,2,16.0,t,"""Facebook look new calls for regulation"""
0,2,16.0,t,"""Facebook faces new calls for rule"""
0,2,16.0,t,"""Facebook present new calls for regularisation"""
0,2,16.0,t,"""Facebook faces new margin call for rule"""
0,2,16.0,0,"""Facebook faces new calls for regulation from within US Congress and was hit with questions about personal data safeguards after story that a political consultant profit inappropriate access to 50 million users ' data starting in 2014 ."""
0,2,16.0,0,"""Facebook faces new calls for regulation from within US Congress and was hit with head about personal data safeguards after reports that a political consultant gained inappropriate access to 50 million users ' data starting in 2014 ."""
0,2,16.0,0,"""Facebook faces new calls for regulation from within US Congress and was hit with questions about personal data safeguards after reports that a political advisor gained inappropriate access to 50 million users ' data starting in 2014 ."""
0,2,16.0,0,"""Facebook faces new claim for regulation from within US Congress and was hit with questions about personal data safeguards after reports that a political consultant gained inappropriate access to 50 million users ' data get going in 2014 ."""
0,2,16.0,1,"""Facebook disclosed the issue in a blog post on Friday , hours before media reports that conservative - leaning Cambridge Analytica , a data society known for its work on Donald Trump 's 2016 presidential campaign , was given entree to the data and may not"""
0,2,16.0,1,"""Facebook disclosed the issue in a blog post on Friday , hours before media reports that conservative - tilt Cambridge Analytica , a data company known for its work on Donald Trump 's 2016 presidential campaign , was given access to the data and may not"""
0,2,16.0,1,"""Facebook disclosed the event in a blog post on Friday , hours before media reports that conservative - leaning Cambridge Analytica , a data company cognise for its work on Donald Trump 's 2016 presidential campaign , was given access to the data and may not"""
0,2,16.0,1,"""Facebook disclosed the issue in a blog C. W. Post on Friday , hours before media reports that conservative - leaning Cambridge Analytica , a data company have sex for its work on Donald Trump 's 2016 presidential campaign , was given access to the data and may not"""
0,2,16.0,2,"""The scrutiny presented a new threat to Facebook 's repute , which was already under attack over Russia 's alleged use of Facebook tools to sway American voter before and after the 2016 US elections ."""
0,2,16.0,2,"""The examination presented a new threat to Facebook 's reputation , which was already under attack over Russia 's alleged function of Facebook tools to sway American voters before and after the 2016 US elections ."""
0,2,16.0,2,"""The scrutiny presented a new scourge to Facebook 's reputation , which was already under onset over Russia 's alleged use of Facebook tools to sway American voters before and after the 2016 US elections ."""
0,2,16.0,2,"""The scrutiny portray a new threat to Facebook 's reputation , which was already under attack over Russia 's alleged use of Facebook instrument to sway American voters before and after the 2016 US elections ."""
0,2,16.0,3,""" It 's clear these platforms ca n't police themselves , "" democratic US Senator Amy Klobuchar tweeted ."""
0,2,16.0,3,""" It 's clear these chopine ca n't patrol themselves , "" Democratic US Senator Amy Klobuchar tweeted ."""
0,2,16.0,3,""" It 's clear these platforms ca n't police themselves , "" democratic US Senator Amy Klobuchar twirp ."""
0,2,16.0,3,""" It 's clear these platforms ca n't police themselves , "" democratic US Senator Amy Klobuchar twinge ."""
0,2,16.0,4,""" They read ' desire us . '"""
0,2,16.0,4,""" They sound out ' desire us . '"""
0,2,16.0,4,""" They enjoin ' bank us . '"""
0,2,16.0,4,""" They order ' desire us . '"""
0,2,16.0,5,"""Mark Zuckerberg needs to show before Senate Judiciary , "" she added , referring to Facebook 's CEO and a citizens committee she sits on ."""
0,2,16.0,5,"""Mark Zuckerberg needs to testify before Senate Judiciary , "" she added , referring to Facebook 's CEO and a commission she ride on ."""
0,2,16.0,5,"""Mark Zuckerberg needs to testify before Senate Judiciary , "" she bring , referring to Facebook 's CEO and a commission she sits on ."""
0,2,16.0,5,"""Mark Zuckerberg needs to bear witness before Senate Judiciary , "" she summate , referring to Facebook 's CEO and a committee she sits on ."""
0,2,16.0,6,"""Facebook said the root of the problem was that researchers and Cambridge Analytica lied to it and abused its policies , but critics have thrown the blame at Facebook as well , necessitate answers on behalf of exploiter and calling for new regulation ."""
0,2,16.0,6,"""Facebook said the root of the problem was that researchers and Cambridge Analytica dwell to it and abused its policies , but critics have fuddle the blame at Facebook as well , demanding answers on behalf of users and calling for new regulation ."""
0,2,16.0,6,"""Facebook said the root of the problem was that research worker and Cambridge Analytica lied to it and abused its policies , but critics have thrown the blame at Facebook as well , demanding answers on behalf of users and calling for new regularization ."""
0,2,16.0,6,"""Facebook said the root of the problem was that researchers and Cambridge Analytica lied to it and abused its policies , but critic have thrown the blame at Facebook as well , demanding answers on behalf of exploiter and calling for new regulation ."""
0,2,16.0,7,"""Facebook insist the data was misused but not stolen , because users gave permission , sparking a debate about what constitutes a hacker that must be disclosed to customers ."""
0,2,16.0,7,"""Facebook importune the data was misused but not stolen , because users gave permission , sparking a debate about what found a hack that must be disclosed to customers ."""
0,2,16.0,7,"""Facebook insisted the data was misused but not stolen , because users gave permission , sparking a disputation about what constitutes a hack that must be disclosed to customer ."""
0,2,16.0,7,"""Facebook insisted the data point was misused but not stolen , because users gave permission , sparking a debate about what constitutes a hack that must be disclosed to client ."""
0,2,16.0,8,""" The lid is being opened on the black box of Facebook 's data practices , and the picture is not pretty , "" said Frank Pasquale , a University of Maryland law professor who has publish about Silicon Valley 's use of data ."""
0,2,16.0,8,""" The lid is being opened on the black box of Facebook 's data practices , and the picture is not pretty , "" said Frank Pasquale , a University of Maryland law prof who has written about Silicon Valley 's use of data ."""
0,2,16.0,8,""" The lid is being open up on the black box of Facebook 's data practices , and the picture is not pretty , "" said Frank Pasquale , a University of Maryland legal philosophy professor who has written about Silicon Valley 's use of data ."""
0,2,16.0,8,""" The lid is being opened on the black box of Facebook 's data practices , and the picture is not pretty , "" said Frank Pasquale , a University of Maryland law of nature professor who has written about Silicon Valley 's function of data ."""
0,2,16.0,9,"""Pasquale said Facebook 's response that data point had not technically been stolen seemed to obfuscate the central issue that data point was apparently used in a way contrary to the expectations of users ."""
0,2,16.0,9,"""Pasquale enunciate Facebook 's response that data had not technically been stolen seemed to obfuscate the central issue that data was apparently used in a way contrary to the expectation of users ."""
0,2,16.0,9,"""Pasquale said Facebook 's reply that data had not technically been stolen seemed to obfuscate the central issue that data was apparently used in a way contrary to the expectations of user ."""
0,2,16.0,9,"""Pasquale tell Facebook 's response that data had not technically been stolen seemed to obfuscate the central issue that data was apparently used in a way contrary to the expectations of users ."""
0,2,16.0,10,"""Democratic US Senator Mark Warner read the episode bolstered the need for new regulations about internet advertising , name the industry as the "" Wild West . """
0,2,16.0,10,"""Democratic US Senator Mark Warner said the episode bolstered the penury for new regulations about internet advertising , key out the industry as the "" Wild West . """
0,2,16.0,10,"""Democratic US Senator Mark Warner said the episode bolstered the need for new regulations about internet advertising , describing the manufacture as the "" Wild West . """
0,2,16.0,10,"""Democratic US Senator Mark Warner said the installment bolstered the need for new regulations about internet advertising , describing the industry as the "" Wild West . """
0,2,16.0,11,""" Whether it 's allowing Russians to purchase political ads , or extensive micro - targeting based on ill - gotten user data , it 's clear that , left unregulated , this market will continue to be prone to deception and miss in transparency , "" he said ."""
0,2,16.0,11,""" Whether it 's allowing Russians to purchase political ads , or extensive micro - targeting based on ill - gotten user data , it 's clear that , left unregulated , this market will continue to be prone to deception and lacking in transparency , "" he said ."""
0,2,16.0,11,""" Whether it 's allowing Russians to purchase political advertizing , or extensive micro - targeting based on ill - gotten user data , it 's clear that , left unregulated , this market will continue to be prone to deception and lacking in transparency , "" he said ."""
0,2,16.0,12,"""With Republicans keep in line the Senate 's majority , though , it was not clear if Klobuchar and Warner would obtain ."""
0,2,16.0,12,"""With Republicans ascertain the Senate 's legal age , though , it was not clear if Klobuchar and Warner would prevail ."""
0,2,16.0,12,"""With Republicans command the Senate 's legal age , though , it was not clear if Klobuchar and Warner would prevail ."""
0,2,16.0,12,"""With Republicans controlling the Senate 's majority , though , it was not clear if Klobuchar and Warner would predominate ."""
0,2,16.0,13,"""The New York Times and London 's Observer reported that private information from more than 50 million Facebook users improperly ended up in the workforce of Cambridge Analytica , and the information has not been deleted despite Facebook 's demands beginnin"""
0,2,16.0,13,"""The New York Times and London 's Observer reported that private selective information from more than 50 million Facebook users improperly ended up in the hands of Cambridge Analytica , and the selective information has not been deleted despite Facebook 's demands beginnin"""
0,2,16.0,13,"""The New York Times and London 's Observer reported that private information from more than 50 million Facebook exploiter improperly ended up in the hands of Cambridge Analytica , and the information has not been deleted despite Facebook 's demand beginnin"""
0,2,16.0,13,"""The New York Times and London 's Observer reported that private data from more than 50 million Facebook users improperly finish up in the hands of Cambridge Analytica , and the data has not been deleted despite Facebook 's demands beginnin"""
0,2,16.0,14,"""Some 270,000 the great unwashed allowed use of their data point by a researcher , who scraped the data point of all their friends as well , a move allowed by Facebook until 2015 ."""
0,2,16.0,14,"""Some 270,000 people allowed use of their datum by a researcher , who scraped the datum of all their friends as well , a relocation allowed by Facebook until 2015 ."""
0,2,16.0,14,"""Some 270,000 people allowed use of their information by a researcher , who come up the information of all their friends as well , a move allowed by Facebook until 2015 ."""
0,2,16.0,14,"""Some 270,000 people allowed use of their information by a research worker , who scraped the information of all their friends as well , a move allowed by Facebook until 2015 ."""
0,2,16.0,15,"""The researcher sold the datum to Cambridge , which was against Facebook rules , the newsprint said ."""
0,2,16.0,15,"""The researcher sold the data to Cambridge , which was against Facebook pattern , the newspapers enunciate ."""
0,2,16.0,15,"""The research worker sell the data to Cambridge , which was against Facebook rules , the newspapers said ."""
0,2,16.0,15,"""The researcher sold the data to Cambridge , which was against Facebook rules , the paper aver ."""
0,2,16.0,16,"""Cambridge Analytica mould on Trump 's 2016 political campaign ."""
0,2,16.0,16,"""Cambridge Analytica turn on Trump 's 2016 military campaign ."""
0,2,16.0,16,"""Cambridge Analytica cultivate on Trump 's 2016 movement ."""
0,2,16.0,16,"""Cambridge Analytica cultivate on Trump 's 2016 military campaign ."""
0,2,16.0,17,"""A Trump political campaign official said , though , that it used Republican data sources , not Cambridge Analytica , for its elector information ."""
0,2,16.0,17,"""A Trump run official said , though , that it use Republican data sources , not Cambridge Analytica , for its voter information ."""
0,2,16.0,17,"""A Trump campaign official said , though , that it used Republican info sources , not Cambridge Analytica , for its voter info ."""
0,2,16.0,17,"""A Trump campaign official said , though , that it utilize Republican data beginning , not Cambridge Analytica , for its voter information ."""
0,2,16.0,18,"""Facebook , in a serial publication of written statements , say its policies had been broken by Cambridge Analytica and researchers and that it was exploring legal action ."""
0,2,16.0,18,"""Facebook , in a serial publication of written instruction , said its policies had been broken by Cambridge Analytica and researchers and that it was exploring legal action ."""
0,2,16.0,18,"""Facebook , in a series of written statements , said its insurance policy had been broken by Cambridge Analytica and researchers and that it was search legal action ."""
0,2,16.0,18,"""Facebook , in a series of written statements , said its policies had been broken by Cambridge Analytica and researcher and that it was exploring legal action ."""
0,2,16.0,19,"""Cambridge Analytica in turn articulate it had deleted all the data and that the company provide it had been responsible for obtaining it ."""
0,2,16.0,19,"""Cambridge Analytica in turn said it had deleted all the information and that the company furnish it had been responsible for obtaining it ."""
0,2,16.0,19,"""Cambridge Analytica in turn said it had deleted all the data and that the company cater it had been responsible for obtaining it ."""
0,2,16.0,19,"""Cambridge Analytica in turn said it had deleted all the datum and that the company append it had been responsible for obtaining it ."""
1,2,17.0,t,"""Trump - yoke Cambridge Analytica suspended from Facebook after ' glean 50 million profiles '"""
1,2,17.0,t,"""trumpet - linked Cambridge Analytica suspended from Facebook after ' harvesting 50 million profile '"""
1,2,17.0,t,"""Trump - associate Cambridge Analytica suspended from Facebook after ' harvest 50 million profiles '"""
1,2,17.0,t,"""Trump - join Cambridge Analytica suspended from Facebook after ' harvesting 50 million profile '"""
1,2,17.0,0,"""A information analytics business firm that worked with Donald Trump 's election team has been suspended from Facebook amid claims it harvested 50 million profiles from the social media site ."""
1,2,17.0,0,"""A data analytics business firm that worked with Donald Trump 's election team has been debar from Facebook amid claims it harvested 50 million profiles from the social media site ."""
1,2,17.0,0,"""A data analytics firm that worked with Donald Trump 's election team has been suspended from Facebook amid claims it harvested 50 million visibility from the social media site ."""
1,2,17.0,0,"""A data analytics firm that worked with Donald Trump 's election team has been suspended from Facebook amid claims it glean 50 million profiles from the social media site ."""
1,2,17.0,1,"""Cambridge Analytica got information from an academic who was asking Facebook substance abuser to fill out surveys via an app as it sought to develop an effective campaigning dick ."""
1,2,17.0,1,"""Cambridge Analytica got information from an academic who was asking Facebook users to fill out study via an app as it sought to develop an effective campaigning puppet ."""
1,2,17.0,1,"""Cambridge Analytica bring information from an academic who was asking Facebook users to fill out surveys via an app as it sought to train an effective campaigning tool ."""
1,2,17.0,1,"""Cambridge Analytica got information from an faculty member who was asking Facebook users to fill out surveys via an app as it sought to develop an effective candidacy tool ."""
1,2,17.0,2,"""Around 270,000 Facebook users download the app but it allowed for information about hundreds of their online friends to be obtained without consent , a whistleblower claimed ."""
1,2,17.0,2,"""Around 270,000 Facebook users download the app but it allowed for information about hundreds of their online friends to be obtained without consent , a whistle blower claimed ."""
1,2,17.0,2,"""Around 270,000 Facebook users download the app but it allowed for info about hundreds of their online friends to be obtained without consent , a whistleblower claimed ."""
1,2,17.0,2,"""Around 270,000 Facebook users download the app but it allowed for information about hundreds of their online booster to be receive without consent , a whistleblower claimed ."""
1,2,17.0,3,"""Christopher Wylie , the former research director at Cambridge Analytica , went public about the alleged deportment after admitting regret over his involvement ."""
1,2,17.0,3,"""Christopher Wylie , the former research director at Cambridge Analytica , went public about the alleged behaviour after admitting rue over his intimacy ."""
1,2,17.0,3,"""Christopher Wylie , the former research director at Cambridge Analytica , get going public about the alleged behaviour after admitting regret over his involvement ."""
1,2,17.0,4,""" It allowed us to proceed into the hearts and minds of American voters in a way that had never been make before , "" Mr Wylie told Channel 4 News ."""
1,2,17.0,4,""" It allow us to move into the hearts and minds of American voters in a way that had never been done before , "" Mr Wylie told Channel 4 News ."""
1,2,17.0,4,""" It allowed us to move into the hearts and minds of American voters in a way that had never been make out before , "" Mr Wylie secernate Channel 4 News ."""
1,2,17.0,4,""" It allowed us to strike into the hearts and minds of American voters in a direction that had never been done before , "" Mr Wylie told Channel 4 News ."""
1,2,17.0,5,"""Elizabeth Denham , the Information Commissioner , enjoin she would be "" investigating the condition in which Facebook data may have been illegally acquired and used "" ."""
1,2,17.0,5,"""Elizabeth Denham , the Information Commissioner , said she would be "" investigating the circumstances in which Facebook data point may have been illegally acquire and used "" ."""
1,2,17.0,5,"""Elizabeth Denham , the Information Commissioner , suppose she would be "" investigating the circumstances in which Facebook data may have been illegally acquired and use "" ."""
1,2,17.0,5,"""Elizabeth Denham , the Information Commissioner , said she would be "" inquire the circumstances in which Facebook data may have been illegally larn and used "" ."""
1,2,18.0,t,"""Maura Healey to probe Brit data point house"""
1,2,18.0,t,"""Maura Healey to probe Brit information business firm"""
1,2,18.0,t,"""Maura Healey to poke into Brit datum firm"""
1,2,18.0,t,"""Maura Healey to poke into Brit data house"""
1,2,18.0,0,"""Massachusetts Attorney General Maura Healey is launching a investigation into British - based Cambridge Analytica , a data point - analysis firm that worked for President Trump 's 2016 campaign , over allegations that it held onto improperly obtained user data point after tell"""
1,2,18.0,0,"""Massachusetts Attorney General Maura Healey is plunge a probe into British - based Cambridge Analytica , a data - analytic thinking firm that worked for President Trump 's 2016 campaign , over allegations that it held onto improperly obtained user data after tell"""
1,2,18.0,0,"""Massachusetts Attorney General Maura Healey is found a probe into British - based Cambridge Analytica , a data - analysis firm that worked for President Trump 's 2016 campaign , over allegations that it contain onto improperly obtained user data after tell"""
1,2,18.0,0,"""Massachusetts Attorney General Maura Healey is launching a probe into British - based Cambridge Analytica , a data - analysis firm that worked for President Trump 's 2016 campaign , over allegement that it held onto improperly obtain user data after tell"""
1,2,18.0,1,""" Massachusetts residents deserve answers immediately from Facebook and Cambridge Analytica , "" Healey said in a billet on Twitter yesterday ."""
1,2,18.0,1,""" Massachusetts resident physician deserve solvent immediately from Facebook and Cambridge Analytica , "" Healey said in a post on Twitter yesterday ."""
1,2,18.0,1,""" Massachusetts residents merit answers immediately from Facebook and Cambridge Analytica , "" Healey tell in a post on Twitter yesterday ."""
1,2,18.0,1,""" Massachusetts residents deserve answer immediately from Facebook and Cambridge Analytica , "" Healey said in a C. W. Post on Twitter yesterday ."""
1,2,18.0,2,""" We are plunge an probe . """
1,2,18.0,2,""" We are establish an investigating . """
1,2,18.0,2,""" We are launch an probe . """
1,2,18.0,2,""" We are establish an probe . """
1,2,18.0,3,"""Healey 's power has already reached out to Facebook to determine what data point was accessed , how it was used , and whether Bay State residents were impacted ."""
1,2,18.0,3,"""Healey 's office has already reached out to Facebook to determine what data was accessed , how it was used , and whether Bay State resident physician were impact ."""
1,2,18.0,3,"""Healey 's office has already accomplish out to Facebook to determine what data was accessed , how it was used , and whether Bay State residents were touch ."""
1,2,18.0,3,"""Healey 's federal agency has already reached out to Facebook to determine what data was access , how it was used , and whether Bay State residents were impacted ."""
1,2,18.0,4,"""Healey 's announcement came time of day after the societal network issued a blog post explaining its decision to suspended the firm ."""
1,2,18.0,4,"""Healey 's announcement came hours after the social network make out a blog post explaining its decision to suspended the house ."""
1,2,18.0,4,"""Healey 's announcement came hours after the societal network go forth a blog post explaining its decision to suspended the firm ."""
1,2,18.0,4,"""Healey 's announcement came hours after the social network issued a blog post excuse its decision to suspend the firm ."""
1,2,18.0,5,"""Years ago , Facebook said , Cambridge Analytica received user data from a Facebook app that purported to be a psychological enquiry tool , though the firm was n't authorized to have that information ."""
1,2,18.0,5,"""Years ago , Facebook said , Cambridge Analytica received user data point from a Facebook app that purported to be a psychological research tool , though the firm was n't authorized to have that information ."""
1,2,18.0,5,"""Years ago , Facebook said , Cambridge Analytica received user data from a Facebook app that purported to be a psychological enquiry tool , though the firm was n't authorized to bear that information ."""
1,2,18.0,5,"""Years ago , Facebook said , Cambridge Analytica received drug user data from a Facebook app that purported to be a psychological research tool , though the firm was n't empower to have that information ."""
1,2,18.0,6,"""About 270,000 multitude download the app and shared their personal details with it , Facebook said ."""
1,2,18.0,6,"""About 270,000 people downloaded the app and shared their personal point with it , Facebook said ."""
1,2,18.0,6,"""About 270,000 people downloaded the app and apportion their personal details with it , Facebook suppose ."""
1,2,18.0,6,"""About 270,000 the great unwashed downloaded the app and partake in their personal details with it , Facebook said ."""
1,2,18.0,7,"""Cambridge Analytica later certified in 2015 that it had destroyed the selective information that it received , according to Facebook , although the social network said it received reports "" several days ago "" that not all of the data was edit ."""
1,2,18.0,7,"""Cambridge Analytica later certified in 2015 that it had destroyed the information that it invite , according to Facebook , although the societal network said it invite reports "" several days ago "" that not all of the data was deleted ."""
1,2,18.0,7,"""Cambridge Analytica later certified in 2015 that it had destruct the information that it welcome , according to Facebook , although the social network said it welcome reports "" several days ago "" that not all of the data was deleted ."""
1,2,18.0,7,"""Cambridge Analytica later licence in 2015 that it had destroyed the information that it received , according to Facebook , although the social network said it received reports "" several days ago "" that not all of the data was delete ."""
1,2,18.0,8,"""While it investigates the matter , Facebook has also suspended the access of Cambridge Analytica 's parent company , Strategic Communication Laboratories ; the academic who created the app in motion , a University of Cambridge psychological science professor named"""
1,2,18.0,8,"""While it investigates the affair , Facebook has also suspended the access of Cambridge Analytica 's parent company , Strategic Communication Laboratories ; the academic who created the app in inquiry , a University of Cambridge psychology professor named"""
1,2,18.0,8,"""While it look into the matter , Facebook has also suspended the access of Cambridge Analytica 's parent company , Strategic Communication Laboratories ; the academic who created the app in question , a University of Cambridge psychology professor named"""
1,2,18.0,8,"""While it investigates the matter , Facebook has also freeze the access of Cambridge Analytica 's parent fellowship , Strategic Communication Laboratories ; the academic who created the app in question , a University of Cambridge psychology professor named"""
1,2,18.0,9,"""Exactly why the handling of this data warranted both suspension and Facebook 's unusual public account of the move was n't clear ."""
1,2,18.0,9,"""Exactly why the handling of this data warranted both reprieve and Facebook 's strange public explanation of the move was n't clear ."""
1,2,18.0,9,"""Exactly why the handling of this data point warranted both suspension and Facebook 's unusual public explanation of the move was n't clear ."""
1,2,18.0,9,"""Exactly why the handling of this information warranted both suspension and Facebook 's unusual public explanation of the move was n't clear ."""
1,2,18.0,10,"""The blog military post , written by Facebook deputy general counsel Paul Grewal , cited the "" public prominence "" of Cambridge Analytica , called the alleged data point retention an "" unacceptable violation of trust "" and said the social network will take legal action if"""
1,2,18.0,10,"""The blog post , written by Facebook deputy general pleader Paul Grewal , cited the "" public prominence "" of Cambridge Analytica , called the alleged data memory an "" unacceptable violation of trust "" and said the social network will take legal action if"""
1,2,18.0,10,"""The blog post , written by Facebook deputy general counsel Paul Grewal , cited the "" public prominence "" of Cambridge Analytica , called the say data retention an "" unacceptable violation of trust "" and said the social network will take legal action at law if"""
1,2,18.0,10,"""The blog post , written by Facebook deputy general counsel Paul Grewal , cited the "" public prominence "" of Cambridge Analytica , send for the alleged data retention an "" unacceptable violation of trust "" and said the societal network will take legal action if"""
1,2,18.0,11,"""In a program line , a Cambridge Analytica spokesman denied any error ."""
1,2,18.0,11,"""In a statement , a Cambridge Analytica spokesman refuse any misconduct ."""
1,2,18.0,11,"""In a assertion , a Cambridge Analytica spokesman denied any wrongdoing ."""
1,2,18.0,11,"""In a affirmation , a Cambridge Analytica spokesman denied any wrongdoing ."""
1,2,18.0,12,"""He said the parent company 's SCL Elections social unit hired Kogan to undertake "" a large - scale research project in the U.S. , "" but later learned that he had obtained data in intrusion of Facebook policies , and subsequently deleted all data it received from"""
1,2,18.0,12,"""He said the parent company 's SCL Elections unit take Kogan to undertake "" a large - scale research project in the U.S. , "" but later learned that he had incur data in violation of Facebook policies , and subsequently deleted all data it received from"""
1,2,18.0,12,"""He said the parent company 's SCL Elections unit hired Kogan to undertake "" a large - scale research project in the U.S. , "" but later see that he had obtain data in violation of Facebook policies , and subsequently deleted all data it received from"""
1,2,18.0,12,"""He said the parent company 's SCL Elections unit hired Kogan to undertake "" a large - scale research project in the U.S. , "" but later learned that he had obtained datum in violation of Facebook policies , and subsequently edit all datum it received from"""
1,2,18.0,13,"""For the "" avoidance of doubt , "" the spokesman said , none of Kogan 's data point was used in Cambridge Analytica 's 2016 election work ."""
1,2,18.0,13,"""For the "" avoidance of doubt , "" the spokesman said , none of Kogan 's datum was employ in Cambridge Analytica 's 2016 election work ."""
1,2,18.0,13,"""For the "" avoidance of incertitude , "" the spokesman said , none of Kogan 's data was practice in Cambridge Analytica 's 2016 election work ."""
1,2,18.0,13,"""For the "" turning away of doubt , "" the spokesman said , none of Kogan 's data was used in Cambridge Analytica 's 2016 election work ."""
1,2,18.0,16,"""Cambridge Analytica CEO Alexander Nix also disclosed in November that the company reached out to WikiLeaks founder Julian Assange during the campaign to quest emails associate to the Hillary Clinton campaign ."""
1,2,18.0,16,"""Cambridge Analytica CEO Alexander Nix also disclosed in November that the company pass on out to WikiLeaks founder Julian Assange during the campaign to call for emails related to the Hillary Clinton campaign ."""
1,2,18.0,16,"""Cambridge Analytica CEO Alexander Nix also disclosed in November that the company reached out to WikiLeaks founder Julian Assange during the campaign to quest electronic mail related to the Hillary Clinton campaign ."""
1,2,18.0,16,"""Cambridge Analytica CEO Alexander Nix also disclosed in November that the company reached out to WikiLeaks founder Julian Assange during the run to request emails come to to the Hillary Clinton run ."""
1,2,18.0,17,"""Nix allege Assange allege no ."""
1,2,18.0,17,"""Nix enunciate Assange enunciate no ."""
1,2,18.0,17,"""Nix enounce Assange enounce no ."""
1,2,18.0,17,"""Nix order Assange order no ."""
3,2,19.0,t,"""Facebook , Establishment Media Spar over information obtain by Cambridge Analytica"""
3,2,19.0,t,"""Facebook , Establishment Media Spar over data point receive by Cambridge Analytica"""
3,2,19.0,t,"""Facebook , Establishment Media Spar over information find by Cambridge Analytica"""
3,2,19.0,t,"""Facebook , Establishment Media Spar over data point obtain by Cambridge Analytica"""
3,2,19.0,0,"""Facebook recently banish Strategic Communication Laboratories , the parent fellowship of Cambridge Analytica , from using their platform ."""
3,2,19.0,0,"""Facebook recently ban Strategic Communication Laboratories , the parent company of Cambridge Analytica , from using their chopine ."""
3,2,19.0,0,"""Facebook recently banned Strategic Communication Laboratories , the parent company of Cambridge Analytica , from apply their platform ."""
3,2,19.0,0,"""Facebook recently banned Strategic Communication Laboratories , the parent company of Cambridge Analytica , from employ their political program ."""
3,2,19.0,1,"""According to Facebook , the datum analytics firm - which played a key role in the Trump and Brexit military campaign - improperly obtained user datum from University of Cambridge psychologist Aleksandr Kogan ."""
3,2,19.0,1,"""According to Facebook , the datum analytics firm - which played a key role in the Trump and Brexit effort - improperly obtained user datum from University of Cambridge psychologist Aleksandr Kogan ."""
3,2,19.0,1,"""According to Facebook , the data analytics firm - which played a key role in the Trump and Brexit campaigns - improperly prevail user data from University of Cambridge psychologist Aleksandr Kogan ."""
3,2,19.0,1,"""According to Facebook , the data analytics firm - which played a key role in the Trump and Brexit run - improperly incur user data from University of Cambridge psychologist Aleksandr Kogan ."""
3,2,19.0,2,"""Although Kogan obtained the data from Facebook in accordance with their policies , the social media company claim that he then drop dead the data to Cambridge Analytica , and to Christopher Wylie , an employee of Eunoia Technologies ."""
3,2,19.0,2,"""Although Kogan obtained the data from Facebook in accordance with their policies , the societal media company exact that he then passed the data to Cambridge Analytica , and to Christopher Wylie , an employee of Eunoia Technologies ."""
3,2,19.0,2,"""Although Kogan obtained the data from Facebook in accordance with their insurance , the societal media company claims that he then passed the data to Cambridge Analytica , and to Christopher Wylie , an employee of Eunoia Technologies ."""
3,2,19.0,2,"""Although Kogan receive the data from Facebook in accordance with their policies , the social metier company claims that he then passed the data to Cambridge Analytica , and to Christopher Wylie , an employee of Eunoia Technologies ."""
3,2,19.0,3,"""Kogan and Wylie have also been cast out from Facebook ."""
3,2,19.0,3,"""Kogan and Wylie have also been ostracize from Facebook ."""
3,2,19.0,3,"""Kogan and Wylie have also been ostracise from Facebook ."""
3,2,19.0,4,"""Facebook conceded that Kogan "" gained access to this information in a legitimate way and through the proper epithelial duct that governed all developers on Facebook at that metre , "" but said that by passing the data to third parties "" he did not subsequently ab"""
3,2,19.0,4,"""Facebook conceded that Kogan "" gained access to this information in a legitimate way and through the proper channels that governed all developers on Facebook at that time , "" but said that by passing the data to third parties "" he did not subsequently ab"""
3,2,19.0,4,"""Facebook conceded that Kogan "" gained access to this information in a legitimate way and through the proper channels that governed all developer on Facebook at that sentence , "" but said that by passing the data to third parties "" he did not subsequently ab"""
3,2,19.0,4,"""Facebook cede that Kogan "" gained access to this information in a legitimate way and through the proper channels that rule all developers on Facebook at that time , "" but said that by passing the data to third parties "" he did not subsequently ab"""
3,2,19.0,5,"""Nevertheless , The Observer , a British newspaper owned by the left - leaning Guardian Media Group , claimed that Cambridge Analytica 's use of the data constituted "" one of the tech whale 's biggest ever data breaches . """
3,2,19.0,5,"""Nevertheless , The Observer , a British newspaper possess by the left - leaning Guardian Media Group , claimed that Cambridge Analytica 's use of the data constituted "" one of the tech giant 's biggest ever data breaches . """
3,2,19.0,5,"""Nevertheless , The Observer , a British newspaper owned by the left - leaning Guardian Media Group , claimed that Cambridge Analytica 's utilisation of the data constituted "" one of the tech giant 's biggest ever data breaches . """
3,2,19.0,5,"""Nevertheless , The Observer , a British newspaper owned by the left - leaning Guardian Media Group , claimed that Cambridge Analytica 's utilization of the data constituted "" one of the technical school giant 's biggest ever data breaches . """
3,2,19.0,6,"""The New York Times also frame up the incident as a "" breach "" and a "" data leak . """
3,2,19.0,6,"""The New York Times also framed the incident as a "" breach "" and a "" datum leak . """
3,2,19.0,6,"""The New York Times also framed the incident as a "" breach "" and a "" data passing water . """
3,2,19.0,6,"""The New York Times also framed the incident as a "" rupture "" and a "" data making water . """
3,2,19.0,7,"""Facebook strongly gainsay this version of case ."""
3,2,19.0,7,"""Facebook strongly scrap this version of consequence ."""
3,2,19.0,7,"""Facebook strongly disputes this rendering of outcome ."""
3,2,19.0,7,"""Facebook strongly dispute this reading of events ."""
3,2,19.0,8,"""According to The Observer , the social sensitive giant 's lawyers warned the paper that their claims were "" false and defamatory , "" and reserved their legal position ."""
3,2,19.0,8,"""According to The Observer , the social media giant 's lawyers warned the newspaper that their claims were "" false and defamatory , "" and reserved their legal position ."""
3,2,19.0,8,"""According to The Observer , the social media giant 's lawyers warned the newspaper that their claim were "" false and defamatory , "" and reserved their legal positioning ."""
3,2,19.0,8,"""According to The Observer , the social media giant 's lawyers warned the newspaper that their claims were "" false and defamatory , "" and allow their legal position ."""
3,2,19.0,9,"""The New York Times and Observer report are based on the testimony of Christopher Wylie , a former Cambridge Analytica employee who left the company in 2014 - two years before the 2016 election ."""
3,2,19.0,9,"""The New York Times and Observer stories are based on the testimony of Christopher Wylie , a former Cambridge Analytica employee who left the fellowship in 2014 - two years before the 2016 election ."""
3,2,19.0,9,"""The New York Times and Observer stories are based on the testimonial of Christopher Wylie , a former Cambridge Analytica employee who go out the company in 2014 - two years before the 2016 election ."""
3,2,19.0,9,"""The New York Times and Observer stories are based on the testimonial of Christopher Wylie , a former Cambridge Analytica employee who leave the company in 2014 - two years before the 2016 election ."""
3,2,19.0,10,"""When asked if his use of Facebook data make up a "" hack , "" Wylie told The Observer that he assumed that it was all "" entirely legal and above board . """
3,2,19.0,10,"""When asked if his use of Facebook data constituted a "" hack , "" Wylie told The Observer that he arrogate that it was all "" entirely legal and above display board . """
3,2,19.0,10,"""When asked if his use of Facebook data nominate a "" hack , "" Wylie secernate The Observer that he assumed that it was all "" entirely legal and above board . """
3,2,19.0,10,"""When enquire if his use of Facebook data nominate a "" hack , "" Wylie told The Observer that he assumed that it was all "" entirely legal and above board . """
3,2,19.0,11,"""Cambridge Analytica CEO Alexander Nix was previously question by British politico on his company 's role in Brexit at the Trump campaign ."""
3,2,19.0,11,"""Cambridge Analytica CEO Alexander Nix was previously interview by British politicians on his company 's role in Brexit at the Trump campaign ."""
3,2,19.0,11,"""Cambridge Analytica CEO Alexander Nix was previously questioned by British politicians on his company 's purpose in Brexit at the Trump campaign ."""
3,2,19.0,11,"""Cambridge Analytica CEO Alexander Nix was previously questioned by British politician on his company 's role in Brexit at the Trump movement ."""
3,2,19.0,12,"""Nix has said that his company uses "" data and technology to engage with elector in a more informed and relevant way ."""
3,2,19.0,12,"""Nix has said that his company uses "" data and engineering to engage with elector in a more informed and relevant way ."""
3,2,19.0,12,"""Nix has said that his company practice "" data and technology to engage with voters in a more informed and relevant way of life ."""
3,2,19.0,12,"""Nix has said that his fellowship uses "" data and technology to engage with voters in a more informed and relevant way ."""
3,2,19.0,13,"""That can only be good for political science and republic . """
3,2,19.0,13,"""That can only be good for political sympathies and democracy . """
3,2,19.0,13,"""That can only be good for politics and majority rule . """
3,2,19.0,13,"""That can only be good for political sympathies and commonwealth . """
3,2,19.0,14,"""The company is partially owned by the family of hedge store managing director Robert Mercer ."""
3,2,19.0,14,"""The company is partially have by the home of hedge fund manager Robert Mercer ."""
3,2,19.0,14,"""The company is partially possess by the family of hedge investment firm manager Robert Mercer ."""
3,2,19.0,14,"""The company is partially have by the class of hedge fund manager Robert Mercer ."""
3,2,19.0,15,"""Former Breitbart News executive director Stephen K. Bannon previously mold as frailty president of Cambridge Analytica 's board ."""
3,2,19.0,15,"""Former Breitbart News executive director director Stephen K. Bannon previously worked as vice president of Cambridge Analytica 's control panel ."""
3,2,19.0,15,"""former Breitbart News executive director Stephen K. Bannon previously process as vice president of Cambridge Analytica 's board ."""
3,2,19.0,15,"""former Breitbart News executive film director Stephen K. Bannon previously worked as vice president of Cambridge Analytica 's board ."""
3,2,19.0,16,"""The party worked for the presidential hunting expedition of both Sen. Ted Cruz and Donald Trump ."""
3,2,19.0,16,"""The fellowship worked for the presidential campaign of both Sen. Ted Cruz and Donald Trump ."""
3,2,19.0,16,"""The company worked for the presidential military campaign of both Sen. Ted Cruz and Donald Trump ."""
3,2,19.0,16,"""The company crop for the presidential campaign of both Sen. Ted Cruz and Donald Trump ."""
3,2,19.0,17,"""In a statement , Cambridge Analytica deny that they had knowingly go against Facebook 's terms of service ."""
3,2,19.0,17,"""In a statement , Cambridge Analytica denied that they had knowingly violate Facebook 's full term of service ."""
3,2,19.0,17,"""In a statement , Cambridge Analytica denied that they had knowingly gap Facebook 's terminal figure of service ."""
3,2,19.0,17,"""In a affirmation , Cambridge Analytica denied that they had knowingly breached Facebook 's terminal figure of service ."""
3,2,19.0,18,""" Cambridge Analytica fully complies with Facebook 's terms of service and is currently in feeling with Facebook following its recent statement that it had suspended the ship's company from its platform , in order to resolve this matter as quickly as possible """
3,2,19.0,18,""" Cambridge Analytica fully complies with Facebook 's terms of service and is currently in touch with Facebook following its recent statement that it had suspended the company from its chopine , in rescript to resolve this matter as quickly as possible """
3,2,19.0,18,""" Cambridge Analytica fully complies with Facebook 's terms of table service and is currently in touch with Facebook following its recent statement that it had freeze the company from its platform , in order to resolve this matter as quickly as possible """
3,2,19.0,18,""" Cambridge Analytica fully complies with Facebook 's terms of service and is currently in touch with Facebook surveil its recent statement that it had suspend the company from its platform , in order to resolve this matter as quickly as possible """
3,2,19.0,19,""" Cambridge Analytica 's Commercial and political divisions utilise social media platforms for outward marketing , delivering data - led and creative content to targeted audiences ."""
3,2,19.0,19,""" Cambridge Analytica 's Commercial and Political divisions use societal media platforms for outward marketing , delivering data - led and originative content to targeted audiences ."""
3,2,19.0,19,""" Cambridge Analytica 's Commercial and Political divisions use social media platforms for outward marketing , delivering data - led and originative content to targeted hearing ."""
3,2,19.0,19,""" Cambridge Analytica 's Commercial and Political divisions use social mass medium platforms for outward marketing , delivering datum - led and creative content to targeted audiences ."""
2,2,20.0,t,"""Trump military campaign Purloined Data Of 50 Million Facebook user"""
2,2,20.0,t,"""Trump Campaign pilfer Data Of 50 Million Facebook drug user"""
2,2,20.0,t,"""Trump movement abstract Data Of 50 Million Facebook Users"""
2,2,20.0,t,"""Trump hunting expedition Purloined Data Of 50 Million Facebook substance abuser"""
2,2,20.0,0,"""Cambridge Analytica , the Trump campaign 's data point firm , harvested private information from more than 50 million unwitting Facebook users in what is being described as one of the large data point breaches in the social media giant 's history ."""
2,2,20.0,0,"""Cambridge Analytica , the Trump campaign 's information firm , harvested private information from more than than 50 million unwitting Facebook users in what is being described as one of the largest information breaches in the social media giant 's history ."""
2,2,20.0,0,"""Cambridge Analytica , the Trump campaign 's information firm , harvested private information from more than 50 million unwitting Facebook users in what is being described as one of the largest information falling out in the social media giant 's history ."""
2,2,20.0,0,"""Cambridge Analytica , the Trump campaign 's data firm , harvested private information from more than than 50 million unwitting Facebook substance abuser in what is being described as one of the largest data breaches in the social media giant 's history ."""
2,2,20.0,1,"""That data - strike without authorization - was used to build a digital operation that maneuver Trump 's campaign for the presidency , according to a pair of bombshell reports published Saturday by the New York Times and The Observer of London ."""
2,2,20.0,1,"""That data - taken without authorization - was used to build a digital operation that guided Trump 's campaign for the presidency , fit in to a pair of bombshell reports bring out Saturday by the New York Times and The Observer of London ."""
2,2,20.0,1,"""That data - taken without authorization - was used to build a digital operation that guided Trump 's campaign for the presidentship , according to a couple of bombshell reports published Saturday by the New York Times and The Observer of London ."""
2,2,20.0,1,"""That data - taken without authorization - was utilize to work up a digital operation that guided Trump 's campaign for the presidency , according to a pair of bombshell reports published Saturday by the New York Times and The Observer of London ."""
2,2,20.0,2,"""The revelation that a business firm working for a U.S. presidential candidate stole personal information from millions of Americans has sparked outcry across the country ."""
2,2,20.0,2,"""The revelation that a firm working for a U.S. presidential campaigner stole personal data from millions of Americans has sparked outcry across the area ."""
2,2,20.0,2,"""The revelation that a firm working for a U.S. presidential candidate stole personal data from billion of Americans has sparked outcry across the country ."""
2,2,20.0,2,"""The revelation that a house make for for a U.S. presidential candidate stole personal data from millions of Americans has sparked outcry across the country ."""
2,2,20.0,3,"""Within hours of being published , the explosive reports had already motivate at least one state attorney general to set in motion an investigation into the allegedly fraudulent practices ."""
2,2,20.0,3,"""Within hours of being issue , the explosive report card had already prompted at least one state attorney general to launch an investigation into the allegedly fraudulent practices ."""
2,2,20.0,3,"""Within hours of being write , the explosive reports had already prompted at least one state attorney full general to launch an investigation into the allegedly fraudulent practices ."""
2,2,20.0,3,"""Within hours of being published , the explosive reports had already incite at least one state lawyer general to launch an investigation into the allegedly fraudulent practices ."""
2,2,20.0,4,"""But Trump , whose campaign paid Cambridge Analytica nearly $ 6 million for its work , has not said a word about the massive scandal engulfing the data point companionship that the campaign once touted as integral to Trump 's victory ."""
2,2,20.0,4,"""But Trump , whose campaign paid Cambridge Analytica nearly $ 6 million for its body of work , has not said a word about the massive scandal engulfing the data company that the campaign once touted as integral to Trump 's victory ."""
2,2,20.0,4,"""But Trump , whose campaign paid Cambridge Analytica nearly $ 6 million for its work , has not sound out a word about the massive scandal engulfing the data company that the campaign once touted as integral to Trump 's victory ."""
2,2,20.0,4,"""But Trump , whose effort paid Cambridge Analytica nearly $ 6 million for its work , has not said a word about the massive scandal engulfing the information company that the effort once touted as integral to Trump 's victory ."""
2,2,20.0,5,"""His silence on the matter raises a host of startling questions , particularly given that he has already get making moves to organize his rhenium - election campaign - and until he says otherwise , it 's reasonable to wonder if he plans to rely on the firm"""
2,2,20.0,5,"""His silence on the matter raises a host of startling questions , particularly impart that he has already started making moves to organize his re - election campaign - and until he says otherwise , it 's reasonable to wonder if he plans to rely on the house"""
2,2,20.0,5,"""His silence on the matter raises a host of startling questions , particularly given that he has already started making moves to organize his re - election crusade - and until he says otherwise , it 's reasonable to wonder if he plans to rely on the firm"""
2,2,20.0,5,"""His silence on the topic put up a host of startling questions , particularly given that he has already started making moves to organize his re - election campaign - and until he says otherwise , it 's reasonable to wonder if he plans to rely on the firm"""
2,2,20.0,6,"""The Trump crusade engage Cambridge Analytica in June 2016 ."""
2,2,20.0,6,"""The Trump movement lease Cambridge Analytica in June 2016 ."""
2,2,20.0,6,"""The Trump military campaign engage Cambridge Analytica in June 2016 ."""
2,2,20.0,6,"""The Trump cause rent Cambridge Analytica in June 2016 ."""
2,2,20.0,7,"""Jared Kushner , who was in charge of supervise then - candidate Trump 's digital operations , brought the datum firm into the campaign - a decision that was reportedly cheered on by Steve Bannon , a former vice president of Cambridge Analytica ."""
2,2,20.0,7,"""Jared Kushner , who was in charge of overseeing then - candidate Trump 's digital operations , brought the data business firm into the campaign - a decision that was reportedly jolly along on by Steve Bannon , a former vice president of Cambridge Analytica ."""
2,2,20.0,7,"""Jared Kushner , who was in charge of overseeing then - prospect Trump 's digital operations , brought the data firm into the campaign - a conclusion that was reportedly cheered on by Steve Bannon , a former vice president of Cambridge Analytica ."""
2,2,20.0,7,"""Jared Kushner , who was in charge of overseeing then - candidate Trump 's digital operations , brought the datum business firm into the campaign - a decision that was reportedly cheered on by Steve Bannon , a former vice president of Cambridge Analytica ."""
2,2,20.0,8,"""The data business firm , which has always been shrouded in secrecy , later came under scrutiny amid a number of alarming revelations , including a report that Cambridge Analytica 's CEO had reached outto WikiLeaks father Julian Assange in an effort to obtain Hil"""
2,2,20.0,8,"""The information firm , which has always been shrouded in secrecy , later came under scrutiny amid a number of alarming revelations , including a report that Cambridge Analytica 's CEO had achieve outto WikiLeaks founder Julian Assange in an effort to obtain Hil"""
2,2,20.0,8,"""The data firm , which has always been shrouded in secrecy , later come in under scrutiny amid a number of alarming revelations , including a report that Cambridge Analytica 's CEO had reached outto WikiLeaks founder Julian Assange in an effort to obtain Hil"""
2,2,20.0,8,"""The data point business firm , which has always been shrouded in secrecy , later came under scrutiny amid a number of alarming revelations , including a report that Cambridge Analytica 's CEO had reached outto WikiLeaks founder Julian Assange in an effort to obtain Hil"""
2,2,20.0,9,"""In another instance , Cambridge Analytica reportedly offered to help oneself WikiLeaks organize emails that had been hacked from the DNC and Clinton campaign chair John Podesta to make them more accessible to readers ."""
2,2,20.0,9,"""In another instance , Cambridge Analytica reportedly offered to help WikiLeaks organize emails that had been hack on from the DNC and Clinton campaign chairman John Podesta to make them more accessible to reader ."""
2,2,20.0,9,"""In another case , Cambridge Analytica reportedly offered to help WikiLeaks organize emails that had been hacked from the DNC and Clinton campaign chairman John Podesta to make them more accessible to reviewer ."""
2,2,20.0,9,"""In another instance , Cambridge Analytica reportedly offered to help WikiLeaks organize emails that had been hacked from the DNC and Clinton campaign chairwoman John Podesta to wee them more accessible to readers ."""
2,2,20.0,10,"""Amid all of these divine revelation , Trump has rest silent ."""
2,2,20.0,10,"""Amid all of these revealing , Trump has remained silent ."""
2,2,20.0,10,"""Amid all of these revelations , Trump has stay silent ."""
2,2,20.0,11,"""While his campaign has quietly tried to distance itself from the data firm , no one has given any indication that they have a trouble with the allegedly fraudulent - and potentially illegal - practices that were used to help Trump win the presidency ."""
2,2,20.0,11,"""While his crusade has quietly tried to distance itself from the data firm , no one has given any indication that they have a problem with the allegedly fraudulent - and potentially illegal - practices that were used to help Trump win the administration ."""
2,2,20.0,11,"""While his safari has quietly tried to distance itself from the data firm , no one has given any indication that they have a problem with the allegedly fraudulent - and potentially illegal - practices that were used to help Trump win the administration ."""
2,2,20.0,11,"""While his campaign has quietly tried to distance itself from the data firm , no unity has given any indication that they have a problem with the allegedly fraudulent - and potentially illegal - practices that were used to help Trump deliver the goods the presidency ."""
2,2,20.0,12,"""And if Trump does n't insure a problem with the company 's practices , there 's no reason to trust that he wo n't use them again in 2020 - that is , if special counsel Robert Mueller 's investigation does n't put an end to them first ."""
2,2,20.0,12,"""And if Trump does n't see a problem with the companionship 's practices , there 's no reason to believe that he wo n't use them again in 2020 - that is , if special counsel Robert Mueller 's investigation does n't put an end to them first ."""
2,2,20.0,12,"""And if Trump does n't fancy a problem with the company 's practices , there 's no reason to think that he wo n't use them again in 2020 - that is , if special counsel Robert Mueller 's investigation does n't put an end to them first ."""
2,2,20.0,12,"""And if Trump does n't see a problem with the company 's practices , there 's no reason to believe that he wo n't use them again in 2020 - that is , if special counsel Robert Mueller 's investigation does n't put an destruction to them first ."""
2,2,21.0,t,"""Facebook exploiter data breach as ' 50 MILLION profiles were used to call and influence US voters '"""
2,2,21.0,t,"""Facebook exploiter data rupture as ' 50 MILLION profiles were used to predict and influence US voters '"""
2,2,21.0,t,"""Facebook user data breach as ' 50 MILLION profiles were practice to predict and influence US voter '"""
2,2,21.0,t,"""Facebook substance abuser data breach as ' 50 MILLION profiles were used to predict and influence US voter '"""
2,2,21.0,0,"""A DATA psychoanalysis firm employed by President Donald Trump 's 2016 campaign reportedly tapped the Facebook visibility of more than 50 million users without their permission ."""
2,2,21.0,0,"""A data analysis firm employed by President Donald Trump 's 2016 campaign reportedly tapped the Facebook profile of more than 50 million users without their permission ."""
2,2,21.0,0,"""A information analysis firm employed by President Donald Trump 's 2016 campaign reportedly intercept the Facebook profiles of more than 50 million users without their permission ."""
2,2,21.0,0,"""A DATA psychoanalysis firm employ by President Donald Trump 's 2016 campaign reportedly tapped the Facebook profiles of more than 50 million users without their permission ."""
2,2,21.0,1,"""The data leak take into account Cambridge Analytica , which had ties to Trump campaign strategist Steve Bannon , to capitalise on social media activity of a big portion of the U.S. electorate , The New York Times and The Guardian reported ."""
2,2,21.0,1,"""The data leak allowed Cambridge Analytica , which had ties to Trump campaign strategist Steve Bannon , to capitalise on societal media action of a large portion of the U.S. electorate , The New York Times and The Guardian reported ."""
2,2,21.0,1,"""The data leak allowed Cambridge Analytica , which had ties to Trump campaign strategian Steve Bannon , to capitalise on social media activeness of a large portion of the U.S. electorate , The New York Times and The Guardian reported ."""
2,2,21.0,1,"""The data leak allowed Cambridge Analytica , which had ties to Trump campaign strategist Steve Bannon , to capitalise on social media activity of a large destiny of the U.S. electorate , The New York Times and The Guardian report ."""
2,2,21.0,3,"""In a blog post , the social network explained that the firm had received user information from a Facebook app that purported to be a psychological inquiry tool , though the firm was not authorised to have the information ."""
2,2,21.0,3,"""In a blog post , the social network explained that the firm had received user data from a Facebook app that purported to be a psychological research tool , though the firm was not authorised to have the information ."""
2,2,21.0,3,"""In a blog Emily Post , the social network explained that the firm had received user data from a Facebook app that purported to be a psychological research tool , though the firm was not authorised to experience the information ."""
2,2,21.0,3,"""In a web log post , the societal network explained that the firm had received user data from a Facebook app that purported to be a psychological research tool , though the firm was not authorised to have the information ."""
2,2,21.0,4,"""Roughly 270,000 people downloaded and portion out personal details with the app ."""
2,2,21.0,4,"""Roughly 270,000 people downloaded and share personal point with the app ."""
2,2,21.0,4,"""Roughly 270,000 people download and shared personal details with the app ."""
2,2,21.0,4,"""Roughly 270,000 multitude downloaded and deal personal details with the app ."""
2,2,21.0,5,"""Cambridge Analytica later certified in 2015 that it had destroyed the information it had encounter , according to Facebook , although the social meshing said it encounter reports "" several days ago "" that not all the data was deleted ."""
2,2,21.0,5,"""Cambridge Analytica later certified in 2015 that it had put down the information it had received , harmonise to Facebook , although the social network said it received reports "" several days ago "" that not all the data was deleted ."""
2,2,21.0,5,"""Cambridge Analytica later certified in 2015 that it had destroyed the information it had pick up , according to Facebook , although the social net said it pick up reports "" several days ago "" that not all the data was deleted ."""
2,2,21.0,5,"""Cambridge Analytica later certified in 2015 that it had destroyed the information it had received , consort to Facebook , although the social network said it received reports "" several days ago "" that not all the data was erase ."""
2,2,21.0,7,"""Facebook has also suspended the admission of Cambridge Analytica 's parent company , Strategic Communication Laboratories ; University of Cambridge psychology prof Aleksandr Kogan , the academic who created the app in question ; and another individual ,"""
2,2,21.0,7,"""Facebook has also suspended the access of Cambridge Analytica 's parent company , Strategic Communication Laboratories ; University of Cambridge psychology prof Aleksandr Kogan , the academic who create the app in question ; and another individual ,"""
2,2,21.0,7,"""Facebook has also set aside the access of Cambridge Analytica 's parent caller , Strategic Communication Laboratories ; University of Cambridge psychology professor Aleksandr Kogan , the academic who created the app in question ; and another individual ,"""
2,2,21.0,7,"""Facebook has also suspended the access of Cambridge Analytica 's parent company , Strategic Communication Laboratories ; University of Cambridge psychology professor Aleksandr Kogan , the faculty member who make the app in question ; and another individual ,"""
2,2,21.0,8,"""Cambridge Analytica refuse wrongdoing in a argument , saying the parent company 's SCL Elections unit hired Kogan to undertake "" a large scale research project in the US , "" but subsequently deleted all data it received from Kogan 's company after learnin"""
2,2,21.0,8,"""Cambridge Analytica denied wrongdoing in a program line , saying the parent company 's SCL Elections unit hired Kogan to undertake "" a large scale research project in the US , "" but subsequently deleted all data it received from Kogan 's company after learnin"""
2,2,21.0,8,"""Cambridge Analytica denied wrongdoing in a affirmation , saying the parent company 's SCL Elections unit hired Kogan to undertake "" a large musical scale research project in the US , "" but subsequently deleted all data it received from Kogan 's company after learnin"""
2,2,21.0,8,"""Cambridge Analytica denied misconduct in a statement , saying the parent company 's SCL Elections unit hired Kogan to undertake "" a big scale research project in the US , "" but subsequently deleted all data it received from Kogan 's company after learnin"""
2,2,21.0,9,"""The business firm said none of Kogan 's data was used in its 2016 election work for the "" avoidance of doubt . """
2,2,21.0,9,"""The house said none of Kogan 's data was used in its 2016 election workplace for the "" avoidance of doubt . """
2,2,21.0,9,"""The firm said none of Kogan 's data was used in its 2016 election work for the "" shunning of incertitude . """
2,2,21.0,9,"""The firm said none of Kogan 's data was used in its 2016 election employment for the "" dodging of doubt . """
2,2,21.0,12,"""Cambridge Analytica - which claims to build psychological profiles ground on personal details from millions of Americans to categorise individual voters - is best known for its political work during the 2016 US presidential campaign ."""
2,2,21.0,12,"""Cambridge Analytica - which claims to build psychological profile based on personal details from millions of Americans to categorise individual voters - is best known for its political work during the 2016 US presidential effort ."""
2,2,21.0,12,"""Cambridge Analytica - which claims to make psychological visibility based on personal details from millions of Americans to categorise individual voters - is best known for its political work during the 2016 US presidential campaign ."""
2,2,21.0,12,"""Cambridge Analytica - which claims to build psychological profiles based on personal details from millions of Americans to categorise individual voters - is best known for its political work during the 2016 US presidential effort ."""
2,2,21.0,13,"""But Trump 's hunting expedition Saturday denied using the house 's data , saying it relied on the Republican National Committee for its data ."""
2,2,21.0,13,"""But Trump 's campaign Saturday traverse using the firm 's data , tell it relied on the Republican National Committee for its data ."""
2,2,21.0,13,"""But Trump 's political campaign Saturday denied using the house 's data , saying it relied on the Republican National Committee for its data ."""
2,2,21.0,13,"""But Trump 's political campaign Saturday abnegate using the firm 's data , saying it relied on the Republican National Committee for its data ."""
2,2,21.0,14,"""The firm had secured a $ 15 million investment from billionaire Robert Mercer - who supported the Trump campaign - and wooed Bannon with the promise of pecker that could distinguish the personalities of American voters and influence their behaviour , it 's"""
2,2,21.0,14,"""The firm had secured a $ 15 million investment from billionaire Robert Mercer - who supported the Trump campaign - and wooed Bannon with the promise of tools that could identify the personality of American voters and influence their behaviour , it 's"""
2,2,21.0,14,"""The firm had procure a $ 15 million investment from billionaire Robert Mercer - who supported the Trump crusade - and wooed Bannon with the promise of tools that could identify the personalities of American voters and influence their behaviour , it 's"""
2,2,21.0,14,"""The firm had secured a $ 15 million investiture from billionaire Robert Mercer - who supported the Trump campaign - and wooed Bannon with the promise of dick that could identify the personalities of American voters and influence their behaviour , it 's"""
2,2,21.0,15,"""But Cambridge Analytica did not have the data to cause its new products work , so the firm harvested private data from the Facebook profiles of more than 50 million users without their permission ."""
2,2,21.0,15,"""But Cambridge Analytica did not have the data point to attain its new products work , so the firm harvested private information from the Facebook profiles of more than 50 million users without their permission ."""
2,2,21.0,15,"""But Cambridge Analytica did not have the information to make its new products employment , so the firm harvested private information from the Facebook profiles of more than 50 million users without their permission ."""
2,2,21.0,15,"""But Cambridge Analytica did not have the data to progress to its new products work , so the firm harvested private information from the Facebook profiles of more than 50 million users without their permission ."""
2,2,21.0,16,"""A representative for Bannon did not immediately respond to an electronic mail seeking scuttlebutt ."""
2,2,21.0,16,"""A congresswoman for Bannon did not immediately respond to an electronic mail seeking comment ."""
2,2,21.0,16,"""A representative for Bannon did not immediately respond to an email essay scuttlebutt ."""
2,2,21.0,16,"""A interpreter for Bannon did not immediately respond to an email seeking remark ."""
2,2,21.0,17,"""The party has surfaced in the U.S. probes into Russian preventative in the 2016 presidential election ."""
2,2,21.0,17,"""The company has come on in the U.S. probe into Russian interference in the 2016 presidential election ."""
2,2,21.0,17,"""The company has rise in the U.S. probes into Russian interference in the 2016 presidential election ."""
2,2,21.0,17,"""The company has surfaced in the U.S. probe into Russian interference in the 2016 presidential election ."""
2,2,21.0,18,"""British functionary are also investigating the firm in joining with the June 2016 EU referendum ."""
2,2,21.0,18,"""British officials are also investigating the house in connector with the June 2016 EU referendum ."""
2,2,21.0,18,"""British official are also look into the firm in connection with the June 2016 EU referendum ."""
2,2,21.0,18,"""British officials are also investigate the business firm in connection with the June 2016 EU referendum ."""
2,2,22.0,t,"""Bombshell new report suppose British data firm that encourage Trump worked for Russians in 2014"""
2,2,22.0,t,"""Bombshell new report says British data house that promoted Trump worked for Russians in 2014"""
2,2,22.0,t,"""Bombshell new report says British information firm that promoted Trump make for Russians in 2014"""
2,2,22.0,t,"""Bombshell new report says British data house that advance Trump worked for Russians in 2014"""
2,2,22.0,0,"""Controversial British firm Cambridge Analytica is back in the news this week after being kicked off Facebook for pervert personal information culled from drug user ."""
2,2,22.0,0,"""Controversial British firm Cambridge Analytica is back in the news this week after being kicked off Facebook for abuse personal information culled from exploiter ."""
2,2,22.0,0,"""Controversial British house Cambridge Analytica is back in the news this week after being sound off off Facebook for misusing personal information culled from users ."""
2,2,22.0,0,"""Controversial British firm Cambridge Analytica is back in the news this week after being kicked off Facebook for abuse personal information culled from users ."""
2,2,22.0,1,"""A just - released report from the New York Times could make a sorry hebdomad worse ."""
2,2,22.0,1,"""A just - released report from the New York Times could make a regretful workweek worse ."""
2,2,22.0,1,"""A just - released account from the New York Times could make a bad week sorry ."""
2,2,22.0,1,"""A just - released report from the New York Times could constitute a bad calendar week worse ."""
2,2,22.0,2,"""The report finds that the company deliver contacts with Russians about aim American voters going back to 2014 ."""
2,2,22.0,2,"""The report finds that the company had contacts with Russians about target American voters going back to 2014 ."""
2,2,22.0,2,"""The report see that the company get contacts with Russians about targeting American voters going back to 2014 ."""
2,2,22.0,2,"""The account finds that the company had contacts with Russians about targeting American voters proceed back to 2014 ."""
2,2,22.0,3,"""This oppose what the company told a authorities inquisition in February ."""
2,2,22.0,3,"""This contradicts what the party tell apart a government inquisition in February ."""
2,2,22.0,3,"""This controvert what the company told a government Inquisition in February ."""
2,2,22.0,3,"""This oppose what the company told a governance inquisition in February ."""
2,2,22.0,4,""" As far as I 'm aware , we 've never cultivate for a Russian companionship , "" the companionship 's head , Alexander Nix , told the British Parliament ."""
2,2,22.0,4,""" As far as I 'm aware , we 've never worked for a Russian company , "" the company 's straits , Alexander Nix , told the British Parliament ."""
2,2,22.0,4,""" As far as I 'm aware , we 've never worked for a Russian troupe , "" the troupe 's head , Alexander Nix , told the British Parliament ."""
2,2,22.0,4,""" As far as I 'm cognizant , we 've never worked for a Russian troupe , "" the troupe 's head , Alexander Nix , told the British Parliament ."""
2,2,22.0,5,""" We 've never worked with a Russian organization in Russia or any other country , and we do n't have any kinship with Russia or Russian individuals . """
2,2,22.0,5,""" We 've never worked with a Russian organization in Russia or any other land , and we do n't have any relationship with Russia or Russian individuals . """
2,2,22.0,6,"""According to the Times , executive from Lukoil , the Russian oil giant with close ties to Vladimir Putin , approached the company about influencing elections during three meetings in 2014 and 2015 ."""
2,2,22.0,6,"""According to the Times , administrator from Lukoil , the Russian oil giant with close ties to Vladimir Putin , approached the company about influencing elections during three meetings in 2014 and 2015 ."""
2,2,22.0,6,"""According to the Times , executives from Lukoil , the Russian oil giant with close ties to Vladimir Putin , approached the company about influencing elections during three meeting in 2014 and 2015 ."""
2,2,22.0,6,"""According to the Times , executives from Lukoil , the Russian oil giant with close ties to Vladimir Putin , approached the company about regulate election during three meetings in 2014 and 2015 ."""
2,2,22.0,7,"""And the company appear to have act on those meetings ."""
2,2,22.0,7,"""And the company seem to have acted on those group meeting ."""
2,2,22.0,7,"""And the caller appears to have acted on those group meeting ."""
2,2,22.0,7,"""And the company appears to have act as on those confluence ."""
2,2,22.0,8,""" Cambridge Analytica also included extensive questions about Russia 's president , Vladimir V. Putin , in surveys it was convey out in American focus radical in 2014 , "" the Times story says ."""
2,2,22.0,8,""" Cambridge Analytica also included extensive questions about Russia 's chairperson , Vladimir V. Putin , in surveys it was carrying out in American focus groups in 2014 , "" the Times story says ."""
2,2,22.0,8,""" Cambridge Analytica also let in extensive query about Russia 's president , Vladimir V. Putin , in surveys it was carrying out in American focus groups in 2014 , "" the Times story says ."""
2,2,22.0,8,""" Cambridge Analytica also included extensive questions about Russia 's president , Vladimir V. Putin , in surveys it was carrying out in American focus mathematical group in 2014 , "" the Times write up says ."""
2,2,22.0,9,""" It is not clear what - or which client - prompted the pedigree of questioning , which asked for views on topics wander from Mr. Putin 's popularity to Russian expansionism . """
2,2,22.0,9,""" It is not clear what - or which node - prompted the line of questioning , which asked for views on topics ranging from Mr. Putin 's popularity to Russian expansionism . """
2,2,22.0,9,""" It is not clear what - or which client - motivate the line of questioning , which require for views on topics ranging from Mr. Putin 's popularity to Russian expansionism . """
2,2,22.0,9,""" It is not clear what - or which client - prompted the agate line of inquiring , which asked for views on topics ranging from Mr. Putin 's popularity to Russian expansionism . """
2,2,22.0,10,"""Cambridge Analytica has pushed back on Twitter , with a statement that appears to call into question the creditability of the Times rootage ."""
2,2,22.0,10,"""Cambridge Analytica has pushed back on Twitter , with a statement that come out to query the creditability of the Times sources ."""
2,2,22.0,10,"""Cambridge Analytica has pushed back on Twitter , with a statement that come along to question the creditability of the Times sources ."""
2,2,22.0,10,"""Cambridge Analytica has campaign back on Twitter , with a assertion that appears to question the creditability of the Times sources ."""
2,2,23.0,t,"""Facebook Suspends Trump Data Firm for Harvesting Private Information of drug user"""
2,2,23.0,t,"""Facebook Suspends Trump Data Firm for Harvesting Private Information of user"""
2,2,23.0,0,"""We 've been promised by Google , Facebook , and other social land site that our personal information is protected and that when some of our information is bring home the bacon to third parties , our identity will never be made known ."""
2,2,23.0,0,"""We 've been promised by Google , Facebook , and other societal sites that our personal information is protect and that when some of our information is provided to third parties , our identity will never be made known ."""
2,2,23.0,0,"""We 've been promised by Google , Facebook , and other social sites that our personal information is protected and that when some of our information is provided to third parties , our identicalness will never be made known ."""
2,2,23.0,0,"""We 've been promised by Google , Facebook , and other societal sites that our personal information is protected and that when some of our information is provided to third parties , our identity will never be made known ."""
2,2,23.0,1,"""But now we give an example of just how artful those promises are ."""
2,2,23.0,1,"""But now we ingest an illustration of just how disingenuous those promises are ."""
2,2,23.0,1,"""But now we hold an example of just how artful those promises are ."""
2,2,23.0,1,"""But now we have an model of just how artful those promises are ."""
2,2,23.0,2,"""Facebook has just set aside Strategic Communication Laboratories ( SCL ) and Cambridge Analytica for violating its privateness policies ."""
2,2,23.0,2,"""Facebook has just suspended Strategic Communication Laboratories ( SCL ) and Cambridge Analytica for despoil its privacy insurance ."""
2,2,23.0,2,"""Facebook has just debar Strategic Communication Laboratories ( SCL ) and Cambridge Analytica for violating its privacy policy ."""
2,2,23.0,2,"""Facebook has just suspended Strategic Communication Laboratories ( SCL ) and Cambridge Analytica for violating its privateness insurance ."""
2,2,23.0,3,"""These companies worked with President Trump 's 2016 campaign , using Facebook and other societal media to target advertisement at voters much more effectively than the Clinton campaign ."""
2,2,23.0,3,"""These companies worked with President Trump 's 2016 run , using Facebook and other social media to aim ads at voters much more effectively than the Clinton run ."""
2,2,23.0,3,"""These companies worked with President Trump 's 2016 campaign , using Facebook and other social media to place ads at voters much more effectively than the Clinton campaign ."""
2,2,23.0,3,"""These companies worked with President Trump 's 2016 campaign , using Facebook and other social spiritualist to target ads at voters much more effectively than the Clinton campaign ."""
2,2,23.0,4,"""Cambridge Analytica , which is owned by hedge fund billionaire Robert Mercer , has been using Facebook as a tool to construct psychological profiles that represent some 230 million adult Americans and is being charge by Facebook of revealing the private i"""
2,2,23.0,4,"""Cambridge Analytica , which is possess by hedge fund billionaire Robert Mercer , has been using Facebook as a tool to build psychological profiles that act some 230 million adult Americans and is being accused by Facebook of revealing the private i"""
2,2,23.0,4,"""Cambridge Analytica , which is owned by hedge investment company billionaire Robert Mercer , has been using Facebook as a tool to build psychological profiles that exemplify some 230 million adult Americans and is being accused by Facebook of revealing the private i"""
2,2,23.0,4,"""Cambridge Analytica , which is owned by hedge fund billionaire Robert Mercer , has been using Facebook as a tool to build psychological profiles that represent some 230 million adult Americans and is being accused by Facebook of revealing the private i"""
2,2,23.0,5,"""While these companies utilized the tools that Facebook created for their advertisers to fare much the like targeting , they are accused of going further and violating Facebook 's terms of service ."""
2,2,23.0,5,"""While these companies utilized the tools that Facebook created for their advertisers to do much the like targeting , they are charge of going further and violating Facebook 's terms of service ."""
2,2,23.0,5,"""While these companies utilized the peter that Facebook created for their advertisers to do much the same targeting , they are accuse of going further and violating Facebook 's terms of service ."""
2,2,23.0,5,"""While these caller utilized the tools that Facebook created for their advertisers to come much the same targeting , they are accused of going further and violating Facebook 's terms of service ."""
2,2,23.0,6,"""Facebook Deputy General Counsel Paul Grewal explained that SCL worked with Aleksandr Kogan , a psychology prof at the University of Cambridge , who developed "" Thisisyourdigitallife , "" an app that enticed Facebook users to reveal more than about their pe"""
2,2,23.0,6,"""Facebook Deputy General Counsel Paul Grewal explained that SCL worked with Aleksandr Kogan , a psychological science professor at the University of Cambridge , who developed "" Thisisyourdigitallife , "" an app that tempt Facebook users to reveal more about their pe"""
2,2,23.0,6,"""Facebook Deputy General Counsel Paul Grewal explained that SCL worked with Aleksandr Kogan , a psychology prof at the University of Cambridge , who make grow "" Thisisyourdigitallife , "" an app that enticed Facebook users to reveal more about their pe"""
2,2,23.0,6,"""Facebook Deputy General Counsel Paul Grewal explained that SCL worked with Aleksandr Kogan , a psychological science professor at the University of Cambridge , who developed "" Thisisyourdigitallife , "" an app that enticed Facebook users to reveal more than about their pe"""
2,2,23.0,7,"""According to the New York Times , questions like these were postulate : "" Do you panic easily ?"""
2,2,23.0,7,"""According to the New York Times , questions like these were take : "" Do you panic easily ?"""
2,2,23.0,7,"""According to the New York Times , interrogation like these were asked : "" Do you panic easily ?"""
2,2,23.0,7,"""According to the New York Times , doubt like these were asked : "" Do you panic easily ?"""
2,2,23.0,8,"""Do you often experience blue ?"""
2,2,23.0,8,"""Do you often finger blue ?"""
2,2,23.0,8,"""Do you often palpate blue ?"""
2,2,23.0,9,"""Do you have a sharp knife ?"""
2,2,23.0,9,"""Do you take a sharp natural language ?"""
2,2,23.0,9,"""Do you have got a sharp knife ?"""
2,2,23.0,9,"""Do you cause a sharp knife ?"""
2,2,23.0,10,"""Do you get chore dress right away ?"""
2,2,23.0,10,"""Do you get job coif right away ?"""
2,2,23.0,10,"""Do you stimulate chores arrange right away ?"""
2,2,23.0,10,"""Do you draw chores set right away ?"""
2,2,23.0,11,"""Do you consider in the importance of graphics ? """
2,2,23.0,11,"""Do you believe in the grandness of artistic production ? """
2,2,23.0,11,"""Do you believe in the grandness of nontextual matter ? """
2,2,23.0,11,"""Do you conceive in the importance of artistic creation ? """
2,2,23.0,12,""" If ever you 've answered questions like these on one of the free personality quizzes floating around Facebook , you 'll have memorise what 's known as your Ocean score : How you rate according to the big five psychological traits of Openness , Conscientio"""
2,2,23.0,12,""" If ever you 've answer questions like these on one of the free personality quizzes floating around Facebook , you 'll have learned what 's known as your Ocean score : How you rate according to the big five psychological traits of Openness , Conscientio"""
2,2,23.0,12,""" If ever you 've answered questions like these on one of the free personality quizzes floating around Facebook , you 'll have learned what 's make out as your Ocean score : How you rate according to the big five psychological traits of Openness , Conscientio"""
2,2,23.0,12,""" If ever you 've answered questions like these on one of the free personality quizzes floating around Facebook , you 'll have learned what 's known as your Ocean score : How you rate according to the large five psychological trait of Openness , Conscientio"""
2,2,23.0,13,"""More than a stern of a million Facebook users downloaded the app and logged in through Facebook , which gave Kogan personal information , let in where they lived , their likes and dislikes , and information about their friends ."""
2,2,23.0,13,"""More than a poop of a million Facebook users downloaded the app and logged in through Facebook , which gave Kogan personal information , including where they lived , their likes and dislikes , and information about their friend ."""
2,2,23.0,13,"""more than than a quarter of a million Facebook users downloaded the app and logged in through Facebook , which gave Kogan personal information , including where they know , their likes and dislikes , and information about their friends ."""
2,2,23.0,13,"""More than a quarter of a million Facebook users downloaded the app and lumber in through Facebook , which gave Kogan personal information , including where they lived , their likes and dislikes , and information about their friends ."""
2,2,23.0,14,"""Kogan , in turn , provided the personal info to a data harvesting company , Eunoia Technologies , in violation of Facebook rules that proscribe app developers from sharing users ' personal info ."""
2,2,23.0,14,"""Kogan , in turn , provided the personal information to a data harvesting company , Eunoia Technologies , in violation of Facebook rules that preclude app developers from sharing users ' personal information ."""
2,2,23.0,14,"""Kogan , in turn , provided the personal information to a data harvesting company , Eunoia Technologies , in violation of Facebook rules that forbid app developer from sharing users ' personal information ."""
2,2,23.0,14,"""Kogan , in turn , provided the personal information to a data harvesting fellowship , Eunoia Technologies , in violation of Facebook rules that forbid app developers from sharing exploiter ' personal information ."""
2,2,23.0,15,"""This data was then shared with SCL / Cambridge Analytica to target Facebook substance abuser during the election drive ."""
2,2,23.0,15,"""This data was then share with SCL / Cambridge Analytica to target Facebook user during the election campaign ."""
2,2,23.0,15,"""This data was then deal with SCL / Cambridge Analytica to target Facebook user during the election campaign ."""
2,2,23.0,15,"""This data was then partake in with SCL / Cambridge Analytica to point Facebook users during the election campaign ."""
2,2,23.0,16,"""When Facebook discovered the violation of their policy , they asked Kogan to verify that the personal data he collected was demolish and simply take away him at his word that it was ."""
2,2,23.0,16,"""When Facebook discovered the violation of their policy , they asked Kogan to verify that the personal data he pull together was destroyed and simply took him at his discussion that it was ."""
2,2,23.0,16,"""When Facebook discovered the violation of their policy , they asked Kogan to verify that the personal data point he collected was destroyed and simply took him at his word that it was ."""
2,2,23.0,16,"""When Facebook discovered the encroachment of their policy , they asked Kogan to verify that the personal data he collected was destroyed and simply took him at his Good Book that it was ."""
2,2,23.0,17,"""Facebook just learned that , in fact , the information was not deleted as requested , and so they debar SCL / Cambridge Analytica , Wylie , an intermediary , and Kogan from Facebook , pending further investigation ."""
2,2,23.0,17,"""Facebook just learned that , in fact , the data point was not deleted as requested , and so they suspended SCL / Cambridge Analytica , Wylie , an intermediary , and Kogan from Facebook , pending further probe ."""
2,2,23.0,17,"""Facebook just learned that , in fact , the data point was not deleted as requested , and so they suspended SCL / Cambridge Analytica , Wylie , an intermediary , and Kogan from Facebook , pending further investigation ."""
2,2,23.0,17,"""Facebook just determine that , in fact , the data was not deleted as bespeak , and so they suspended SCL / Cambridge Analytica , Wylie , an intermediary , and Kogan from Facebook , pending further investigation ."""
2,2,23.0,18,"""Cambridge Analytica released a argument claiming that it deleted all of its data point after learning that Global Science Research did not comply with Facebook 's terms of service and that it is working with the social media company to "" resolve this matte"""
2,2,23.0,18,"""Cambridge Analytica let go of a statement claiming that it deleted all of its data after learning that Global Science Research did not comply with Facebook 's terms of service and that it is crop with the social media company to "" resolve this matte"""
2,2,23.0,18,"""Cambridge Analytica resign a statement claiming that it deleted all of its data after learning that Global Science Research did not comply with Facebook 's terms of service and that it is working with the social mass medium company to "" resolve this matte"""
2,2,23.0,18,"""Cambridge Analytica released a statement exact that it deleted all of its data after learning that Global Science Research did not comply with Facebook 's terms of service and that it is working with the societal media company to "" resolve this matte"""
1,3,24.0,t,"""What President Trump does n't become about the NFL"""
1,3,24.0,t,"""What President Trump does n't produce about the NFL"""
1,3,24.0,t,"""What President Trump does n't gravel about the NFL"""
1,3,24.0,t,"""What President Trump does n't dumbfound about the NFL"""
1,3,24.0,0,"""At a political rallying for Sen. Luther Strange ( R - Ala. ) , President Trump called on NFL owners to fire players who kneel during the national anthem as a form of protest ."""
1,3,24.0,0,"""At a political rally for Sen. Luther Strange ( R - Ala. ) , President Trump yell on NFL owners to fire players who kneel during the national anthem as a form of protest ."""
1,3,24.0,0,"""At a political rally for Sen. Luther Strange ( R - Ala. ) , President Trump anticipate on NFL owners to fire actor who kneel during the national anthem as a form of protest ."""
1,3,24.0,0,"""At a political rally for Sen. Luther Strange ( R - Ala. ) , President Trump called on NFL possessor to fervency players who kneel during the national anthem as a form of protest ."""
1,3,24.0,1,"""Editor 's promissory note : This video contains strong linguistic process ."""
1,3,24.0,1,"""Editor 's government note : This video contains strong voice communication ."""
1,3,24.0,1,"""Editor 's note : This video hold stiff language ."""
1,3,24.0,1,"""Editor 's promissory note : This video recording contains strong language ."""
1,3,24.0,2,(Reuters)
1,3,24.0,6,"""How the NFL responds to Donald Trump 's saliva - foaming is hardly a test showcase for whether the republic will stand ."""
1,3,24.0,6,"""How the NFL responds to Donald Trump 's spit - foaming is hardly a test casing for whether the democracy will stand ."""
1,3,24.0,6,"""How the NFL responds to Donald Trump 's tongue - foaming is hardly a test case for whether the republic will stomach ."""
1,3,24.0,6,"""How the NFL responds to Donald Trump 's spittle - foaming is hardly a test case for whether the republic will stand ."""
1,3,24.0,7,"""Nevertheless , the league is a maker of manners in this country , so it means something that Commissioner Roger Goodell and others are getting it right , striking the perfect calm but resistant tone in response to Trump 's gutter - mouthing , a tone that sa"""
1,3,24.0,7,"""Nevertheless , the league is a maker of manners in this country , so it imply something that Commissioner Roger Goodell and others are getting it right , striking the perfect calm but resistant look in response to Trump 's gutter - mouthing , a look that sa"""
1,3,24.0,7,"""Nevertheless , the league is a maker of manners in this country , so it means something that Commissioner Roger Goodell and others are getting it right , striking the perfect calm but resistant tone in response to Trump 's toilet - mouthing , a tone that sa"""
1,3,24.0,8,"""The NFL , faced with whether to play to the basest instinct of the consultation , declined ."""
1,3,24.0,8,"""The NFL , faced with whether to play to the basest instincts of the interview , declined ."""
1,3,24.0,8,"""The NFL , confront with whether to play to the basest instincts of the audience , declined ."""
1,3,24.0,8,"""The NFL , faced with whether to meet to the basest instincts of the audience , declined ."""
1,3,24.0,9,"""It cohere to politeness ."""
1,3,24.0,9,"""It bond to politeness ."""
1,3,24.0,9,"""It stick by to politeness ."""
1,3,24.0,9,"""It stick to to politeness ."""
1,3,24.0,10,"""The league is apparently unifying around the notion that , whatever side you may be on in the siege - controversy over NFL instrumentalist kneel during the anthem to protest racial injustice , whether you see it as a matter of patriotism , activism or some ta"""
1,3,24.0,10,"""The league is apparently merge around the notion that , whatever side you may be on in the siege - controversy over NFL players kneeling during the anthem to protest racial injustice , whether you see it as a matter of patriotism , activism or some ta"""
1,3,24.0,10,"""The league is apparently unify around the notion that , whatever side you may be on in the siege - controversy over NFL players kneeling during the anthem to protest racial injustice , whether you see it as a thing of patriotism , activism or some ta"""
1,3,24.0,10,"""The league is apparently merge around the notion that , whatever side you may be on in the siege - controversy over NFL players kneeling during the anthem to protest racial injustice , whether you see it as a matter of nationalism , activism or some ta"""
1,3,24.0,11,"""[ trump card turns mutant into a political battleground with comments on NFL and Steph Curry ]"""
1,3,24.0,11,"""[ Trump sprain sportsman into a political battleground with comments on NFL and Steph Curry ]"""
1,3,24.0,11,"""[ Trump turns mutation into a political field of honor with comments on NFL and Steph Curry ]"""
1,3,24.0,11,"""[ cornet turns variation into a political battleground with comments on NFL and Steph Curry ]"""
1,3,24.0,12,"""Who experience what Trump 's material gripe is with the NFL ."""
1,3,24.0,12,"""Who live what Trump 's real kick is with the NFL ."""
1,3,24.0,12,"""Who knows what Trump 's substantial beef is with the NFL ."""
1,3,24.0,12,"""Who knows what Trump 's material bitch is with the NFL ."""
1,3,24.0,13,"""Maybe he 's still angry that owners abnegate him entry to their club long time ago ."""
1,3,24.0,13,"""Maybe he 's still angry that owners denied him first appearance to their club geezerhood ago ."""
1,3,24.0,13,"""Maybe he 's still angry that owners deny him entry to their club years ago ."""
1,3,24.0,13,"""Maybe he 's still angry that possessor denied him entry to their nightspot years ago ."""
1,3,24.0,14,"""Or maybe Colin Kaepernick 's mute but unrepentant protestation really arouses his spittle ."""
1,3,24.0,14,"""Or maybe Colin Kaepernick 's mute but impenitent protest really come alive his spittle ."""
1,3,24.0,14,"""Or maybe Colin Kaepernick 's mute but impenitent objection really arouses his spittle ."""
1,3,24.0,14,"""Or maybe Colin Kaepernick 's mute but unremorseful dissent really arouses his spittle ."""
1,3,24.0,15,"""Or maybe he 's just create an "" Are you not entertained ! """
1,3,24.0,15,"""Or maybe he 's just make an "" Are you not entertained ! """
1,3,24.0,15,"""Or maybe he 's just produce an "" Are you not entertained ! """
1,3,24.0,16,"""Circus - maximus spectacle by bull - baiting a wealthy league that is easy to resent by cash - strapped , job - insecure rooter ."""
1,3,24.0,16,"""circus - maximus spectacle by bull - baiting a wealthy conference that is easy to resent by cash - strapped , job - insecure fans ."""
1,3,24.0,16,"""circus - maximus spectacle by bull - baiting a wealthy league that is easy to resent by cash - strapped , job - insecure fans ."""
1,3,24.0,16,"""circus - maximus spectacle by shit - baiting a wealthy league that is easy to resent by cash - strapped , job - insecure fans ."""
1,3,24.0,17,"""Regardless , horn misreads what Americans love about the NFL ."""
1,3,24.0,17,"""Regardless , trumpet misreads what Americans have it off about the NFL ."""
1,3,24.0,17,"""Regardless , trumpet misreads what Americans love about the NFL ."""
1,3,24.0,18,"""It 's beloved not so much for its vehemence or rudeness , but rather the skill that results in vehemence averted ."""
1,3,24.0,18,"""It 's beloved not so much for its ferocity or crudity , but rather the skill that results in ferocity averted ."""
1,3,24.0,18,"""It 's beloved not so much for its violence or crudeness , but rather the attainment that results in violence averted ."""
1,3,24.0,18,"""It 's beloved not so much for its violence or crudity , but rather the skill that results in violence turn away ."""
1,3,24.0,19,"""It 's a biz , ultimately , of chasteness ."""
1,3,24.0,19,"""It 's a plot , ultimately , of simplicity ."""
1,3,24.0,19,"""It 's a secret plan , ultimately , of simplicity ."""
1,3,24.0,19,"""It 's a secret plan , ultimately , of simpleness ."""
1,3,25.0,t,"""The President call for Silence From Colin Kaepernick"""
1,3,25.0,t,"""The President take Silence From Colin Kaepernick"""
1,3,25.0,t,"""The President necessitate Silence From Colin Kaepernick"""
1,3,25.0,t,"""The President involve Silence From Colin Kaepernick"""
1,3,25.0,0,"""President Trump showed an awkward sense of timing in denouncing Colin Kaepernick , the former Super Bowl quarterback who last season commence kneeling during the national anthem to protest police injustice against minorities ."""
1,3,25.0,0,"""President Trump record an awkward sense of timing in denouncing Colin Kaepernick , the former Super Bowl quarterback who last season began kneeling during the national anthem to protest police injustice against nonage ."""
1,3,25.0,0,"""President Trump showed an awkward sense of timing in denouncing Colin Kaepernick , the former Super Bowl quarterback who last season began kneeling during the national anthem to protest police injustice against minorities ."""
1,3,25.0,0,"""President Trump showed an awkward good sense of timing in shit Colin Kaepernick , the former Super Bowl quarterback who last season began kneeling during the national anthem to protest police injustice against minorities ."""
1,3,25.0,1,"""He pinch on Saturday :"""
1,3,25.0,1,"""He twinge on Saturday :"""
1,3,25.0,1,"""He squeeze on Saturday :"""
1,3,25.0,1,"""He twitch on Saturday :"""
1,3,25.0,2,"""His demand for Mr. Kaepernick 's silence came two days after The New York Times reported on another form of silence that get along with the privilege of dedicating your life , breaking your body and soulfulness , to be in the N.F.L."""
1,3,25.0,2,"""His demand for Mr. Kaepernick 's silence came two days after The New York Times describe on another form of silence that comes with the privilege of dedicating your life history , breaking your body and soul , to be in the N.F.L."""
1,3,25.0,2,"""His requirement for Mr. Kaepernick 's silence came two days after The New York Times reported on another soma of silence that comes with the privilege of dedicating your life , breaking your body and soul , to be in the N.F.L."""
1,3,25.0,2,"""His demand for Mr. Kaepernick 's silence amount two days after The New York Times reported on another form of silence that comes with the privilege of dedicating your life , reveal your body and soul , to be in the N.F.L."""
1,3,25.0,3,"""Doctors , it said , had encounter a severe level of the degenerative brain disease chronic traumatic encephalopathy , or C.T.E. , in Aaron Hernandez , the 27 - year - old former New England Patriot who committed suicide in April while imprisoned on a murder sente"""
1,3,25.0,3,"""Doctors , it said , had found a severe level of the degenerative brain disease chronic traumatic encephalopathy , or C.T.E. , in Aaron Hernandez , the 27 - year - old former New England Patriot who committed suicide in April while imprisoned on a murder sente"""
1,3,25.0,3,"""Doctors , it enunciate , had found a severe level of the degenerative brain disease chronic traumatic encephalopathy , or C.T.E. , in Aaron Hernandez , the 27 - year - old former New England Patriot who invest suicide in April while imprisoned on a murder sente"""
1,3,25.0,3,"""Doctors , it said , had found a severe level of the degenerative brain disease chronic traumatic brain disease , or C.T.E. , in Aaron Hernandez , the 27 - yr - old former New England Patriot who committed suicide in April while imprisoned on a murder sente"""
1,3,25.0,4,"""His brain bear witness the kind of damage usually get wind in players in their 60s ."""
1,3,25.0,4,"""His genius demo the kind of damage usually seen in players in their 60s ."""
1,3,25.0,4,"""His brain present the kind of damage usually seen in player in their 60s ."""
1,3,25.0,4,"""His brain showed the kind of legal injury usually seen in players in their 60 ."""
1,3,25.0,5,C.T.E.
1,3,25.0,6,"""'s bell on role player ' health - a recent survey found C.T.E."""
1,3,25.0,6,"""'s toll on players ' wellness - a recent survey recover C.T.E."""
1,3,25.0,6,"""'s toll on instrumentalist ' wellness - a recent survey found C.T.E."""
1,3,25.0,6,"""'s toll on thespian ' health - a recent sketch found C.T.E."""
1,3,25.0,7,"""in the wit of 110 of 111 former N.F.L."""
1,3,25.0,7,"""in the Einstein of 110 of 111 former N.F.L."""
1,3,25.0,7,"""in the brainiac of 110 of 111 former N.F.L."""
1,3,25.0,8,"""players see - was of no fear to Mr. Trump ."""
1,3,25.0,8,"""player examined - was of no business to Mr. Trump ."""
1,3,25.0,8,"""players essay - was of no headache to Mr. Trump ."""
1,3,25.0,8,"""musician examined - was of no business organization to Mr. Trump ."""
1,3,25.0,9,"""At a political rally in Alabama on Friday , the president complain about referees penalizing teams for excessive violence ."""
1,3,25.0,9,"""At a political rally in Alabama on Friday , the president complained about referees penalizing team for excessive violence ."""
1,3,25.0,9,"""At a political rally in Alabama on Friday , the president complained about reader penalizing teams for excessive fury ."""
1,3,25.0,9,"""At a political rallying in Alabama on Friday , the president complained about referees penalizing teams for excessive violence ."""
1,3,25.0,10,"""Demonstrating with his clenched fist colliding , he referred to a "" beautiful tackle "" that earned a 15 - K penalty ."""
1,3,25.0,10,"""Demonstrating with his fists jar , he referred to a "" beautiful tackle "" that earned a 15 - yard penalty ."""
1,3,25.0,10,"""Demonstrating with his clenched fist colliding , he referred to a "" beautiful tackle "" that earned a 15 - yard penalty ."""
1,3,25.0,10,"""manifest with his fists colliding , he referred to a "" beautiful fishing gear "" that earned a 15 - yard penalty ."""
1,3,25.0,11,""" They 're ruining the secret plan , "" he order ."""
1,3,25.0,11,""" They 're bankrupt the plot , "" he said ."""
1,3,25.0,11,""" They 're ruining the secret plan , "" he enjoin ."""
1,3,25.0,11,""" They 're break the game , "" he sound out ."""
1,3,25.0,12,"""He dismissed a fear that has led thousands of parents to keep their children from playing football , as casually as he brush aside the fears of Mr. Kaepernick for the safety and dignity of young black and Hispanic men off the field ."""
1,3,25.0,12,"""He dismissed a fear that has led thousands of parents to keep their children from playing football , as casually as he snub the fears of Mr. Kaepernick for the safety and dignity of young black and Latino men off the field ."""
1,3,25.0,12,"""He dismissed a fearfulness that has led thousands of parents to keep their children from playing football , as casually as he disregarded the fears of Mr. Kaepernick for the safety and dignity of young black and Hispanic men off the field ."""
1,3,25.0,12,"""He dismissed a fear that has led thousands of parents to keep their minor from playing football , as casually as he disregarded the fears of Mr. Kaepernick for the condom and dignity of young black and Hispanic men off the field ."""
1,3,25.0,13,""" Would n't you be intimate to get wind one of these N.F.L."""
1,3,25.0,13,""" Would n't you bed to get a line one of these N.F.L."""
1,3,25.0,13,""" Would n't you bonk to look one of these N.F.L."""
1,3,25.0,13,""" Would n't you have it away to determine one of these N.F.L."""
1,3,25.0,14,"""possessor , when somebody disrespects our flag , to say , ' Get that son of a bitch off the field right now , out , he 's fired , ' "" he allege at Friday 's rally ."""
1,3,25.0,14,"""owners , when somebody disrespects our flag , to say , ' arrest that son of a bitch off the field right now , out , he 's fired , ' "" he sound out at Friday 's rally ."""
1,3,25.0,14,"""proprietor , when somebody disrespects our flag , to say , ' Get that son of a bitch off the field right now , out , he 's fired , ' "" he said at Friday 's rallying ."""
1,3,25.0,14,"""owners , when somebody disesteem our flag , to say , ' Get that son of a bitch off the field right now , out , he 's fired , ' "" he said at Friday 's exchange ."""
1,3,25.0,15,"""Mr. Kaepernick has essentially gotten that subject matter already from the Trump - hump owners of N.F.L."""
1,3,25.0,15,"""Mr. Kaepernick has essentially scram that message already from the Trump - loving owner of N.F.L."""
1,3,25.0,15,"""Mr. Kaepernick has essentially gotten that content already from the Trump - sleep with owners of N.F.L."""
1,3,25.0,15,"""Mr. Kaepernick has essentially fix that subject matter already from the Trump - loving owners of N.F.L."""
1,3,25.0,16,"""teams , none of whom have even offered him a backup spatial relation despite a striking level of mediocrity among even many starting signal caller ."""
1,3,25.0,16,"""squad , none of whom have even offered him a backup position despite a striking level of averageness among even many starting quarterbacks ."""
1,3,25.0,16,"""teams , none of whom have even offered him a backup position despite a striking level of mediocrity among even many starting quarterback ."""
1,3,25.0,17,"""But the United States President was not just verbalise to Mr. Kaepernick ."""
1,3,25.0,17,"""But the chair was not just verbalise to Mr. Kaepernick ."""
1,3,25.0,17,"""But the chairwoman was not just address to Mr. Kaepernick ."""
1,3,25.0,17,"""But the chairperson was not just address to Mr. Kaepernick ."""
1,3,25.0,18,"""His subject matter was to anyone who would protest racial injustice or unfairness ."""
1,3,25.0,18,"""His message was to anyone who would resist racial injustice or inequity ."""
1,3,25.0,18,"""His substance was to anyone who would protest racial unjustness or inequity ."""
1,3,25.0,18,"""His message was to anyone who would protest racial unjustness or unfairness ."""
1,3,25.0,19,"""shut up ."""
1,3,25.0,19,"""shut out up ."""
1,3,25.0,19,"""keep out up ."""
1,3,26.0,t,"""trumpet : ' Standing with locked arm is good , kneeling is not acceptable '"""
1,3,26.0,t,"""cornet : ' Standing with locked arms is good , kneeling is not acceptable '"""
1,3,26.0,t,"""Trump : ' Standing with locked limb is good , kneeling is not acceptable '"""
1,3,26.0,t,"""horn : ' Standing with locked arms is good , kneeling is not acceptable '"""
1,3,26.0,0,"""President Trump has responded to players from multiple NFL teams kneeling or locking arms on Sunday , tweeting that taking a knee is not acceptable , and suggested the act of protest will lead to regretful ratings for the league?셲 games ."""
1,3,26.0,0,"""President Trump has responded to players from multiple NFL teams kneeling or locking arms on Sunday , tweeting that taking a knee is not acceptable , and suggested the enactment of protest will lead to bad ratings for the league?셲 games ."""
1,3,26.0,0,"""President Trump has responded to players from multiple NFL team kneeling or locking weaponry on Sunday , tweeting that taking a knee is not acceptable , and suggested the act of protest will lead to bad ratings for the league?셲 games ."""
1,3,26.0,0,"""President Trump has responded to players from multiple NFL teams kneel or locking arms on Sunday , tweeting that taking a knee is not acceptable , and advise the act of protest will lead to bad ratings for the league?셲 games ."""
1,3,26.0,1,"""Meanwhile , while one Pittsburgh team did not issue forth out of the footlocker room for the anthem on Sunday , another has accepted the president 's invitation to join him at the White House ."""
1,3,26.0,1,"""Meanwhile , while one Pittsburgh team did not fare out of the locker way for the anthem on Sunday , another has accepted the president 's invitation to join him at the White House ."""
1,3,26.0,1,"""Meanwhile , while one Pittsburgh team did not descend out of the footlocker room for the anthem on Sunday , another has accepted the president 's invitation to join him at the White House ."""
1,3,26.0,1,"""Meanwhile , while one Pittsburgh team did not come out of the footlocker room for the hymn on Sunday , another has accepted the president 's invitation to join him at the White House ."""
1,3,26.0,2,"""Trump tweeted that the Stanley Cup Champion Pittsburgh Penguins will be joining him at the White House , but did not leave a day of the month ."""
1,3,26.0,2,"""Trump squeeze that the Stanley Cup Champion Pittsburgh Penguins will be connect him at the White House , but did not provide a date ."""
1,3,26.0,2,"""Trump tweeted that the Stanley Cup Champion Pittsburgh Penguins will be bring together him at the White House , but did not bring home the bacon a date ."""
1,3,26.0,2,"""Trump tweeted that the Stanley Cup Champion Pittsburgh Penguins will be joining him at the White House , but did not leave a particular date ."""
1,3,26.0,3,""" Great squad ! """
1,3,26.0,4,"""he tot up ."""
1,3,26.0,4,"""he lend ."""
1,3,26.0,4,"""he total ."""
1,3,26.0,5,"""The Pittsburgh Steelers on Sunday chose not to take part in the national hymn ceremony at all at Soldier Field in Chicago for their noon game against the Chicago Bears ."""
1,3,26.0,5,"""The Pittsburgh Steelers on Sunday chose not to take part in the national anthem ceremony at all at Soldier Field in Chicago for their high noon game against the Chicago Bears ."""
1,3,26.0,5,"""The Pittsburgh Steelers on Sunday chose not to participate in the national anthem ceremony at all at Soldier Field in Chicago for their twelve noon game against the Chicago Bears ."""
1,3,26.0,5,"""The Pittsburgh Steelers on Sunday chose not to participate in the national anthem ceremonial at all at Soldier Field in Chicago for their noon biz against the Chicago Bears ."""
1,3,26.0,6,"""Elsewhere , possessor from the Atlanta Falcons , Detroit Lions , New York Jets , Miami Dolphins , Philadelphia Eagles and Jacksonville Jaguars have now joined players on the flying field in solidarity ."""
1,3,26.0,6,"""Elsewhere , owners from the Atlanta Falcons , Detroit Lions , New York Jets , Miami Dolphins , Philadelphia Eagles and Jacksonville Jaguars have now unite players on the arena in solidarity ."""
1,3,26.0,6,"""Elsewhere , owner from the Atlanta Falcons , Detroit Lions , New York Jets , Miami Dolphins , Philadelphia Eagles and Jacksonville Jaguars have now joined role player on the field in solidarity ."""
1,3,26.0,6,"""Elsewhere , owners from the Atlanta Falcons , Detroit Lions , New York Jets , Miami Dolphins , Philadelphia Eagles and Jacksonville Jaguars have now joined player on the flying field in solidarity ."""
1,3,26.0,7,"""One owner , Robert Kraft of the New England Patriots , criticize Trump , who he has previously telephone a very good friend , saying he is "" deeply disappointed "" in the president?셲 comments condemning NFL players who kneel in protest during the national ant"""
1,3,26.0,7,"""One owner , Robert Kraft of the New England Patriots , criticized Trump , who he has previously called a very good admirer , saying he is "" deeply disappointed "" in the president?셲 input condemning NFL players who kneel in protest during the national ant"""
1,3,26.0,7,"""One owner , Robert Kraft of the New England Patriots , criticized Trump , who he has previously name a very good friend , saying he is "" deeply disappointed "" in the president?셲 comment condemning NFL players who kneel in protest during the national ant"""
1,3,26.0,7,"""One owner , Robert Kraft of the New England Patriots , criticized Trump , who he has previously send for a very good friend , allege he is "" deeply disappointed "" in the president?셲 comments condemning NFL players who kneel in protest during the national ant"""
1,3,26.0,8,""" There cost no greater unifier in this country than sports , and unfortunately , nothing more divisive than politics , "" Kraft said in a statement tweeted by the Patriots"""
1,3,26.0,8,""" There is no greater unifier in this country than sports , and unfortunately , nothing more divisive than politics , "" Kraft said in a financial statement tweeted by the Patriots"""
1,3,26.0,8,""" There be no greater unifier in this country than sports , and unfortunately , nothing more divisive than politics , "" Kraft said in a command tweeted by the Patriots"""
1,3,26.0,8,""" There is no greater unifier in this country than sports , and unfortunately , nothing more divisive than politics , "" Kraft said in a command tweeted by the Patriots"""
1,3,26.0,9,""" I think our political leaders could learn a lot from the lessons of teamwork and the importance of exploit together toward a common goal , "" the statement state ."""
1,3,26.0,9,""" I think our political leaders could learn a lot from the lessons of teamwork and the grandness of working together toward a common goal , "" the statement said ."""
1,3,26.0,9,""" I think our political leader could get wind a lot from the lessons of teamwork and the importance of working together toward a common goal , "" the statement said ."""
1,3,26.0,9,""" I reckon our political leaders could learn a lot from the lessons of teamwork and the importance of working together toward a common destination , "" the statement said ."""
1,3,26.0,10,""" Our players are intelligent , thoughtful , and wish deeply about our community of interests and I support their right to peacefully affect social change and raise awareness in a manner that they feel is impactful . """
1,3,26.0,10,""" Our players are intelligent , thoughtful , and care deeply about our community and I support their right to peacefully affect social change and raise cognizance in a manner that they feel is impactful . """
1,3,26.0,10,""" Our players are intelligent , thoughtful , and care deeply about our residential area and I support their right to peacefully affect societal change and raise awareness in a manner that they feel is impactful . """
1,3,26.0,10,""" Our instrumentalist are intelligent , thoughtful , and care deeply about our community and I back their right to peacefully affect social change and raise awareness in a manner that they feel is impactful . """
1,3,26.0,11,"""The public disagreement hail only months after the Patriots made a formal visit to the White House in April during which Kraft called Trump a "" very good friend . """
1,3,26.0,11,"""The public disagreement comes only months after the Patriots build a formal visit to the White House in April during which Kraft called Trump a "" very good friend . """
1,3,26.0,11,"""The public disagreement come in only calendar month after the Patriots made a formal visit to the White House in April during which Kraft called Trump a "" very good friend . """
1,3,26.0,11,"""The public disagreement comes only months after the Patriots made a formal visit to the White House in April during which Kraft called Trump a "" very good admirer . """
1,3,26.0,12,"""Kraft 's comments came shortly after Trump early on Sunday morning turned his attention to NFL rooter in his feud with the league over players who kneel in protest during the national anthem , saying many people "" stay away "" from the games "" because they"""
1,3,26.0,12,"""Kraft 's comments came shortly after Trump early on Sunday morning turned his attention to NFL lover in his feud with the league over players who kneel in protest during the national anthem , enounce many people "" stay away "" from the games "" because they"""
1,3,26.0,12,"""Kraft 's comments fare shortly after Trump early on Sunday morning turned his attention to NFL fans in his feud with the league over players who kneel in protest during the national anthem , saying many people "" abide away "" from the games "" because they"""
1,3,26.0,12,"""Kraft 's comments came shortly after Trump early on Sunday morning turned his attention to NFL fans in his feud with the league over players who kneel in protest during the national anthem , enunciate many people "" stay away "" from the games "" because they"""
1,3,26.0,13,"""The president also suggested that if fans turn away to go to secret plan due to the protests , "" you will see change fast . """
1,3,26.0,13,"""The president also suggest that if rooter refuse to go to games due to the protests , "" you will see change fast . """
1,3,26.0,13,"""The president also suggested that if fans decline to go to games due to the protests , "" you will see variety fast . """
1,3,26.0,13,"""The president also suggested that if fans refuse to go to games due to the protests , "" you will see alteration fast . """
1,3,26.0,14,"""Trump 's tweets Sunday add up just a couple of hours before a series of NFL games scheduled for the daylight begin ."""
1,3,26.0,14,"""Trump 's tweet Sunday came just a couple of hours before a series of NFL biz scheduled for the day begin ."""
1,3,26.0,14,"""Trump 's tweets Sunday came just a couple of time of day before a series of NFL games scheduled for the solar day begin ."""
1,3,26.0,14,"""Trump 's tweets Sunday came just a couple of hours before a serial of NFL games scheduled for the Clarence Shepard Day Jr. begin ."""
1,3,26.0,15,"""Earlier , on Saturday night , the president slammed NFL Commissioner Roger Goodell for speaking out against Trump 's execration of kneeling role player and statement that team owners should fire those role player ."""
1,3,26.0,15,"""Earlier , on Saturday night , the president mosh NFL Commissioner Roger Goodell for speaking out against Trump 's condemnation of kneeling player and statement that team owners should fire those player ."""
1,3,26.0,15,"""Earlier , on Saturday night , the president slammed NFL Commissioner Roger Goodell for speaking out against Trump 's judgment of conviction of kneel players and statement that team owners should fire those players ."""
1,3,26.0,15,"""Earlier , on Saturday night , the president thrash NFL Commissioner Roger Goodell for speaking out against Trump 's condemnation of kneeling players and command that team owners should fire those players ."""
1,3,26.0,16,"""Goodell is "" attempt to justify the total disrespect certain players show to our country , "" Trump tweeted"""
1,3,26.0,16,"""Goodell is "" trying to justify the total discourtesy certain players show to our state , "" Trump tweeted"""
1,3,26.0,16,"""Goodell is "" trying to justify the total discourtesy sure players show to our country , "" Trump tweeted"""
1,3,26.0,16,"""Goodell is "" trying to justify the total disrespect certain players testify to our country , "" Trump tweeted"""
1,3,26.0,17,""" Divisive comments like these demonstrate an unfortunate lack of respect for the NFL , our great biz and all of our players , and a failure to understand the overwhelming force for good our clubs and players represent in our communities . """
1,3,26.0,17,""" Divisive comments like these demonstrate an unfortunate lack of respect for the NFL , our great game and all of our histrion , and a failure to understand the overwhelming force for good our lodge and histrion represent in our communities . """
1,3,26.0,17,""" Divisive comments like these demonstrate an unfortunate lack of respect for the NFL , our great game and all of our players , and a failure to understand the overwhelming force for good our social club and players represent in our communities . """
1,3,26.0,17,""" Divisive comments like these march an unfortunate lack of respect for the NFL , our great game and all of our players , and a failure to understand the overwhelming force for good our clubs and players represent in our communities . """
1,3,26.0,18,"""NFL participant across the league and their union -- and even some team officials -- were more lineal in their response to Trump 's criticism Friday night of the handful of NFL participant who have kneeled or sat on the bench during the national anthem perfo"""
1,3,26.0,18,"""NFL participant across the league and their union -- and even some team officials -- were more direct in their response to Trump 's criticism Friday night of the handful of NFL participant who have kneeled or sat on the bench during the national anthem perfo"""
1,3,26.0,18,"""NFL players across the conference and their union -- and even some team officials -- were more direct in their response to Trump 's criticism Friday nighttime of the handful of NFL players who have kneeled or sat on the bench during the national anthem perfo"""
1,3,26.0,18,"""NFL players across the league and their union -- and even some team officials -- were more direct in their response to Trump 's literary criticism Friday night of the handful of NFL players who have kneeled or sat on the bench during the national anthem perfo"""
1,3,26.0,19,"""The practice was most famously done by former San Francisco 49ers signal caller Colin Kaepernick ."""
1,3,26.0,19,"""The practice was most famously act by former San Francisco 49ers signal caller Colin Kaepernick ."""
1,3,26.0,19,"""The pattern was most famously done by former San Francisco 49ers quarterback Colin Kaepernick ."""
1,3,26.0,19,"""The practice was most famously manage by former San Francisco 49ers quarterback Colin Kaepernick ."""
2,3,27.0,t,"""Trump 's Attack On Black Athletes May convey a League to Its base"""
2,3,27.0,t,"""Trump 's Attack On Black Athletes May impart a League to Its metrical unit"""
2,3,27.0,t,"""Trump 's Attack On Black Athletes May bestow a League to Its invertebrate foot"""
2,3,27.0,t,"""Trump 's Attack On Black Athletes May wreak a League to Its foundation"""
2,3,27.0,0,"""If any incertitude remain about the veracity of ESPN anchor Jemele Hill 's assessment of Donald Trump , the president spent Friday night and much of Saturday sunrise lashing out at black athletes - because said attacks play straight to his white nationalist b"""
2,3,27.0,0,"""If any doubts remain about the veracity of ESPN anchor Jemele Hill 's assessment of Donald Trump , the president spent Friday night and much of Saturday morning lashing out at black athletes - because said attacks play straight to his white nationalist b"""
2,3,27.0,0,"""If any doubts remain about the veracity of ESPN ground tackle Jemele Hill 's assessment of Donald Trump , the president spent Friday night and much of Saturday morning lashing out at black athletes - because said attacks play straight to his white nationalist b"""
2,3,27.0,0,"""If any doubts persist about the veracity of ESPN anchor Jemele Hill 's assessment of Donald Trump , the president spend Friday night and much of Saturday morning lashing out at black athletes - because said attacks play straight to his white nationalist b"""
2,3,27.0,1,"""On Friday , while stamp in Alabama for GOP senate candidate Luther Strange , Trump diverted from his prepared input , as is his wo nt ."""
2,3,27.0,1,"""On Friday , while stamp in Alabama for GOP senate campaigner Luther Strange , Trump diverted from his prepared remarks , as is his wo nt ."""
2,3,27.0,1,"""On Friday , while stumping in Alabama for GOP senate candidate Luther Strange , Trump diverted from his prepared remark , as is his wo nt ."""
2,3,27.0,1,"""On Friday , while stomp in Alabama for GOP senate candidate Luther Strange , Trump diverted from his prepared input , as is his wo nt ."""
2,3,27.0,2,"""After a lengthy pause , Trump asterisk grimly into the distance , and then let loose a winding , unhinged spiel about NFL players who kneeled during the National Anthem ."""
2,3,27.0,2,"""After a lengthy pause , Trump stared grimly into the distance , and then unleashed a twist , cark spiel about NFL players who kneeled during the National Anthem ."""
2,3,27.0,2,"""After a lengthy interruption , Trump stared grimly into the distance , and then unleashed a winding , unhinged spiel about NFL players who kneeled during the National Anthem ."""
2,3,27.0,2,"""After a lengthy pause , Trump stared grimly into the distance , and then unleashed a winding , cark spiel about NFL players who kneeled during the National Anthem ."""
2,3,27.0,3,"""He asked the assembled crowd , "" Would n't you love to see one of these NFL owners , when somebody disrespects our pin , to say , ' get that son of a bitch off the field right now ."""
2,3,27.0,3,"""He asked the assembled crowd , "" Would n't you love to see one of these NFL owners , when somebody disrespects our signal flag , to say , ' get that Son of a bitch off the field right now ."""
2,3,27.0,3,"""He asked the assembled gang , "" Would n't you love to see one of these NFL owners , when somebody disrespects our flag , to state , ' get that son of a bitch off the field right now ."""
2,3,27.0,3,"""He asked the assembled crowd , "" Would n't you have a go at it to see one of these NFL owners , when somebody disrespects our flag , to aver , ' get that son of a bitch off the field right now ."""
2,3,27.0,4,"""He 's arouse . ' """
2,3,27.0,4,"""He 's give the axe . ' """
2,3,27.0,4,"""He 's burn down . ' """
2,3,27.0,4,"""He 's terminate . ' """
2,3,27.0,5,"""The hearing jolly along ."""
2,3,27.0,5,"""The consultation exhort ."""
2,3,27.0,5,"""The interview embolden ."""
2,3,27.0,5,"""The interview cheer up ."""
2,3,27.0,6,"""Trump did n't stop there , waxing nostalgic about the NFL of yore , when men - real men - could impose permanent harm on one another without worrying about those pesky concussive and subconcussive blows to the head and long - term cognitive diseases , sound"""
2,3,27.0,6,"""trump did n't stop there , waxing nostalgic about the NFL of yore , when men - real men - could inflict permanent damage on one another without worrying about those pesky concussive and subconcussive blows to the head and long - term cognitive diseases , sound"""
2,3,27.0,6,"""Trump did n't stop there , waxing nostalgic about the NFL of yore , when men - real men - could inflict permanent damage on one another without worrying about those pesky concussive and subconcussive blows to the head and long - term cognitive diseases , sound"""
2,3,27.0,6,"""Trump did n't stop there , waxing nostalgic about the NFL of yore , when men - real men - could inflict permanent damage on one another without worrying about those pesky concussive and subconcussive screw up to the head and long - term cognitive diseases , sound"""
2,3,27.0,7,""" They 're smash the biz ! """
2,3,27.0,7,""" They 're deflower the plot ! """
2,3,27.0,7,""" They 're ruin the plot ! """
2,3,27.0,8,"""he whinged ."""
2,3,27.0,9,"""Trump added that military rating had dropped , partly because lover preferred to watch him , and encouraging anyone who witnesses the free expression of political thought should flee to a preferred safe space and boycott the NFL altogether ."""
2,3,27.0,9,"""Trump added that ratings had dropped , partly because fans preferred to watch him , and encouraging anyone who witness the free expression of political thought should flee to a preferred safe space and boycott the NFL altogether ."""
2,3,27.0,9,"""Trump added that paygrade had dropped , partly because fans preferred to watch him , and encouraging anyone who witnesses the free expression of political thought should flee to a preferred safe space and boycott the NFL altogether ."""
2,3,27.0,9,"""Trump added that valuation had dropped , partly because fans preferred to see him , and encouraging anyone who witnesses the free expression of political thought should flee to a preferred safe space and boycott the NFL altogether ."""
2,3,27.0,10,""" I ensure things will stop , "" he order ."""
2,3,27.0,10,""" I assure thing will stop , "" he said ."""
2,3,27.0,10,""" I assure things will break , "" he said ."""
2,3,27.0,10,""" I guarantee matter will stop , "" he state ."""
2,3,27.0,11,""" Just foot up and forget ."""
2,3,27.0,11,""" Just nibble up and bequeath ."""
2,3,27.0,11,""" Just cull up and allow ."""
2,3,27.0,11,""" Just peck up and pass on ."""
2,3,27.0,12,"""blame up and lead ."""
2,3,27.0,12,"""clean up and will ."""
2,3,27.0,12,"""clean up and forget ."""
2,3,27.0,12,"""pluck up and impart ."""
2,3,27.0,13,"""Not the like secret plan anymore , anyway . """
2,3,27.0,13,"""Not the like plot anymore , anyway . """
2,3,27.0,13,"""Not the like biz anymore , anyway . """
2,3,27.0,14,"""Trump 's anti - NFL commentary in Huntsville were just the beginning ."""
2,3,27.0,14,"""Trump 's anti - NFL comments in Huntsville were just the root ."""
2,3,27.0,14,"""Trump 's anti - NFL comments in Huntsville were just the beginning ."""
2,3,27.0,15,"""On Saturday morning , shortly conform to a Fox & Friends segment on the Golden State warrior ' star , Stephen Curry ."""
2,3,27.0,15,"""On Saturday first light , shortly following a Fox & Friends section on the Golden State Warriors ' star , Stephen Curry ."""
2,3,27.0,15,"""On Saturday dayspring , shortly following a Fox & Friends segment on the Golden State warrior ' star , Stephen Curry ."""
2,3,27.0,15,"""On Saturday morning , shortly following a Fox & Friends section on the Golden State warrior ' star , Stephen Curry ."""
2,3,27.0,16,"""Specifically , Trump did not fancy Curry 's announcement that he had no desire to be feted by the White House , and so Trump tweeted that he never wanted Curry and the balance of those mean ol' world champion Golden State warrior to come to his party any"""
2,3,27.0,16,"""Specifically , Trump did not fancy Curry 's announcement that he had no desire to be feted by the White House , and so Trump tweeted that he never want Curry and the rest of those mean ol' world champion Golden State Warriors to come to his party any"""
2,3,27.0,16,"""Specifically , Trump did not fancy Curry 's announcement that he had no desire to be feted by the White House , and so Trump tweeted that he never wanted Curry and the rest of those mean ol' world champion Golden State Warriors to come to his company any"""
2,3,27.0,16,"""Specifically , Trump did not fancy Curry 's announcement that he had no desire to be feted by the White House , and so Trump tweeted that he never wanted Curry and the rest of those mean ol' world champion Golden State Warriors to come to his political party any"""
2,3,27.0,17,"""Granted , as LeBron James helpfully designate out , Curry was n't "" waffle . """
2,3,27.0,17,"""accord , as LeBron James helpfully guide out , Curry was n't "" hesitating . """
2,3,27.0,17,"""cede , as LeBron James helpfully pointed out , Curry was n't "" hesitate . """
2,3,27.0,17,"""Granted , as LeBron James helpfully signal out , Curry was n't "" waffle . """
2,3,27.0,18,"""He said outright that he cause no intention of serving as Trump 's grin prop ."""
2,3,27.0,18,"""He enounce outright that he had no aim of serving as Trump 's grinning prop ."""
2,3,27.0,18,"""He tell outright that he had no design of serving as Trump 's grinning prop ."""
2,3,27.0,18,"""He enunciate outright that he had no intention of serving as Trump 's grinning airplane propeller ."""
2,3,27.0,19,"""Also , the insult "" bum "" has been dragged back into the lexicon , which is nice , reach that it will probably irk Trump as much as any other ( accurate ) label ."""
2,3,27.0,19,"""Also , the insult "" bum "" has been dragged back into the lexicon , which is nice , given that it will probably irk Trump as much as any other ( accurate ) recording label ."""
2,3,27.0,19,"""Also , the insult "" tush "" has been dragged back into the lexicon , which is nice , hold that it will probably irk Trump as much as any other ( accurate ) label ."""
2,3,27.0,19,"""Also , the contumely "" bum "" has been dragged back into the lexicon , which is nice , given that it will probably irk Trump as much as any other ( accurate ) recording label ."""
2,3,28.0,t,"""Trump performs plunk and roil on humans of sports"""
2,3,28.0,t,"""Trump performs pluck and roil on world of sportsman"""
2,3,28.0,t,"""Trump performs pick and rile on world of sports"""
2,3,28.0,t,"""Trump performs pick and roil on world of athletics"""
2,3,28.0,0,"""Addressing an exuberant crowd in an bowl Friday evening , President Trump roiled the world of sports at an event which originally have nothing to do with sports ."""
2,3,28.0,0,"""Addressing an exuberant crowd in an arena Friday evening , President Trump churn the world of sports at an upshot which originally had nothing to do with sports ."""
2,3,28.0,0,"""Addressing an exuberant bunch in an arena Friday evening , President Trump roiled the world of sports at an event which originally possess nothing to do with sports ."""
2,3,28.0,0,"""Addressing an exuberant crowd in an arena Friday evening , President Trump roiled the world of sports at an consequence which originally had nothing to do with sports ."""
2,3,28.0,1,"""The rally , meant to gin up support for Sen. Luther Strange , who on Tuesday faces an uphill battle in a GOP runoff competition , took a hard turn to politics when Trump exhorted NFL team owner to fire players who kneel during the national anthem ."""
2,3,28.0,1,"""The exchange , meant to gin up support for Sen. Luther Strange , who on Tuesday faces an uphill battle in a GOP runoff competition , took a hard turn to politics when Trump exhorted NFL team owners to fire players who kneel during the national anthem ."""
2,3,28.0,1,"""The rally , meant to gin up support for Sen. Luther Strange , who on Tuesday faces an uphill battle in a GOP runoff contest , took a concentrated turn to politics when Trump exhorted NFL team owners to fire players who kneel during the national anthem ."""
2,3,28.0,1,"""The rally , imply to gin up support for Sen. Luther Strange , who on Tuesday face up an uphill battle in a GOP runoff contest , took a hard turn to politics when Trump exhorted NFL team owners to fire players who kneel during the national anthem ."""
2,3,28.0,2,""" Would n't you love to insure one of these NFL owners , when somebody disrespects our flag , to say , ' Get that son of a gripe off the field right now ."""
2,3,28.0,2,""" Would n't you love to see one of these NFL owners , when somebody disrespects our flag , to say , ' perplex that Son of a bitch off the field right now ."""
2,3,28.0,2,""" Would n't you love to see to it one of these NFL owners , when somebody disrespects our flag , to say , ' Get that Word of a bitch off the field right now ."""
2,3,28.0,2,""" Would n't you lie with to see one of these NFL owners , when somebody disrespects our flag , to say , ' Get that son of a bitch off the subject field right now ."""
2,3,28.0,3,"""He is kindle ."""
2,3,28.0,3,"""He is elicit ."""
2,3,28.0,3,"""He is fire ."""
2,3,28.0,3,"""He is open fire ."""
2,3,28.0,4,"""He 's can , ' "" Trump declare ."""
2,3,28.0,4,"""He 's fire , ' "" Trump declare ."""
2,3,28.0,4,"""He 's open fire , ' "" Trump hold ."""
2,3,28.0,4,"""He 's raise , ' "" Trump hold ."""
2,3,28.0,5,"""time of day later Trump was back on offense , tweeting about NBA star Stephen Curry , who a day prior told reporters that he really did n't want to go to the White House if his patronage - winning team , the Golden State Warriors , attended a customary White H"""
2,3,28.0,5,"""Hours later Trump was back on offense , tweeting about NBA star Stephen Curry , who a Clarence Day prior told reporters that he really did n't want to go to the White House if his championship - winning team , the Golden State Warriors , look a customary White H"""
2,3,28.0,5,"""Hours later Trump was back on offense , tweeting about NBA star Stephen Curry , who a day prior separate reporters that he really did n't want to go to the White House if his championship - winning team , the Golden State warrior , attended a customary White H"""
2,3,28.0,5,"""Hours later Trump was back on offense , tweeting about NBA star Stephen Curry , who a day prior told reporters that he really did n't want to function to the White House if his championship - winning team , the Golden State Warriors , give ear a customary White H"""
2,3,28.0,6,""" Going to the White House is considered a great honor for a patronage team , "" Trump declared in a tweet Saturday morning ."""
2,3,28.0,6,""" function to the White House is considered a great honor for a championship team , "" Trump declared in a tweet Saturday morning ."""
2,3,28.0,6,""" live on to the White House is deal a great honor for a championship team , "" Trump declared in a tweet Saturday morning ."""
2,3,28.0,6,""" Going to the White House is considered a great award for a championship squad , "" Trump declared in a tweet Saturday morning ."""
2,3,28.0,7,""" Stephen Curry is hesitate , therefore invitation is withdrawn ! """
2,3,28.0,7,""" Stephen Curry is hesitating , therefore invitation is adjourn ! """
2,3,28.0,7,""" Stephen Curry is waffle , therefore invitation is draw ! """
2,3,28.0,7,""" Stephen Curry is hesitating , therefore invitation is call in ! """
2,3,28.0,8,"""The backlash has been fierce and widespread , including retorts from an array of players , politicians and civil rights group ."""
2,3,28.0,8,"""The backlash has been fierce and widespread , including retorts from an array of players , politician and civil rights groups ."""
2,3,28.0,8,"""The backlash has been fierce and widespread , including retorts from an array of players , politicians and civic rights mathematical group ."""
2,3,28.0,8,"""The backlash has been fierce and widespread , including counter from an array of players , politicians and polite rights groups ."""
2,3,28.0,9,"""NFL Commissioner Roger Goodell call on the carpet Trump over what he panned as "" divisive "" comments while celebrating some players ' recent efforts to raise a important amount of money for people impacted by hurricanes that have wracked the Southeast U.S."""
2,3,28.0,9,"""NFL Commissioner Roger Goodell rebuked Trump over what he panned as "" divisive "" comments while lionise some players ' recent efforts to raise a significant measure of money for people impacted by hurricanes that have wracked the Southeast U.S."""
2,3,28.0,9,"""NFL Commissioner Roger Goodell reproof Trump over what he panned as "" divisive "" comments while celebrating some players ' recent efforts to erect a significant amount of money for people impacted by hurricanes that have wracked the Southeast U.S."""
2,3,28.0,9,"""NFL Commissioner Roger Goodell rebuked Trump over what he panned as "" divisive "" comments while keep some players ' recent efforts to raise a significant amount of money for people impacted by hurricanes that have wracked the Southeast U.S."""
2,3,28.0,10,"""Trump has since fired back at Goodell , tweeting that the commissioner was tring to "" justify "" the "" total discourtesy certain players show to our country "" -- players , Trump noted , who have the "" privilege "" to make 1000000 of dollars ."""
2,3,28.0,10,"""Trump has since fired back at Goodell , tweeting that the commissioner was tring to "" justify "" the "" total contempt certain players show to our nation "" -- players , Trump noted , who have the "" privilege "" to make millions of dollars ."""
2,3,28.0,10,"""Trump has since fired back at Goodell , tweeting that the commissioner was tring to "" justify "" the "" total disrespect certain instrumentalist render to our country "" -- instrumentalist , Trump noted , who have the "" privilege "" to make millions of dollars ."""
2,3,28.0,10,"""Trump has since fired back at Goodell , tweeting that the commissioner was tring to "" justify "" the "" total disrespect certain players show to our country "" -- players , Trump noted , who have the "" privilege "" to make millions of dollars ."""
2,3,28.0,11,""" enjoin them to tolerate ! """
2,3,28.0,11,""" evidence them to stand up ! """
2,3,28.0,11,""" severalize them to abide ! """
2,3,28.0,11,""" order them to abide ! """
2,3,28.0,12,"""Trump postulate ."""
2,3,28.0,12,"""Trump take ."""
2,3,28.0,12,"""Trump require ."""
2,3,28.0,12,"""Trump involve ."""
2,3,28.0,13,"""The NFL Players Association adjudge that "" it will never endorse down "" in supporting players ' rights ."""
2,3,28.0,13,"""The NFL Players Association declared that "" it will never endorse down "" in plump for players ' rights ."""
2,3,28.0,13,"""The NFL Players Association declare that "" it will never back down "" in supporting thespian ' rights ."""
2,3,28.0,13,"""The NFL Players Association declared that "" it will never back down "" in plunk for player ' rights ."""
2,3,28.0,14,""" Whether or not Roger and the owners will speak for themselves about their views on player rights and their commitment to player safety remains to be seen , "" NFLPA executive theater director DeMaurice Smith said in a argument posted to Twitter Saturday morn"""
2,3,28.0,14,""" Whether or not Roger and the owners will speak for themselves about their views on player rights and their commitment to player safety stay to be project , "" NFLPA executive director DeMaurice Smith said in a statement posted to Twitter Saturday morn"""
2,3,28.0,14,""" Whether or not Roger and the owners will speak for themselves about their views on player rights and their commitment to player safety remains to be seen , "" NFLPA executive theatre director DeMaurice Smith order in a statement posted to Twitter Saturday morn"""
2,3,28.0,14,""" Whether or not Roger and the possessor will utter for themselves about their views on player rights and their commitment to player safety remains to be seen , "" NFLPA executive director DeMaurice Smith said in a statement posted to Twitter Saturday morn"""
2,3,28.0,15,""" This union , however , will never back down when it comes to protecting the constitutional rightfulness of our players as citizens as well as their safety as men who compete in a game that exposes them to great risks . """
2,3,28.0,15,""" This union , however , will never stake down when it come to protecting the constitutional rights of our players as citizens as well as their safety as men who compete in a game that exposes them to great risks . """
2,3,28.0,15,""" This union , however , will never back down when it comes to protect the constitutional right hand of our players as citizens as well as their safety as men who compete in a game that exposes them to great risks . """
2,3,28.0,15,""" This brotherhood , however , will never back down when it comes to protecting the constitutional rights of our players as citizens as well as their safety as men who compete in a game that exposes them to great risks . """
2,3,28.0,16,"""While a number of players also slammed the President for his attack on the NFL , including Redskins linebacker Zach Brown , who tweeted at Trump to "" stay in [ your ] place , "" the Trump fold rallied to his cause ."""
2,3,28.0,16,"""While a number of players also slammed the president for his attack on the NFL , including Redskins linebacker Zach Brown , who tweeted at Trump to "" last out in [ your ] place , "" the Trump congregation rallied to his cause ."""
2,3,28.0,16,"""While a number of players also slammed the president for his attack on the NFL , including Redskins line backer Zach Brown , who twinge at Trump to "" stay in [ your ] place , "" the Trump faithful rallied to his cause ."""
2,3,28.0,16,"""While a number of players also thrash the president for his attack on the NFL , including Redskins linebacker Zach Brown , who tweeted at Trump to "" stay in [ your ] place , "" the Trump faithful rallied to his causa ."""
2,3,28.0,17,"""For example , Fox News ' Sean Hannity tweeted Saturday of the coming death for the NFL if it and its players keep dabble in politics ."""
2,3,28.0,17,"""For example , Fox News ' Sean Hannity twirp Saturday of the coming demise for the NFL if it and its players keep smatter in politics ."""
2,3,28.0,17,"""For example , Fox News ' Sean Hannity tweeted Saturday of the coming death for the NFL if it and its musician keep dabbling in politics ."""
2,3,28.0,17,"""For example , Fox News ' Sean Hannity pinch Saturday of the total demise for the NFL if it and its players keep dabbling in politics ."""
2,3,28.0,18,""" If @NFL and players choose to continue to make political statements ( their right ) I predict buff who disagree will take flight ( their right also ) , "" he said ."""
2,3,28.0,18,""" If @NFL and players choose to continue to make political statements ( their right ) I predict sports fan who disagree will flee ( their right also ) , "" he said ."""
2,3,28.0,18,""" If @NFL and players choose to continue to make political financial statement ( their right ) I predict fan who disagree will flee ( their right also ) , "" he said ."""
2,3,28.0,18,""" If @NFL and participant choose to continue to make political statements ( their right ) I predict fans who disagree will take flight ( their right also ) , "" he said ."""
2,3,28.0,19,"""Former San Francisco 49ers quarterback Colin Kaepernick sparked the kneel controversy last season when he took a knee during the national anthem to protest the treatment of African Americans and other minorities in the U.S."""
2,3,28.0,19,"""Former San Francisco 49ers field general Colin Kaepernick sparked the kneeling controversy last season when he took a stifle during the national anthem to protest the treatment of African Americans and other minorities in the U.S."""
2,3,28.0,19,"""Former San Francisco 49ers quarterback Colin Kaepernick sparked the kneeling controversy last season when he took a knee during the national anthem to dissent the treatment of African Americans and other minorities in the U.S."""
2,3,28.0,19,"""Former San Francisco 49ers quarterback Colin Kaepernick sparked the kneeling controversy last season when he took a human knee during the national anthem to protest the treatment of African Americans and other minority in the U.S."""
0,3,29.0,t,"""President Trump attack NFL players ( again ) and draw back invitation to NBA 's Golden State Warriors"""
0,3,29.0,t,"""President Trump attack NFL instrumentalist ( again ) and withdraws invitation to NBA 's Golden State Warriors"""
0,3,29.0,t,"""President Trump attacks NFL players ( again ) and withdraws invitation to NBA 's Golden State warrior"""
0,3,29.0,0,"""A pro football season already fret by low - than - usual ratings took a sharp political turn this weekend , as President Donald Trump took aim at NFL players ."""
0,3,29.0,0,"""A pro football season already rankled by lower - than - usual ratings call for a sharp political turn this weekend , as President Donald Trump call for aim at NFL players ."""
0,3,29.0,0,"""A pro football season already rankled by lower - than - usual military rank select a sharp political turn this weekend , as President Donald Trump select aim at NFL players ."""
0,3,29.0,0,"""A pro football season already rankled by lower - than - usual ratings guide a sharp political turn this weekend , as President Donald Trump guide aim at NFL role player ."""
0,3,29.0,1,"""Some of the conference 's stars - including the still - unemployed quarterback Colin Kaepernick - have kneel during the ceremony , raised their fists or turned their backs to the U.S. flag in a bid to raise awareness to injustice , including the mistreatment"""
0,3,29.0,1,"""Some of the league 's stars - including the still - unemployed quarterback Colin Kaepernick - have knelt during the ceremony , raised their fists or change state their backs to the U.S. flag in a bid to raise awareness to injustice , including the mistreatment"""
0,3,29.0,1,"""Some of the league 's stars - including the still - unemployed quarterback Colin Kaepernick - have kneel during the ceremony , raised their fist or turned their backs to the U.S. flag in a bid to raise awareness to injustice , including the mistreatment"""
0,3,29.0,1,"""Some of the league 's star - include the still - unemployed quarterback Colin Kaepernick - have knelt during the ceremony , raised their fists or turned their backs to the U.S. flag in a bid to raise awareness to injustice , include the mistreatment"""
0,3,29.0,2,"""Trump , however , unexpectedly slammed those players during a speech last night in Alabama , at one point allege of demonstrator : "" Get that son of a bitch off the field . """
0,3,29.0,2,"""Trump , however , unexpectedly slammed those players during a speech last night in Alabama , at one compass point pronounce of protesters : "" Get that son of a bitch off the field . """
0,3,29.0,2,"""Trump , however , unexpectedly slammed those players during a speech last night in Alabama , at one degree saying of protesters : "" father that son of a bitch off the field . """
0,3,29.0,2,"""Trump , however , unexpectedly slammed those players during a speech last Nox in Alabama , at one degree saying of protesters : "" Get that son of a bitch off the field . """
0,3,29.0,3,"""Without mentioning any particular gens , Trump continued the attack on Saturday , tweeting that protesting players should not take jobs in the NFL at all ."""
0,3,29.0,3,"""Without mentioning any particular names , Trump continued the attack on Saturday , tweeting that dissent actor should not have jobs in the NFL at all ."""
0,3,29.0,3,"""Without mentioning any particular names , Trump stay the attack on Saturday , tweeting that protesting players should not have problem in the NFL at all ."""
0,3,29.0,3,"""Without mentioning any particular names , Trump continued the attack on Saturday , twirp that protesting players should not have line in the NFL at all ."""
0,3,29.0,4,"""Trump 's broadside quickly drew condemnation : NFL Commissioner Roger Goodell did not mention the United States President by name , but did say Trump 's comment "" demonstrate an unfortunate lack of respect for the NFL , our great game and all of our players . """
0,3,29.0,4,"""Trump 's broadside quickly trace condemnation : NFL Commissioner Roger Goodell did not cite the president by name , but did say Trump 's comments "" demonstrate an unfortunate lack of respect for the NFL , our great game and all of our players . """
0,3,29.0,4,"""Trump 's broadside quickly drew condemnation : NFL Commissioner Roger Goodell did not mention the chairperson by name , but did say Trump 's comments "" demonstrate an unfortunate want of respect for the NFL , our great game and all of our players . """
0,3,29.0,4,"""Trump 's broadside quickly drew condemnation : NFL Commissioner Roger Goodell did not cite the president by name , but did say Trump 's scuttlebutt "" demonstrate an unfortunate lack of respect for the NFL , our great game and all of our players . """
0,3,29.0,5,"""Nevertheless , the new public spat could create new headaches for the league - a day before football Sunday , no less - at a time when it 's already grappling with lower - than - ever ratings ."""
0,3,29.0,5,"""Nevertheless , the new public spat could create new headaches for the league - a solar day before football game Sunday , no less - at a time when it 's already grappling with lower - than - ever ratings ."""
0,3,29.0,5,"""Nevertheless , the new public pettifoggery could create new headaches for the league - a day before football Sunday , no less - at a time when it 's already grappling with lower - than - ever ratings ."""
0,3,29.0,5,"""Nevertheless , the new public spat could create new headaches for the conference - a day before football Sunday , no less - at a time when it 's already grappling with lower - than - ever ratings ."""
0,3,29.0,6,"""Trump 's tweet targeting the NFL mark only his latest attacks against athletes who have criticized his administration ."""
0,3,29.0,6,"""Trump 's tweets targeting the NFL mark only his latest flack against athletes who have pick apart his presidency ."""
0,3,29.0,6,"""Trump 's tweets targeting the NFL mark only his latest attacks against athlete who have criticized his presidential term ."""
0,3,29.0,6,"""Trump 's tweets targeting the NFL mark only his latest attacks against athlete who have criticize his presidency ."""
0,3,29.0,7,"""Earlier , Golden State Warriors star Stephen Curry said he he would not attend a ceremony at the White House honour his team 's NBA championship win - a movement that led Trump to tweet that the "" invitation is withdrawn . """
0,3,29.0,7,"""Earlier , Golden State Warriors star Stephen Curry said he he would not assist a ceremony at the White House observe his team 's NBA championship win - a move that led Trump to tweet that the "" invitation is withdrawn . """
0,3,29.0,7,"""Earlier , Golden State Warriors star Stephen Curry enjoin he he would not attend a ceremony at the White House honoring his team 's NBA championship win - a move that led Trump to tweet that the "" invitation is withdrawn . """
0,3,29.0,7,"""Earlier , Golden State Warriors star Stephen Curry said he he would not attend a ceremony at the White House honoring his squad 's NBA championship win - a move that led Trump to tweet that the "" invitation is sequestrate . """
0,3,29.0,8,"""Entering week three of the season , some of the drop - off in interest is beyond the NFL 's control , such as low viewership in football hubs like Texas and Florida , the sites of major devastation after two record hurricane ."""
0,3,29.0,8,"""Entering week three of the season , some of the drop - off in interest is beyond the NFL 's control , such as low viewership in football hubs like Texas and Florida , the sites of major desolation after two disc hurricanes ."""
0,3,29.0,8,"""Entering week three of the season , some of the drop - off in interest is beyond the NFL 's control , such as low viewership in football hubs like Texas and Florida , the sites of major devastation after two record hurricanes ."""
0,3,29.0,9,"""But the league has slew of other audience - affecting problems on its plate , from its participant continued run - ins with the law for alleged domestic violence to mounting evidence about the game 's grave risks to participant ' own health ."""
0,3,29.0,9,"""But the league has plenty of other audience - affecting problems on its plate , from its instrumentalist continued rivulet - ins with the law for alleged domestic violence to mounting evidence about the game 's grave risks to instrumentalist ' own health ."""
0,3,29.0,9,"""But the league has plenty of other audience - affecting trouble on its plate , from its players continued run - ins with the law for alleged domestic violence to mounting evidence about the plot 's grave risks to players ' own health ."""
0,3,29.0,9,"""But the league has plenty of other audience - affecting problems on its plate , from its players proceed run - ins with the law for alleged domestic violence to mounting evidence about the game 's grave risks to players ' own wellness ."""
2,3,30.0,t,"""participant with ' privilege ' to make millions in NFL should not be admit to ' disrespect ' the USA"""
2,3,30.0,t,"""instrumentalist with ' perquisite ' to make millions in NFL should not be allowed to ' disrespect ' the USA"""
2,3,30.0,t,"""musician with ' exclusive right ' to make millions in NFL should not be allowed to ' disrespect ' the USA"""
2,3,30.0,t,"""Players with ' privilege ' to throw gazillion in NFL should not be allowed to ' disrespect ' the USA"""
2,3,30.0,0,"""President Trump reprised his "" The Apprentice "" catch phrase Saturday afternoon shout out for athletes who "" disrespect "" the American flag and national anthem to be fired ."""
2,3,30.0,0,"""President Trump reprised his "" The Apprentice "" catchphrase Saturday afternoon phone for athletes who "" disrespect "" the American flagstone and national anthem to be fired ."""
2,3,30.0,0,"""President Trump reprised his "" The Apprentice "" catchphrase Saturday afternoon name for athletes who "" disrespect "" the American flag and national anthem to be fired ."""
2,3,30.0,0,"""President Trump recapitulate his "" The Apprentice "" catch phrase Saturday afternoon calling for athletes who "" disrespect "" the American flag and national anthem to be fired ."""
2,3,30.0,1,""" If a player wants the privilege of making millions of dollar bill in the NFL , or other leagues , he or she should not be allowed to disrespect our Great American Flag ( or Country ) and should stand for the National Anthem , "" Trump said in a pair of tweets ."""
2,3,30.0,1,""" If a player wants the privilege of making gazillion of dollar in the NFL , or other leagues , he or she should not be allowed to disrespect our Great American Flag ( or Country ) and should stand for the National Anthem , "" Trump said in a pair of tweets ."""
2,3,30.0,1,""" If a player wants the privilege of clear millions of one dollar bill in the NFL , or other leagues , he or she should not be allowed to disrespect our Great American Flag ( or Country ) and should stand for the National Anthem , "" Trump said in a pair of tweets ."""
2,3,30.0,1,""" If a player wants the privilege of making millions of dollars in the NFL , or other leagues , he or she should not be allowed to disesteem our Great American Flag ( or Country ) and should stand for the National Anthem , "" Trump said in a pair of tweet ."""
2,3,30.0,2,""" If not , YOU'RE FIRED ."""
2,3,30.0,3,"""line up something else to come ! """
2,3,30.0,3,"""happen something else to cause ! """
2,3,30.0,3,"""retrieve something else to come ! """
2,3,30.0,3,"""bump something else to set ! """
2,3,30.0,4,"""The tweets come one Clarence Shepard Day Jr. after Trump , during a rally in Alabama in support of Sen. Luther Strange , advocate NFL team owners to get rid of players who kneel during the national anthem ."""
2,3,30.0,4,"""The tweets fare one day after Trump , during a rally in Alabama in support of Sen. Luther Strange , urged NFL team owners to get rid of players who kneel during the national anthem ."""
2,3,30.0,4,"""The tweets come one day after Trump , during a mass meeting in Alabama in support of Sen. Luther Strange , urged NFL squad owners to get rid of players who kneel during the national anthem ."""
2,3,30.0,4,"""The tweets come one day after Trump , during a rally in Alabama in support of Sen. Luther Strange , urged NFL squad owners to get rid of players who kneel during the national anthem ."""
2,3,30.0,7,"""He 's raise , ' "" Trump say ."""
2,3,30.0,7,"""He 's kindle , ' "" Trump enunciate ."""
2,3,30.0,7,"""He 's sack , ' "" Trump sound out ."""
2,3,30.0,7,"""He 's raise , ' "" Trump tell ."""
2,3,30.0,8,"""Though he did n't mention anyone by name Friday , Trump was name to a recent flurry of protests to the national anthem in professional sports ."""
2,3,30.0,8,"""Though he did n't mention anyone by figure Friday , Trump was pertain to a recent flurry of protests to the national anthem in professional sports ."""
2,3,30.0,8,"""Though he did n't mention anyone by name Friday , Trump was referring to a recent stir of objection to the national anthem in professional sports ."""
2,3,30.0,8,"""Though he did n't name anyone by name Friday , Trump was referring to a recent flurry of protests to the national anthem in professional sports ."""
2,3,30.0,9,"""When quarterback Colin Kaepernick took a knee during the national hymn in Sept. 2016 in protest of wrongdoings against minorities , that action brought large amounts of criticism to the player , but also inspired a movement of players to follow suit ."""
2,3,30.0,9,"""When quarterback Colin Kaepernick took a knee during the national anthem in Sept. 2016 in protest of wrongdoings against minority , that action brought large amounts of critique to the player , but also inspired a movement of players to follow suit ."""
2,3,30.0,9,"""When quarterback Colin Kaepernick took a knee during the national anthem in Sept. 2016 in protest of misconduct against minorities , that action brought large amounts of criticism to the player , but also breathe in a movement of players to follow suit ."""
2,3,30.0,9,"""When quarterback Colin Kaepernick took a knee during the national anthem in Sept. 2016 in protest of wrongdoings against minorities , that action wreak large amounts of criticism to the player , but also inspired a movement of players to survey suit ."""
2,3,30.0,10,"""cornet has face widespread condemnation for his remarks , including from NFL players , the NFL players ' union and NFL Commissioner Roger Goodell ."""
2,3,30.0,10,"""trumpet has faced widespread condemnation for his remarks , including from NFL player , the NFL player ' union and NFL Commissioner Roger Goodell ."""
2,3,30.0,10,"""trump card has faced widespread condemnation for his remarks , including from NFL players , the NFL players ' union and NFL Commissioner Roger Goodell ."""
2,3,30.0,10,"""Trump has face widespread condemnation for his remarks , including from NFL role player , the NFL role player ' union and NFL Commissioner Roger Goodell ."""
2,3,30.0,11,"""The chairman also criticized another sports star on Saturday , the NBA 's Stephen Curry , and rescinded an invitation to total to the White House , after Curry said he did n't want to go ."""
2,3,30.0,11,"""The president also criticized another sports star on Saturday , the NBA 's Stephen Curry , and rescinded an invitation to come to the White House , after Curry said he did n't need to go ."""
2,3,30.0,11,"""The president also criticized another sports headliner on Saturday , the NBA 's Stephen Curry , and rescinded an invitation to come to the White House , after Curry said he did n't want to go ."""
2,3,30.0,11,"""The president also criticized another sports star on Saturday , the NBA 's Stephen Curry , and rescinded an invitation to fare to the White House , after Curry said he did n't want to plump ."""
2,3,30.0,12,"""That too has take in a wide array of backlash , including from Lebron James ."""
2,3,30.0,12,"""That too has take in a broad raiment of backlash , including from Lebron James ."""
2,3,30.0,12,"""That too has earned a broad raiment of repercussion , including from Lebron James ."""
2,3,30.0,12,"""That too has earned a wide array of backlash , admit from Lebron James ."""
1,3,31.0,t,"""Dallas Cowboys : Jason Garrett does n't expect Cowboys to dissent national anthem following President Trump 's comment"""
1,3,31.0,t,"""Dallas Cowboys : Jason Garrett does n't expect Cowboys to protest national anthem observe President Trump 's comment"""
1,3,31.0,t,"""Dallas Cowboys : Jason Garrett does n't expect Cowboys to resist national anthem following President Trump 's commentary"""
1,3,31.0,t,"""Dallas Cowboys : Jason Garrett does n't expect Cowboys to protest national anthem keep abreast President Trump 's comments"""
1,3,31.0,0,"""Dallas Cowboys head coach Jason Garrett at the soapbox during his press conference a day after the Cowboys released Dallas Cowboys broad receiver Lucky Whitehead ( 13 ) at training camp in Oxnard , California on Tuesday , July 25 , 2017 ."""
1,3,31.0,0,"""Dallas Cowboys head tutor Jason Garrett at the stump during his press conference a day after the Cowboys released Dallas Cowboys wide receiver Lucky Whitehead ( 13 ) at training camp in Oxnard , California on Tuesday , July 25 , 2017 ."""
1,3,31.0,0,"""Dallas Cowboys head coach Jason Garrett at the stump during his press conference a day after the Cowboys unloose Dallas Cowboys wide receiver Lucky Whitehead ( 13 ) at training camp in Oxnard , California on Tuesday , July 25 , 2017 ."""
1,3,31.0,0,"""Dallas Cowboys head omnibus Jason Garrett at the podium during his press conference a day after the Cowboys resign Dallas Cowboys wide receiver Lucky Whitehead ( 13 ) at training camp in Oxnard , California on Tuesday , July 25 , 2017 ."""
1,3,31.0,1,(Vernon Bryant/The Dallas Morning News)
1,3,31.0,2,"""FRISCO -- Jason Garrett does n't expect Cowboys players to dissent the national anthem Monday night after get wind President Trump 's recent criticism of those who have protested before NFL games ."""
1,3,31.0,2,"""FRISCO -- Jason Garrett does n't gestate Cowboys players to protest the national anthem Monday night after hearing President Trump 's recent criticism of those who have protested before NFL games ."""
1,3,31.0,2,"""FRISCO -- Jason Garrett does n't expect Cowboys players to protest the national anthem Monday night after hearing President Trump 's recent criticism of those who have protested before NFL plot ."""
1,3,31.0,3,"""The Cowboys coach had very little to say when demand during a Saturday news conference about Trump 's comments Friday dark ."""
1,3,31.0,3,"""The Cowboys coach had very short to say when asked during a Saturday news conference about Trump 's comments Friday Night ."""
1,3,31.0,3,"""The Cowboys coach had very little to enunciate when asked during a Saturday news conference about Trump 's gossip Friday night ."""
1,3,31.0,3,"""The Cowboys coach had very slight to say when enquire during a Saturday news conference about Trump 's comments Friday night ."""
1,3,31.0,4,"""Garrett replied "" I do n't "" when asked if there 's a need to deal Trump 's intelligence with the team ."""
1,3,31.0,4,"""Garrett replied "" I do n't "" when asked if there 's a indigence to address Trump 's discussion with the team ."""
1,3,31.0,4,"""Garrett replied "" I do n't "" when demand if there 's a need to address Trump 's words with the team ."""
1,3,31.0,4,"""Garrett replied "" I do n't "" when asked if there 's a need to come up to Trump 's words with the team ."""
1,3,31.0,5,""" We have an approach that we conceive in , "" Garrett state ."""
1,3,31.0,5,""" We take an approach that we trust in , "" Garrett said ."""
1,3,31.0,5,""" We make an approach that we believe in , "" Garrett articulate ."""
1,3,31.0,5,""" We have an approach that we trust in , "" Garrett read ."""
1,3,31.0,6,""" I own no existent comment beyond that . """
1,3,31.0,6,""" I have no material remark beyond that . """
1,3,31.0,6,""" I have no existent commentary beyond that . """
1,3,31.0,6,""" I let no existent comment beyond that . """
1,3,31.0,7,"""Does Garrett not have an sentiment on what Trump enunciate ?"""
1,3,31.0,7,"""Does Garrett not have an belief on what Trump state ?"""
1,3,31.0,7,"""Does Garrett not have an popular opinion on what Trump articulate ?"""
1,3,31.0,7,"""Does Garrett not have an view on what Trump state ?"""
1,3,31.0,8,""" I just do n't consider it 's in anyone 's best interest group for me to comment on that , "" he responded ."""
1,3,31.0,8,""" I just do n't think it 's in anyone 's best interestingness for me to comment on that , "" he reply ."""
1,3,31.0,8,""" I just do n't suppose it 's in anyone 's good interest for me to comment on that , "" he responded ."""
1,3,31.0,8,""" I just do n't opine it 's in anyone 's best interestingness for me to comment on that , "" he responded ."""
1,3,31.0,9,"""During a rallying in Alabama , Trump encouraged fans to boycott games in which they understand players protesting ."""
1,3,31.0,9,"""During a rally in Alabama , Trump encouraged devotee to boycott games in which they envision players protesting ."""
1,3,31.0,9,"""During a rally in Alabama , Trump promote fans to boycott games in which they see players resist ."""
1,3,31.0,9,"""During a rally in Alabama , Trump encouraged fans to boycott game in which they view players protesting ."""
1,3,31.0,10,""" Would n't you love to see one of these NFL owners , when somebody disrespect our iris , to say , ' Get that son of a bitch off the field right now , out , he 's fired ."""
1,3,31.0,10,""" Would n't you love to see one of these NFL owners , when somebody disrespects our flag , to say , ' beat that son of a bitch off the field right now , out , he 's dismiss ."""
1,3,31.0,10,""" Would n't you love to see one of these NFL owners , when somebody disrespects our flag , to suppose , ' experience that son of a bitch off the field right now , out , he 's fired ."""
1,3,31.0,10,""" Would n't you love to find one of these NFL owners , when somebody disrespects our flag , to say , ' Get that son of a kick off the field right now , out , he 's fired ."""
1,3,31.0,12,""" You know , some owner is die to exercise that ."""
1,3,31.0,12,""" You know , some possessor is going to answer that ."""
1,3,31.0,12,""" You recognise , some owner is break to do that ."""
1,3,31.0,12,""" You know , some possessor is survive to do that ."""
1,3,31.0,13,"""He 's kick the bucket to say , ' That cat that disrespects our flag , he 's fired . '"""
1,3,31.0,13,"""He 's break down to say , ' That guy that disrespects our flag , he 's terminate . '"""
1,3,31.0,13,"""He 's going to say , ' That guy that disesteem our flag , he 's give the axe . '"""
1,3,31.0,13,"""He 's pass away to say , ' That guy that disrespects our flag , he 's force out . '"""
1,3,31.0,14,"""And that owner , they do n't know it , they 're friends of mine , many of them , [ but ] they 'll be the most popular person in this nation . """
1,3,31.0,14,"""And that owner , they do n't get it on it , they 're supporter of mine , many of them , [ but ] they 'll be the most popular person in this country . """
1,3,31.0,14,"""And that owner , they do n't know it , they 're friends of mine , many of them , [ but ] they 'll be the most popular person in this commonwealth . """
1,3,31.0,14,"""And that owner , they do n't know it , they 're supporter of mine , many of them , [ but ] they 'll be the most popular person in this country . """
1,3,31.0,15,"""Cowboys linebackers Sean Lee and Jaylon Smith were asked Saturday for their thoughts on hearing those Logos from the President ."""
1,3,31.0,15,"""Cowboys linebackers Sean Lee and Jaylon Smith were asked Saturday for their thoughts on listen those words from the President ."""
1,3,31.0,15,"""Cowboys linebackers Sean Lee and Jaylon Smith were expect Saturday for their thoughts on hearing those intelligence from the President ."""
1,3,31.0,15,"""cowpoke linebackers Sean Lee and Jaylon Smith were asked Saturday for their thoughts on hearing those Book from the President ."""
1,3,31.0,16,""" I do n't jibe with his comment , "" Smith said ."""
1,3,31.0,16,""" I do n't match with his remark , "" Smith said ."""
1,3,31.0,16,""" I do n't fit in with his gossip , "" Smith said ."""
1,3,31.0,16,""" I do n't hold with his remark , "" Smith said ."""
1,3,31.0,17,""" But I eff my squad ."""
1,3,31.0,17,""" But I bang my squad ."""
1,3,31.0,17,""" But I get laid my squad ."""
1,3,31.0,17,""" But I screw my squad ."""
1,3,31.0,18,"""Really no other commentary than that ."""
1,3,31.0,18,"""Really no other remark than that ."""
1,3,31.0,19,"""I do n't gibe with it . """
1,3,31.0,19,"""I do n't check with it . """
1,3,31.0,19,"""I do n't harmonise with it . """
1,3,31.0,19,"""I do n't harmonize with it . """
3,3,32.0,t,"""President Donald Trump Slams Commish Goodell for ' excuse ' the NFL 's ' Disrespect ' for Our Country"""
3,3,32.0,t,"""President Donald Trump Slams Commish Goodell for ' apologise ' the NFL 's ' Disrespect ' for Our Country"""
3,3,32.0,t,"""President Donald Trump Slams Commish Goodell for ' free ' the NFL 's ' Disrespect ' for Our Country"""
3,3,32.0,0,"""On Saturday evening , Trump sent out a tweet urging the commissioner to "" tell them to tolerate ! """
3,3,32.0,0,"""On Saturday evening , Trump sent out a tweet urging the commissioner to "" secernate them to stand ! """
3,3,32.0,0,"""On Saturday evening , Trump send out a tweet urge on the commissioner to "" tell them to stand ! """
3,3,32.0,0,"""On Saturday evening , Trump broadcast out a tweet urging the commissioner to "" tell them to stand ! """
3,3,32.0,1,""" Roger Goodell of NFL just put out a argument test to justify the total disrespect certain players show to our country , "" Trump tweeted on September 23 ."""
3,3,32.0,1,""" Roger Goodell of NFL just put out a statement sample to justify the total disrespect sealed players show to our country , "" Trump tweeted on September 23 ."""
3,3,32.0,1,""" Roger Goodell of NFL just put out a statement trying to justify the total disrespect certain player show to our land , "" Trump tweeted on September 23 ."""
3,3,32.0,1,""" Roger Goodell of NFL just put out a assertion trying to vindicate the total disrespect certain players show to our country , "" Trump tweeted on September 23 ."""
3,3,32.0,4,"""Trump 's early evening tweet came several hours after a statement by the NFL chief who called the president "" divisive "" and enjoin he failed to "" understand the overwhelming force out for good "" the NFL offers the country ."""
3,3,32.0,4,"""Trump 's early evening tweet came several hours after a statement by the NFL chief who called the president "" divisive "" and said he failed to "" understand the overwhelming force for good "" the NFL volunteer the country ."""
3,3,32.0,4,"""Trump 's early evening tweet make out several hours after a statement by the NFL chief who called the president "" divisive "" and said he failed to "" understand the overwhelming force for good "" the NFL offers the body politic ."""
3,3,32.0,4,"""Trump 's early evening tweet came several hours after a statement by the NFL chief who call the president "" divisive "" and said he failed to "" understand the overwhelming force for good "" the NFL offers the body politic ."""
3,3,32.0,5,"""The NFL commish also touted his league as fostering "" 1 "" despite the disunity that the protestation he has allowed has caused the nation ."""
3,3,32.0,5,"""The NFL commish also touted his conference as fostering "" unity "" despite the disunity that the protests he has allowed has caused the nation ."""
3,3,32.0,5,"""The NFL commish also touted his league as fostering "" wholeness "" despite the disunity that the protests he has allowed has caused the nation ."""
3,3,32.0,5,"""The NFL commish also touted his league as fostering "" unity "" despite the disunity that the protests he has allowed has make the Nation ."""
3,3,32.0,6,"""On Saturday morning , Goodell said , "" The NFL and our role player are at our best when we help create a sense of unity in our commonwealth and our culture ."""
3,3,32.0,6,"""On Saturday daybreak , Goodell said , "" The NFL and our player are at our best when we help create a sense of unity in our country and our culture ."""
3,3,32.0,6,"""On Saturday break of the day , Goodell order , "" The NFL and our players are at our best when we help create a sense of unity in our country and our culture ."""
3,3,32.0,6,"""On Saturday morning , Goodell said , "" The NFL and our thespian are at our best when we help create a sense of unity in our country and our acculturation ."""
3,3,32.0,7,"""There is no better example than the amazing response from our clubs and players to the terrible natural calamity we 've experienced over the last calendar month ."""
3,3,32.0,7,"""There equal no good example than the amazing response from our clubs and players to the terrible natural disasters we 've experienced over the last month ."""
3,3,32.0,7,"""There cost no well example than the amazing response from our clubs and players to the terrible natural disasters we 've experienced over the last month ."""
3,3,32.0,7,"""There cost no better example than the amazing response from our clubs and players to the terrible natural disasters we 've experienced over the last calendar month ."""
3,3,32.0,8,"""Divisive comments like these demonstrate an inauspicious lack of respect for the NFL , our great game and all of our players , and a nonstarter to understand the overwhelming force for good our clubs and players represent in our communities . """
3,3,32.0,8,"""Divisive comments like these demo an unfortunate lack of respect for the NFL , our great game and all of our players , and a failure to read the overwhelming force for good our clubs and players represent in our communities . """
3,3,32.0,8,"""Divisive comments like these march an unfortunate lack of respect for the NFL , our great game and all of our players , and a failure to understand the overwhelming force for good our clubs and players represent in our communities . """
3,3,32.0,8,"""Divisive comments like these demonstrate an unfortunate lack of respect for the NFL , our great game and all of our players , and a failure to empathise the overwhelming force for good our clubs and players represent in our communities . """
3,3,32.0,9,"""Goodell 's statement came the morning after Trump 's broadside against the NFL give up during a Friday evening rally in Huntsville , Alabama , for Republican Senate nominee Luther Strange ."""
3,3,32.0,9,"""Goodell 's statement came the morning after Trump 's handbill against the NFL delivered during a Friday eventide rally in Huntsville , Alabama , for Republican Senate candidate Luther Strange ."""
3,3,32.0,9,"""Goodell 's assertion came the morning after Trump 's broadside against the NFL delivered during a Friday even rally in Huntsville , Alabama , for Republican Senate candidate Luther Strange ."""
3,3,32.0,9,"""Goodell 's statement come in the morning after Trump 's broadside against the NFL delivered during a Friday eve rally in Huntsville , Alabama , for Republican Senate candidate Luther Strange ."""
3,3,32.0,10,"""During the September 22 mass meeting , Trump shout players who protest during the playing of the national anthem "" sons of b**ches "" and said he hoped NFL owners would "" fire "" them ."""
3,3,32.0,10,"""During the September 22 rally , Trump called players who protest during the playing of the national hymn "" sons of b**ches "" and said he hoped NFL owners would "" fire "" them ."""
3,3,32.0,10,"""During the September 22 rally , Trump called players who resist during the playing of the national anthem "" sons of b**ches "" and said he hoped NFL proprietor would "" fire "" them ."""
1,3,33.0,t,"""Trump doubles down on call to ' fire ' NFL hymn protester"""
1,3,33.0,t,"""trump doubles down on call to ' fire ' NFL anthem dissident"""
1,3,33.0,t,"""Trump doubles down on call to ' flame ' NFL hymn protesters"""
1,3,33.0,t,"""Trump double down on song to ' fire ' NFL anthem protesters"""
1,3,33.0,0,"""President Trump ratcheted up his warfare of words with the NFL Saturday , insisting again that the league should bring up players who refuse to stand during the national anthem ."""
1,3,33.0,0,"""President Trump ratcheted up his war of words with the NFL Saturday , take a firm stand again that the league should boot players who refuse to stand during the national anthem ."""
1,3,33.0,0,"""President Trump ratcheted up his war of words with the NFL Saturday , take a firm stand again that the league should reboot players who refuse to stand during the national anthem ."""
1,3,33.0,0,"""President Trump ratcheted up his war of words with the NFL Saturday , insisting again that the league should boot players who decline to stand during the national anthem ."""
1,3,33.0,1,""" If a player wants the privilege of making millions of dollars in the NFL , or other leagues , he or she should not be allowed to disesteem .our Great American Flag ( or Country ) and should abide for the National Anthem ."""
1,3,33.0,1,""" If a player wants the privilege of making millions of buck in the NFL , or other leagues , he or she should not be let to disrespect .our Great American Flag ( or Country ) and should stand for the National Anthem ."""
1,3,33.0,1,""" If a player wants the privilege of making millions of dollars in the NFL , or other leagues , he or she should not be grant to disesteem .our Great American Flag ( or Country ) and should stand for the National Anthem ."""
1,3,33.0,1,""" If a player wants the exclusive right of making millions of dollars in the NFL , or other conference , he or she should not be allowed to disrespect .our Great American Flag ( or Country ) and should stand for the National Anthem ."""
1,3,33.0,2,"""If not , YOU'RE FIRED ."""
1,3,33.0,4,"""The salvo comes after the NFL and its players ' union on Saturday slammed Trump for suggesting that owners fire players who kneel during the national hymn and that fans consider walking out in protest "" when somebody disrespects our signal flag . """
1,3,33.0,4,"""The salvo comes after the NFL and its players ' union on Saturday slammed Trump for suggesting that owners fire players who kneel during the national hymn and that fans consider walking out in protest "" when somebody disrespects our flagstone . """
1,3,33.0,4,"""The salvo comes after the NFL and its participant ' union on Saturday slammed Trump for suggesting that owners fire participant who kneel during the national anthem and that sports fan consider walking out in protest "" when somebody disrespects our flag . """
1,3,33.0,4,"""The salvo comes after the NFL and its players ' union on Saturday slammed Trump for suggesting that owners fire players who kneel during the national anthem and that fans consider walking out in protest "" when somebody disrespects our flagstone . """
1,3,33.0,5,""" Divisive comments like these demonstrate an unfortunate lack of respect for the NFL , our great game and all of our players , "" the league commissioner , Roger Goodell , order in a statement ."""
1,3,33.0,5,""" Divisive comments like these manifest an unfortunate lack of respect for the NFL , our great plot and all of our players , "" the league commissioner , Roger Goodell , said in a statement ."""
1,3,33.0,5,""" Divisive comments like these demonstrate an unfortunate lack of respect for the NFL , our great game and all of our players , "" the league commissioner , Roger Goodell , enounce in a statement ."""
1,3,33.0,5,""" Divisive comments like these demonstrate an unfortunate lack of respect for the NFL , our great game and all of our players , "" the conference commissioner , Roger Goodell , said in a statement ."""
1,3,33.0,6,"""DeMaurice Smith , executive director of the NFL Players Association , tweeted : "" We will never punt down ."""
1,3,33.0,6,"""DeMaurice Smith , executive director of the NFL Players Association , tweeted : "" We will never endorse down ."""
1,3,33.0,6,"""DeMaurice Smith , executive conductor of the NFL Players Association , pinch : "" We will never back down ."""
1,3,33.0,6,"""DeMaurice Smith , executive theater director of the NFL Players Association , tweeted : "" We will never back down ."""
1,3,33.0,7,"""We no longer can afford to stick to to fun . """
1,3,33.0,7,"""We no longer can yield to perplex to sports . """
1,3,33.0,7,"""We no longer can afford to wedge to fun . """
1,3,33.0,7,"""We no longer can afford to stick by to sportswoman . """
1,3,33.0,8,"""Trump on Friday said at a Alabama rally that he 's trust team owners take a hard line stance against players who take a human knee during "" The Star - Spangled Banner . """
1,3,33.0,8,"""Trump on Friday said at a Alabama rally that he 's hoping squad owners take a hard line position against players who take a knee during "" The Star - Spangled Banner . """
1,3,33.0,8,"""trumpet on Friday said at a Alabama rally that he 's hoping team owners get a hard line stance against players who get a knee during "" The Star - Spangled Banner . """
1,3,33.0,8,"""Trump on Friday said at a Alabama mass meeting that he 's desire team owners take a hard line stance against players who take a knee during "" The Star - Spangled Banner . """
2,3,34.0,t,Teresa Kaepernick On Trump Calling Injustice Protesters Sons Of Bitches
2,3,34.0,0,"""President Donald Trump has piddle something of a hobby out of assail private citizens , Colin Kaepernick among them ."""
2,3,34.0,0,"""President Donald Trump has made something of a Falco subbuteo out of set on private citizens , Colin Kaepernick among them ."""
2,3,34.0,0,"""President Donald Trump has work something of a hobby out of set on private citizens , Colin Kaepernick among them ."""
2,3,34.0,0,"""President Donald Trump has made something of a pursuit out of round private citizens , Colin Kaepernick among them ."""
2,3,34.0,1,"""During a rally held in Alabama last night , he referred to Kaepernick ( among others ) , though not by name , enounce that NFL owners should , when faced with a player kneeling during the national anthem , "" get that boy of a bitch off the field . """
2,3,34.0,1,"""During a rally held in Alabama last night , he referred to Kaepernick ( among others ) , though not by name , say that NFL owners should , when faced with a player kneel during the national anthem , "" get that son of a bitch off the field . """
2,3,34.0,1,"""During a rally held in Alabama last night , he concern to Kaepernick ( among others ) , though not by name , saying that NFL owner should , when faced with a player kneeling during the national anthem , "" get that son of a bitch off the field . """
2,3,34.0,1,"""During a rally held in Alabama last night , he referred to Kaepernick ( among others ) , though not by name , saying that NFL owners should , when faced with a player kneeling during the national anthem , "" pose that Son of a bitch off the field . """
2,3,34.0,2,"""This demonstrate an already - evident dearth of intellect and a possible lack of understanding that Kaepernick is off the field due mainly if not entirely to his silent protests against police ferociousness ."""
2,3,34.0,2,"""This demonstrated an already - evident dearth of intellect and a possible deficiency of understanding that Kaepernick is off the line of business due mainly if not entirely to his silent protests against police brutality ."""
2,3,34.0,2,"""This present an already - evident dearth of intellect and a possible lack of understanding that Kaepernick is off the field due mainly if not entirely to his silent protests against police barbarity ."""
2,3,34.0,2,"""This demonstrated an already - evident dearth of intellect and a potential lack of discernment that Kaepernick is off the field due mainly if not entirely to his silent protests against police brutality ."""
2,3,34.0,3,"""Kaepernick 's mom , Teresa , who has never shied away from expressing her beliefs on Twitter - especially when it comes to her kids - react in the most appropriate way of life possible :"""
2,3,34.0,3,"""Kaepernick 's mom , Teresa , who has never shied away from expressing her beliefs on Twitter - especially when it comes to her kids - reply in the most appropriate way potential :"""
2,3,34.0,3,"""Kaepernick 's mom , Teresa , who has never shied away from carry her beliefs on Twitter - especially when it comes to her kids - answer in the most appropriate way possible :"""
2,3,34.0,3,"""Kaepernick 's mom , Teresa , who has never shied away from carry her notion on Twitter - especially when it comes to her kids - responded in the most appropriate way possible :"""
2,3,34.0,4,"""I called Teresa today to expect her how it feels to have the president of the United States trashing her son and his right to protest over and over again ."""
2,3,34.0,4,"""I shout out Teresa today to ask her how it feels to have the president of the United States trashing her Logos and his right to protest over and over again ."""
2,3,34.0,4,"""I call in Teresa today to ask her how it feels to have the president of the United States trashing her son and his right to dissent over and over again ."""
2,3,34.0,4,"""I called Teresa today to ask her how it palpate to have the president of the United States trashing her son and his right wing to protest over and over again ."""
2,3,34.0,5,"""She micturate clear that she speaks only for herself , and never for Colin , but here is a conversation with Teresa , which has been lightly cut for clarity :"""
2,3,34.0,5,"""She made clear that she mouth only for herself , and never for Colin , but here is a conversation with Teresa , which has been lightly cut for clarity :"""
2,3,34.0,5,"""She made clear that she mouth only for herself , and never for Colin , but here is a conversation with Teresa , which has been lightly edited for clarity :"""
2,3,34.0,5,"""She made clear that she talk only for herself , and never for Colin , but here is a conversation with Teresa , which has been lightly edited for clarity :"""
2,3,34.0,6,"""Deadspin : Has it stopped being interesting this class , though ?"""
2,3,34.0,6,"""Deadspin : Has it turn back being interesting this twelvemonth , though ?"""
2,3,34.0,6,"""Deadspin : Has it kibosh being interesting this yr , though ?"""
2,3,34.0,6,"""Deadspin : Has it stopped being interesting this year , though ?"""
2,3,34.0,7,"""Agnes Gonxha Bojaxhiu : Uh , no ."""
2,3,34.0,7,"""Mother Teresa : Uh , no ."""
2,3,34.0,7,"""Mother Theresa : Uh , no ."""
2,3,34.0,8,"""It own n't ."""
2,3,34.0,8,"""It deliver n't ."""
2,3,34.0,8,"""It cause n't ."""
2,3,34.0,8,"""It throw n't ."""
2,3,34.0,9,"""You know , I always say to my hubby ... we do n't get too upset over most of this stuff and nonsense anymore ."""
2,3,34.0,9,"""You know , I always say to my husband ... we do n't get too upset over most of this clobber anymore ."""
2,3,34.0,9,"""You bonk , I always say to my husband ... we do n't baffle too upset over most of this stuff anymore ."""
2,3,34.0,9,"""You know , I always say to my husband ... we do n't get too upset over most of this material anymore ."""
2,3,34.0,10,"""He and I will reckon at each other and say , "" We do lead an interesting life , I guess . """
2,3,34.0,10,"""He and I will see at each other and enjoin , "" We do lead an interesting life , I guess . """
2,3,34.0,10,"""He and I will look at each other and say , "" We do lead an interesting life , I guess . """
2,3,34.0,10,"""He and I will depend at each other and say , "" We do lead an interesting biography , I guess . """
2,3,34.0,11,"""I stand for , how else are you gon na see at it ?"""
2,3,34.0,11,"""I intend , how else are you gon na search at it ?"""
2,3,34.0,11,"""I stand for , how else are you gon na expect at it ?"""
2,3,34.0,11,"""I mean , how else are you gon na wait at it ?"""
2,3,34.0,12,"""I ca n't be mislay sleep over this form of stuff ."""
2,3,34.0,12,"""I ca n't be recede nap over this kind of stuff ."""
2,3,34.0,12,"""I ca n't be losing eternal sleep over this kind of poppycock ."""
2,3,34.0,12,"""I ca n't be drop off sleep over this variety of stuff ."""
2,3,34.0,13,"""It 's disappointing that Trump is the president and speak the way he speak , though ."""
2,3,34.0,13,"""It 's disappointing that Trump is the president and talks the path he talks , though ."""
2,3,34.0,13,"""It 's disappointing that Trump is the president and blab out the agency he blab out , though ."""
2,3,34.0,13,"""It 's disappointing that Trump is the chair and speak the way he speak , though ."""
2,3,34.0,14,"""It 's just incredibly disappointing ."""
2,3,34.0,15,"""Rick and I had never been real political people , but prior to when all of the campaigning was going on , I mean , it did n't involve more than a minute to realize we did n't need Donald Trump in the presidency ."""
2,3,34.0,15,"""Rick and I had never been substantial political people , but prior to when all of the campaigning was going on , I mean , it did n't get hold of more than a minute to realize we did n't want Donald Trump in the presidency ."""
2,3,34.0,15,"""Rick and I had never been real political people , but prior to when all of the electioneering was going on , I mean , it did n't take more than a minute to realize we did n't need Donald Trump in the presidency ."""
2,3,34.0,15,"""Rick and I had never been real political mass , but prior to when all of the campaigning was going on , I mean , it did n't take more than a minute to take in we did n't want Donald Trump in the presidency ."""
2,3,34.0,16,"""The guy is not all there , and I ca n't say you how shocked we were when he won , but we have been pretty vocal about it since long before Colin necessitate a knee ."""
2,3,34.0,16,"""The guy is not all there , and I ca n't tell apart you how shocked we were when he won , but we have been pretty vocal about it since long before Colin get a knee ."""
2,3,34.0,16,"""The guy is not all there , and I ca n't secern you how shocked we were when he won , but we have been pretty vocal about it since long before Colin took a knee joint ."""
2,3,34.0,16,"""The guy is not all there , and I ca n't separate you how shocked we were when he won , but we have been pretty vocal about it since long before Colin took a knee ."""
2,3,34.0,17,"""So , we have some pretty stiff touch sensation about that part of things ."""
2,3,34.0,17,"""So , we experience some pretty strong feelings about that part of matter ."""
2,3,34.0,17,"""So , we ingest some pretty strong flavour about that part of things ."""
2,3,34.0,17,"""So , we have some pretty strong tactile sensation about that parting of things ."""
2,3,34.0,18,"""To escort this man that you suffer no respect for , basically because of all that he 's done in this presidency so far , slandering my kid publicly ..."""
2,3,34.0,18,"""To see this man that you have no deference for , basically because of all that he 's done in this administration so far , slandering my kid publicly ..."""
2,3,34.0,18,"""To attend this man that you have no respect for , basically because of all that he 's done in this presidentship so far , slandering my kid publicly ..."""
2,3,34.0,18,"""To see this man that you have no respect for , basically because of all that he 's done in this presidentship so far , sully my kid publicly ..."""
2,3,34.0,19,"""This is the third meter from the podium - always at his rallying , never at a regular press conferences where someone questioned him ."""
2,3,34.0,19,"""This is the third time from the podium - always at his rally , never at a regular press conferences where someone interrogate him ."""
2,3,34.0,19,"""This is the third time from the podium - always at his rallies , never at a regular military press conferences where someone questioned him ."""
2,3,34.0,19,"""This is the third time from the podium - always at his rallies , never at a unconstipated press conferences where someone question him ."""
2,3,35.0,t,"""Trump Wants ' Son of a Bitch ' NFL Players can But Colin Kaepernick - And His mommy - Are Fighting Back"""
2,3,35.0,t,"""Trump need ' Son of a Bitch ' NFL Players Fired But Colin Kaepernick - And His mama - Are Fighting Back"""
2,3,35.0,t,"""Trump need ' Son of a Bitch ' NFL Players Fired But Colin Kaepernick - And His Mom - Are defend Back"""
2,3,35.0,t,"""Trump Wants ' Son of a Bitch ' NFL Players Fired But Colin Kaepernick - And His momma - Are agitate Back"""
2,3,35.0,0,"""At an Alabama rally Friday night President Trump lashed out at familiar fair game , including Hilary Clinton and the media but also singled out a new opponent : NFL players who have retain protests during the national anthem ."""
2,3,35.0,0,"""At an Alabama rallying Friday Night President Trump lashed out at familiar targets , including Hilary Clinton and the media but also singled out a new opponent : NFL players who have held protests during the national anthem ."""
2,3,35.0,0,"""At an Alabama rally Friday dark President Trump lashed out at familiar target area , including Hilary Clinton and the media but also singled out a new opponent : NFL players who have held protests during the national anthem ."""
2,3,35.0,0,"""At an Alabama rally Friday Nox President Trump lashed out at familiar targets , including Hilary Clinton and the media but also singled out a new opponent : NFL players who have held protests during the national hymn ."""
2,3,35.0,1,"""Trump order the Republican rally that such actions "" disrespect our heritage . """
2,3,35.0,1,"""Trump told the Republican exchange that such actions "" disrespect our heritage . """
2,3,35.0,1,"""Trump told the Republican rallying that such actions "" disrespect our inheritance . """
2,3,35.0,1,"""Trump told the republican rally that such military action "" disrespect our heritage . """
2,3,35.0,4,"""Keep up with this report and more by support now"""
2,3,35.0,4,"""observe up with this story and more than by subscribing now"""
2,3,35.0,4,"""keep on up with this chronicle and more by subscribing now"""
2,3,35.0,4,"""hold open up with this report and more by subscribing now"""
2,3,35.0,7,"""And that owner , they do n't know it [ but ] they 'll be the most popular individual in this land . """
2,3,35.0,7,"""And that possessor , they do n't make love it [ but ] they 'll be the most popular person in this country . """
2,3,35.0,7,"""And that possessor , they do n't experience it [ but ] they 'll be the most popular person in this country . """
2,3,35.0,7,"""And that owner , they do n't know it [ but ] they 'll be the most popular someone in this country . """
2,3,35.0,8,"""He went on to encourage spectator to boycott games where national anthem protest take place ."""
2,3,35.0,8,"""He went on to encourage witness to boycott secret plan where national anthem protests take place ."""
2,3,35.0,8,"""He went on to encourage viewer to boycott games where national anthem protests aim place ."""
2,3,35.0,8,"""He went on to encourage spectators to boycott games where national anthem protests charter space ."""
2,3,35.0,9,""" But do you know what 's spite the biz more than that ? """
2,3,35.0,9,""" But do you have sex what 's hurt the game more than that ? """
2,3,35.0,9,""" But do you know what 's spite the plot more than that ? """
2,3,35.0,9,""" But do you bed what 's hurting the secret plan more than that ? """
2,3,35.0,10,"""he state ."""
2,3,35.0,10,"""he enjoin ."""
2,3,35.0,10,"""he tell ."""
2,3,35.0,10,"""he enounce ."""
2,3,35.0,11,""" When people like yourselves turn on television and you see those people admit the knee when they 're fiddle our great national anthem ."""
2,3,35.0,11,""" When people like yourselves turn on tv set and you see those people taking the knee when they 're playing our great national anthem ."""
2,3,35.0,11,""" When citizenry like yourselves turn on television and you see those citizenry taking the knee when they 're playing our great national anthem ."""
2,3,35.0,11,""" When people like yourselves turn on boob tube and you get a line those people taking the knee when they 're playing our great national anthem ."""
2,3,35.0,12,"""The only affair you could do better is if you see it , even if it 's one player , leave the bowl ."""
2,3,35.0,12,"""The only thing you could do better is if you see it , even if it 's one histrion , leave the arena ."""
2,3,35.0,12,"""The only thing you could do better is if you see it , even if it 's one role player , will the stadium ."""
2,3,35.0,12,"""The only thing you could do better is if you see it , even if it 's one player , leave the arena ."""
2,3,35.0,13,""" I insure thing will stop ."""
2,3,35.0,13,""" I warrant matter will stop ."""
2,3,35.0,13,""" I secure matter will stop ."""
2,3,35.0,13,""" I vouch matter will stop ."""
2,3,35.0,14,"""thing will contain ."""
2,3,35.0,14,"""things will break ."""
2,3,35.0,14,"""matter will finish ."""
2,3,35.0,14,"""affair will arrest ."""
2,3,35.0,15,"""Just foot up and exit ."""
2,3,35.0,15,"""Just blame up and provide ."""
2,3,35.0,15,"""Just pluck up and result ."""
2,3,35.0,15,"""Just plunk up and leave behind ."""
2,3,35.0,18,"""Trump 's harangue did not belong unnoticed - by the mother of Colin Kaepernick ."""
2,3,35.0,18,"""Trump 's rant did not rifle unnoticed - by the female parent of Colin Kaepernick ."""
2,3,35.0,18,"""Trump 's rant did not lead unnoticed - by the female parent of Colin Kaepernick ."""
2,3,35.0,18,"""Trump 's rant did not live on unnoticed - by the mother of Colin Kaepernick ."""
2,3,35.0,19,"""Responding to the president 's rant , Teresa Kaepernick nip , "" Guess that makes me a proud bitch ! """
2,3,35.0,19,"""Responding to the chairwoman 's rant , Teresa Kaepernick tweeted , "" Guess that makes me a proud bitch ! """
2,3,35.0,19,"""Responding to the president 's rant , Teresa Kaepernick tweeted , "" Guess that realise me a proud bitch ! """
2,3,35.0,19,"""reply to the president 's rant , Teresa Kaepernick tweeted , "" suppose that makes me a proud bitch ! """
1,4,36.0,t,"""Tillerson make A N. Korea Overture , But It highlight His Credibility Problem"""
1,4,36.0,t,"""Tillerson bring in A N. Korea Overture , But It foreground His Credibility Problem"""
1,4,36.0,t,"""Tillerson progress to A N. Korea Overture , But It highlight His Credibility Problem"""
1,4,36.0,t,"""Tillerson puddle A N. Korea Overture , But It foreground His Credibility Problem"""
1,4,36.0,1,"""Secretary of State Rex Tillerson is ready to verbalize about talking to North Korea ."""
1,4,36.0,1,"""Secretary of State Rex Tillerson is ready to babble about tattle to North Korea ."""
1,4,36.0,1,"""Secretary of State Rex Tillerson is ready to mouth about talking to North Korea ."""
1,4,36.0,2,""" We 're ready to tattle anytime North Korea would wish to tattle ."""
1,4,36.0,2,""" We 're ready to blab anytime North Korea would like to blab ."""
1,4,36.0,2,""" We 're ready to mouth anytime North Korea would wish to mouth ."""
1,4,36.0,2,""" We 're ready to spill anytime North Korea would wish to spill ."""
1,4,36.0,3,"""And we 're ready to take the first meeting without precondition , "" he said , in remarks Tuesday at the Atlantic Council , a think tank in Washington , D.C."""
1,4,36.0,3,"""And we 're ready to have the first merging without precondition , "" he said , in remarks Tuesday at the Atlantic Council , a think armoured combat vehicle in Washington , D.C."""
1,4,36.0,3,"""And we 're ready to cause the first meeting without precondition , "" he said , in remarks Tuesday at the Atlantic Council , a think tank in Washington , D.C."""
1,4,36.0,3,"""And we 're ready to have the first meeting without precondition , "" he said , in remarks Tuesday at the Atlantic Council , a think tank in Washington , D.C."""
1,4,36.0,4,"""It sounds like a luck for a diplomatic resolution to the dangerous nuclear crisis with North Korea , which has gotten tenser in recent calendar month after North Korea 's sixth nuclear test and two successful launches of intercontinental ballistic missiles ."""
1,4,36.0,4,"""It sounds like a chance for a diplomatic resolution to the unsafe nuclear crisis with North Korea , which has gotten tenser in recent months after North Korea 's sixth nuclear test and two successful launches of intercontinental ballistic missiles ."""
1,4,36.0,4,"""It sounds like a chance for a diplomatic resolution to the dangerous nuclear crisis with North Korea , which has gotten tenser in recent months after North Korea 's sixth nuclear test and two successful launches of intercontinental ballistic projectile ."""
1,4,36.0,4,"""It fathom like a chance for a diplomatical resolution to the dangerous nuclear crisis with North Korea , which has gotten tenser in recent months after North Korea 's sixth nuclear test and two successful launches of intercontinental ballistic missiles ."""
1,4,36.0,5,"""Throughout 2017 , incendiary terror and name - calling have flown from the U.S. and Pyongyang , the North Korean capital , and the U.S. insurance of "" maximum pressure "" has led to increasing sanctions to starve North Korea of resources ."""
1,4,36.0,5,"""Throughout 2017 , incendiary threats and name - calling have flown from the U.S. and Pyongyang , the North Korean chapiter , and the U.S. policy of "" maximum pressure "" has led to increase sanctions to starve North Korea of resources ."""
1,4,36.0,5,"""Throughout 2017 , incendiary threats and name - calling have flown from the U.S. and Pyongyang , the North Korean capital , and the U.S. insurance policy of "" maximum pressure "" has led to increase sanctions to starve North Korea of resources ."""
1,4,36.0,5,"""Throughout 2017 , incendiary threats and name - calling have flown from the U.S. and Pyongyang , the north Korean working capital , and the U.S. policy of "" maximum pressure "" has led to increasing sanctions to starve north Korea of resources ."""
1,4,36.0,6,"""Now , the secretary of state is saying the U.S. need to model down with North Korean leaders ."""
1,4,36.0,6,"""Now , the escritoire of state is enounce the U.S. wants to sit down with North Korean leaders ."""
1,4,36.0,6,"""Now , the secretary of state is state the U.S. wants to sit down with north Korean leaders ."""
1,4,36.0,6,"""Now , the secretary of state is articulate the U.S. wants to sit down with north Korean leaders ."""
1,4,36.0,7,""" We can talk about the weather if you want , "" Tillerson enounce , in his feeler to North Korea ."""
1,4,36.0,7,""" We can talk about the weather condition if you want , "" Tillerson sound out , in his overture to North Korea ."""
1,4,36.0,7,""" We can spill the beans about the weather if you want , "" Tillerson aver , in his overture to North Korea ."""
1,4,36.0,7,""" We can talk about the weather if you need , "" Tillerson enounce , in his overture to North Korea ."""
1,4,36.0,8,""" We can talk about whether it 's go to be a straight table or a round table if that 's what you 're excited about ."""
1,4,36.0,8,""" We can talk about whether it 's blend in to be a square mesa or a round mesa if that 's what you 're excited about ."""
1,4,36.0,8,""" We can blab about whether it 's going to be a square board or a round board if that 's what you 're excited about ."""
1,4,36.0,8,""" We can talk about whether it 's going to be a square board or a round board if that 's what you 're excited about ."""
1,4,36.0,9,"""But can we at least sit down and see each other look to look ?"""
1,4,36.0,9,"""But can we at least pose down and see each other face to face ?"""
1,4,36.0,9,"""But can we at least sit down and go steady each other typeface to typeface ?"""
1,4,36.0,9,"""But can we at least sit down and see each other boldness to boldness ?"""
1,4,36.0,10,"""And then we can begin to lay out a map , a route map of what we might be willing to act upon towards ."""
1,4,36.0,10,"""And then we can set out to lay out a map , a road map of what we might be willing to work towards ."""
1,4,36.0,10,"""And then we can begin to lay out a function , a route function of what we might be willing to work towards ."""
1,4,36.0,10,"""And then we can begin to lay out a function , a road function of what we might be willing to work towards ."""
1,4,36.0,11,"""I do n't think - it 's not realistic to say we 're only fail to talk if you come to the table ready to give up your syllabus . """
1,4,36.0,11,"""I do n't think - it 's not realistic to say we 're only going to speak if you come to the table ready to dedicate up your program . """
1,4,36.0,11,"""I do n't think - it 's not realistic to say we 're only going to speak if you come to the table ready to give up your program . """
1,4,36.0,11,"""I do n't mean - it 's not realistic to say we 're only going to talk if you come to the tabular array ready to give up your program . """
1,4,36.0,12,"""Some North Korea security witness - like Van Jackson - are skeptical ."""
1,4,36.0,12,"""Some North Korea security security guard - like Van Jackson - are skeptical ."""
1,4,36.0,12,"""Some North Korea protection watchman - like Van Jackson - are skeptical ."""
1,4,36.0,12,"""Some North Korea protection watchers - like Van Jackson - are skeptical ."""
1,4,36.0,13,""" I just sort of pluck my optic , "" said Jackson , a former Asia specialist for the Defense Department who is now at New Zealand 's Victoria University of Wellington ."""
1,4,36.0,13,""" I just sort of rolled my eyes , "" allege Jackson , a former Asia medical specialist for the Defense Department who is now at New Zealand 's Victoria University of Wellington ."""
1,4,36.0,13,""" I just sort of rolled my eyes , "" enjoin Jackson , a former Asia specialiser for the Defense Department who is now at New Zealand 's Victoria University of Wellington ."""
1,4,36.0,13,""" I just sort of rolled my eye , "" said Jackson , a former Asia specialiser for the Defense Department who is now at New Zealand 's Victoria University of Wellington ."""
1,4,36.0,14,"""He says this is just posturing from Tillerson because the U.S. ca n't effectively aver it wants to talk when its goal is complete , verifiable denuclearization by North Korea ."""
1,4,36.0,14,"""He says this is just posturing from Tillerson because the U.S. ca n't effectively read it wants to sing when its goal is complete , verifiable denuclearization by North Korea ."""
1,4,36.0,14,"""He says this is just posturing from Tillerson because the U.S. ca n't effectively say it wants to talk when its goal is complete , verifiable denuclearization by North Korea ."""
1,4,36.0,14,"""He says this is just posturing from Tillerson because the U.S. ca n't effectively say it wants to blab when its goal is complete , verifiable denuclearization by North Korea ."""
1,4,36.0,15,"""For Pyongyang , return up its atomic program is a non - starter ."""
1,4,36.0,15,"""For Pyongyang , giving up its nuclear computer program is a non - entrant ."""
1,4,36.0,15,"""For Pyongyang , giving up its atomic program is a non - starter ."""
1,4,36.0,15,"""For Pyongyang , giving up its atomic program is a non - starter motor ."""
1,4,36.0,16,""" We hump that North Korea is not conk to go there ."""
1,4,36.0,16,""" We live that North Korea is not going to pass away there ."""
1,4,36.0,16,""" We have a go at it that North Korea is not perish to go there ."""
1,4,36.0,16,""" We know that North Korea is not operate to lead there ."""
1,4,36.0,17,"""So if you want to actually negotiate something , you ca n't have an unrealistic destination , "" Jackson says ."""
1,4,36.0,17,"""So if you desire to actually negotiate something , you ca n't have an unrealistic finish , "" Jackson says ."""
1,4,36.0,17,"""So if you need to actually negotiate something , you ca n't birth an unrealistic goal , "" Jackson says ."""
1,4,36.0,17,"""So if you want to actually negotiate something , you ca n't have an unrealistic goal , "" Jackson enjoin ."""
1,4,36.0,18,"""In Seoul , James Kim of the policy think tank the Asan Institute state the significance of this look on North Korea 's response to Tillerson ."""
1,4,36.0,18,"""In Seoul , James Kim of the policy think tank the Asan Institute says the implication of this reckon on North Korea 's response to Tillerson ."""
1,4,36.0,18,"""In Seoul , James Kim of the insurance think tank the Asan Institute says the significance of this depends on North Korea 's reaction to Tillerson ."""
1,4,36.0,18,"""In Seoul , James Kim of the policy think tank the Asan Institute order the meaning of this depends on North Korea 's response to Tillerson ."""
1,4,36.0,19,""" It really depends whether North Korea stops essay and comes to the bargaining table to talk , or they continue to try and [ show they 're ] not going to engage in any talks at this time , "" Kim says ."""
1,4,36.0,19,""" It really depends whether North Korea stops testing and comes to the bargaining table to talk , or they continue to test and [ show they 're ] not going to engage in any talks at this prison term , "" Kim order ."""
1,4,36.0,19,""" It really depends whether North Korea turn back testing and number to the bargaining table to talk , or they continue to test and [ show they 're ] not going to engage in any talks at this time , "" Kim says ."""
1,4,36.0,19,""" It really depend whether North Korea stops testing and comes to the bargaining table to talk , or they persist in to test and [ show they 're ] not going to engage in any talks at this time , "" Kim says ."""
1,4,37.0,t,"""Tillerson test to quell anxiety at State Dept . amid questions about his future"""
1,4,37.0,t,"""Tillerson examine to quell anxieties at State Dept . amid doubt about his future"""
1,4,37.0,t,"""Tillerson hear to squelch anxieties at State Dept . amid questions about his future"""
1,4,37.0,t,"""Tillerson assay to stay anxieties at State Dept . amid questions about his future"""
1,4,37.0,0,"""Ten months after taking office and seven months after lead off a "" redesign "" of the department that critics say has hollowed it out , Secretary of State Rex Tillerson is making a push to be more transparent and open and boost swag morale - starting"""
1,4,37.0,0,"""Ten months after taking office and seven months after beginning a "" redesign "" of the department that critics say has hollowed it out , Secretary of State Rex Tillerson is making a push to be more transparent and open and hike up sagging esprit de corps - starting"""
1,4,37.0,0,"""Ten months after taking office and seven months after beginning a "" redesign "" of the department that critics say has core out it out , Secretary of State Rex Tillerson is making a thrust to be more transparent and open and boost sagging morale - starting"""
1,4,37.0,0,"""Ten months after taking office and seven months after beginning a "" redesign "" of the department that critics say has hollowed it out , Secretary of State Rex Tillerson is earn a push to be more transparent and open and boost sagging morale - starting"""
1,4,37.0,1,"""The push , described by a senior State Department official , comes as doubtfulness about his future continue to haunt Tillerson , after a White House plot to oust him was leak out to the press two weeks ago ."""
1,4,37.0,1,"""The push , described by a senior State Department official , comes as questions about his future continue to haunt Tillerson , after a White House patch to oust him was leaked to the public press two weeks ago ."""
1,4,37.0,1,"""The energy , depict by a senior State Department official , comes as questions about his future continue to haunt Tillerson , after a White House plot to oust him was leaked to the press two weeks ago ."""
1,4,37.0,1,"""The push , described by a senior State Department official , comes as questions about his time to come continue to haunt Tillerson , after a White House plot to oust him was leaked to the press two workweek ago ."""
1,4,37.0,2,"""But Tillerson duplicate down on his plans to revamp the Carry Amelia Moore Nation 's foreign service agency and pushed back on continued reports that it was being dismantled ."""
1,4,37.0,2,"""But Tillerson doubled down on his design to revamp the nation 's foreign service representation and pushed back on continued reports that it was being dismantled ."""
1,4,37.0,2,"""But Tillerson double down on his plans to revamp the nation 's foreign service agency and pushed back on continued study that it was being dismantled ."""
1,4,37.0,2,"""But Tillerson doubled down on his plans to vamp the nation 's foreign service authority and pushed back on continued reports that it was being dismantled ."""
1,4,37.0,3,"""In particular , after a monthslong multimillion - dollar process that included 35,000 State Department and USAID employees taking an online survey , 300 in - person interviews and employee - led team narrowing those ideas down with the assistance of two outside c"""
1,4,37.0,3,"""In particular , after a monthslong multimillion - clam process that included 35,000 State Department and USAID employees taking an online survey , 300 in - person interviews and employee - led teams narrowing those ideas down with the help of two outside speed of light"""
1,4,37.0,3,"""In particular , after a monthslong multimillion - dollar process that included 35,000 State Department and USAID employee taking an online survey , 300 in - person interviews and employee - led teams narrowing those ideas down with the help of two outdoor c"""
1,4,37.0,3,"""In particular , after a monthslong multimillion - dollar process that included 35,000 State Department and USAID employees taking an online survey , 300 in - person interviews and employee - led teams narrowing those ideas down with the help of two outside c"""
1,4,37.0,4,"""Some of the ideas got applause from those in attending in Washington , such as an end to the hiring freeze for employees ' spouses at station around the world ."""
1,4,37.0,4,"""Some of the thought got applause from those in attending in Washington , such as an end to the hiring freeze for employees ' spouses at posts around the world ."""
1,4,37.0,4,"""Some of the ideas got applause from those in attending in Washington , such as an end to the charter freeze for employees ' spouses at posts around the world ."""
1,4,37.0,4,"""Some of the ideas got applause from those in attending in Washington , such as an end to the hiring freeze for employees ' spouses at posts around the world ."""
1,4,37.0,5,"""But that freeze was implemented by Tillerson , and a broader ace remains in place for section employees ."""
1,4,37.0,5,"""But that freeze was follow out by Tillerson , and a broader one persist in place for department employees ."""
1,4,37.0,5,"""But that freeze was follow through by Tillerson , and a broader one remains in station for department employees ."""
1,4,37.0,5,"""But that freezing was implemented by Tillerson , and a broader I remains in place for department employees ."""
1,4,37.0,6,"""It 's been the cause of much frustration for missions and diplomatist , although the State Department counters that Tillerson has signed 2,400 freedom and denied only one to two dozen ."""
1,4,37.0,6,"""It 's been the cause of much frustration for missions and diplomats , although the State Department foresee that Tillerson has signed 2,400 exemptions and traverse only one to two dozen ."""
1,4,37.0,6,"""It 's been the causal agency of much frustration for missions and diplomats , although the State Department anticipate that Tillerson has signed 2,400 exemptions and denied only one to two dozen ."""
1,4,37.0,6,"""It 's been the cause of much foiling for missions and diplomats , although the State Department counters that Tillerson has signed 2,400 immunity and denied only one to two dozen ."""
1,4,37.0,7,"""Tillerson also got applause for announcing a streamlining of the security measure clearance physical process , which "" was frustrating for me , "" he said to laughs , and for changes to personnel policy that allow employees on medical or maternity leave to telecommute inst"""
1,4,37.0,7,"""Tillerson also got applause for announcing a streamlining of the security clearance summons , which "" was frustrating for me , "" he said to laughs , and for changes to personnel policy that allow employees on medical or maternity leave to telecommute inst"""
1,4,37.0,7,"""Tillerson also got applause for announcing a streamlining of the security clearance process , which "" was frustrating for me , "" he said to laughter , and for changes to personnel policy that allow employees on medical or maternity parting to telecommute inst"""
1,4,37.0,7,"""Tillerson also got applause for announcing a streamlining of the security clearance operation , which "" was frustrating for me , "" he said to laughs , and for changes to personnel policy that allow employee on medical or maternity leave to telecommute inst"""
1,4,37.0,8,"""But after months of provision that was seen as secretive by Capitol Hill and shorten to staffing through attrition , resignations , retirements and buy - outs , critics called it a small pot to show for his efforts ."""
1,4,37.0,8,"""But after months of planning that was seen as secretive by Capitol Hill and cuts to staffing through attrition , resignations , retreat and buy - outs , critic called it a small pot to show for his efforts ."""
1,4,37.0,8,"""But after months of planning that was take care as secretive by Capitol Hill and cuts to staffing through attrition , resignations , retirements and buy - outs , critics called it a small pot to record for his efforts ."""
1,4,37.0,8,"""But after months of planning that was seen as secretive by Capitol Hill and cuts to staff through attrition , resignations , retirements and buy - outs , critics called it a small pot to demo for his efforts ."""
1,4,37.0,9,""" These are drops in a bucket compared to the magnitude of issues facing this section , "" Sen. Ben Cardin , D - Md. , the place member of the Senate Foreign Relations Committee , said in a statement ."""
1,4,37.0,9,""" These are drops in a pail compared to the magnitude of military issue facing this department , "" Sen. Ben Cardin , D - Md. , the ranking member of the Senate Foreign Relations Committee , said in a statement ."""
1,4,37.0,9,""" These are drops in a bucket liken to the magnitude of issues look this department , "" Sen. Ben Cardin , D - Md. , the ranking member of the Senate Foreign Relations Committee , said in a statement ."""
1,4,37.0,9,""" These are drops in a bucket compared to the order of magnitude of issues present this department , "" Sen. Ben Cardin , D - Md. , the ranking member of the Senate Foreign Relations Committee , said in a statement ."""
1,4,37.0,10,""" These job have been needlessly bring down by this administration ..."""
1,4,37.0,10,""" These problem have been needlessly inflicted by this disposal ..."""
1,4,37.0,10,""" These trouble have been needlessly inflicted by this organization ..."""
1,4,37.0,10,""" These job have been needlessly impose by this administration ..."""
1,4,37.0,11,"""It will take a lot of hard work to help State and USAID recover from the damage the frost and rudderless ' redesign ' have practise . """
1,4,37.0,11,"""It will take a lot of hard work to help State and USAID recover from the equipment casualty the freeze and rudderless ' redesign ' have done . """
1,4,37.0,11,"""It will take a lot of hard work to help State and USAID recover from the impairment the freeze and rudderless ' redesign ' have done . """
1,4,37.0,11,"""It will subscribe a lot of hard work to help State and USAID recover from the damage the freeze and rudderless ' redesign ' have done . """
1,4,37.0,12,"""Tillerson referred to some bigger changes coming down the argumentation , including upgrading and integrating the IT and HR systems , streamline the process for policy to be created and raised to his attention and eliminating duplicative systems and processe"""
1,4,37.0,12,"""Tillerson referred to some bigger changes coming down the line , including upgrading and integrating the IT and HR systems , streamline the process for policy to be created and put forward to his attention and eliminating duplicative systems and processe"""
1,4,37.0,12,"""Tillerson referred to some bigger changes coming down the line , including upgrading and integrating the IT and HR systems , streamlining the process for policy to be created and call down to his attending and eliminating duplicative systems and processe"""
1,4,37.0,12,"""Tillerson referred to some bigger modification coming down the line , including upgrading and integrating the IT and HR systems , streamlining the summons for policy to be created and raised to his attention and eliminating duplicative systems and processe"""
1,4,37.0,13,"""He enounce that there will be no embassy or consulate cloture but that there will be a re - evaluation of how many people are needed at various posts - citing London , Paris and Rome as missions that will likely be cut back ."""
1,4,37.0,13,"""He said that there will be no embassy or consulate closures but that there will be a re - evaluation of how many people are needed at various posts - citing London , Paris and Rome as missions that will likely be rationalize back ."""
1,4,37.0,13,"""He said that there will be no embassy or consulate closures but that there will be a re - evaluation of how many people are needed at various posts - refer London , Paris and Rome as foreign mission that will likely be cut back ."""
1,4,37.0,13,"""He said that there will be no embassy or consulate closures but that there will be a re - evaluation of how many people are ask at various posts - citing London , Paris and Rome as delegation that will likely be cut back ."""
1,4,37.0,14,"""These new labor are two or three years in the future , he said - implying that he was sticking around to consider them through ."""
1,4,37.0,14,"""These new projects are two or three years in the future , he articulate - implying that he was sticking around to find out them through ."""
1,4,37.0,14,"""These new projects are two or three yr in the future , he said - inculpate that he was sticking around to see them through ."""
1,4,37.0,14,"""These new projects are two or three years in the future , he said - incriminate that he was stick around around to see them through ."""
1,4,37.0,15,"""In the face of the report card that he was being ousted , Tillerson was at his most passionate spill about organizational performance , saying finding ways to increase it has been "" one of the things I 've gotten the greatest satisfaction from "" in his car"""
1,4,37.0,15,"""In the face of the reports that he was being ousted , Tillerson was at his most passionate talking about organisational performance , saying finding manner to increase it has been "" one of the things I 've gotten the greatest satisfaction from "" in his car"""
1,4,37.0,15,"""In the face of the study that he was being ousted , Tillerson was at his most passionate talking about organizational performance , saying finding ways to increase it has been "" one of the thing I 've gotten the greatest satisfaction from "" in his car"""
1,4,37.0,15,"""In the face of the reports that he was being ousted , Tillerson was at his most passionate talking about organisational carrying into action , saying finding ways to increase it has been "" one of the things I 've gotten the greatest satisfaction from "" in his car"""
1,4,37.0,16,""" The actual project at hand of deal with North Korea ?"""
1,4,37.0,16,""" The existent chore at hand of dealing with North Korea ?"""
1,4,37.0,16,""" The actual chore at hand of get by with North Korea ?"""
1,4,37.0,16,""" The existent task at hand of cover with North Korea ?"""
1,4,37.0,17,"""I do n't enjoy that , "" he told the room of employees and those watching at C. W. Post around the mankind ."""
1,4,37.0,17,"""I do n't savour that , "" he differentiate the room of employees and those watching at posts around the world ."""
1,4,37.0,17,"""I do n't enjoy that , "" he state the room of employee and those watching at posts around the world ."""
1,4,37.0,17,"""I do n't love that , "" he recount the room of employees and those watching at posts around the world ."""
1,4,37.0,18,""" But I enjoy working with Susan Thornton on it , "" referring to the acting supporter secretary of state for East Asian and Pacific affairs as an example of a colleague he 's gotten to sleep with ."""
1,4,37.0,18,""" But I enjoy working with Susan Thornton on it , "" referring to the represent assistant secretarial assistant of state for East Asian and Pacific affairs as an example of a colleague he 's gotten to know ."""
1,4,37.0,18,""" But I enjoy work out with Susan Thornton on it , "" referring to the acting assistant secretary of State for East Asian and Pacific affairs as an example of a colleague he 's gotten to know ."""
1,4,37.0,18,""" But I enjoy working with Susan Thornton on it , "" referring to the acting supporter secretary of state for East Asian and Pacific affairs as an model of a colleague he 's gotten to know ."""
1,4,37.0,19,""" Unleashing "" the talent of the department 's personnel seem to be his top precedency ."""
1,4,37.0,19,""" unleash "" the gift of the department 's personnel seemed to be his top priority ."""
1,4,37.0,19,""" Unleashing "" the talent of the section 's personnel seemed to be his top precedency ."""
1,4,37.0,19,""" unleash "" the natural endowment of the department 's personnel seemed to be his top priority ."""
1,4,38.0,t,"""Trumplomacy : Tillerson 's 2018 Bob Hope for North Korea"""
1,4,38.0,t,"""Trumplomacy : Tillerson 's 2018 Hope for North Korea"""
1,4,38.0,t,"""Trumplomacy : Tillerson 's 2018 promise for North Korea"""
1,4,38.0,t,"""Trumplomacy : Tillerson 's 2018 Leslie Townes Hope for North Korea"""
1,4,38.0,0,"""The reticent Secretary of State spoke at great length on Tuesday , first in a town hall meeting with State Department stave , and then in a insurance speech at the Atlantic Council ."""
1,4,38.0,0,"""The reticent Secretary of State spoke at great length on Tuesday , first in a town hall meeting with State Department staff , and then in a policy speech at the Atlantic Council ."""
1,4,38.0,0,"""The reticent Secretary of State mouth at great length on Tuesday , first in a town hall meeting with State Department staff , and then in a insurance speech at the Atlantic Council ."""
1,4,38.0,0,"""The reticent Secretary of State spoke at great length on Tuesday , first in a townspeople hall meeting with State Department staff , and then in a policy language at the Atlantic Council ."""
1,4,38.0,1,"""The newspaper headline are that he 's try on to find a way just to get in the same room , around the same table , as the North Koreans , that he 's announced the first steps of his controversial department redesign - "" quick wins "" he called them - and that he plans"""
1,4,38.0,1,"""The headlines are that he 's trying to find a way just to nonplus in the same elbow room , around the same table , as the North Koreans , that he 's announced the first steps of his controversial department redesign - "" quick wins "" he called them - and that he plans"""
1,4,38.0,1,"""The headlines are that he 's trying to find a way just to get in the same elbow room , around the same table , as the North Koreans , that he 's announced the first steps of his controversial department redesign - "" quick wins "" he promise them - and that he plans"""
1,4,38.0,1,"""The headlines are that he 's trying to find a way just to beget in the same room , around the same table , as the North Koreans , that he 's announced the first steps of his controversial department redesign - "" quick wins "" he call them - and that he plans"""
1,4,38.0,2,"""Oh , and he 's more comfy with cowboy civilisation than Washington politicos ."""
1,4,38.0,2,"""Oh , and he 's more comfy with cowboy refinement than Washington politicos ."""
1,4,38.0,2,"""Oh , and he 's more comfy with cowboy culture than Washington politico ."""
1,4,38.0,2,"""Oh , and he 's more comfortable with puncher finish than Washington politicos ."""
1,4,38.0,3,"""The North Korea occupation came up in a question - and - answer session after two scripted speeches on the like topic , and the White House was quick to say it was n't a policy shift ."""
1,4,38.0,3,"""The North Korea line came up in a question - and - answer sitting after two written speeches on the same topic , and the White House was quick to say it was n't a policy shift ."""
1,4,38.0,3,"""The North Korea line come up up in a question - and - reply session after two scripted speeches on the same topic , and the White House was quick to say it was n't a policy shift ."""
1,4,38.0,3,"""The North Korea line came up in a question - and - result session after two scripted speeches on the same issue , and the White House was quick to say it was n't a policy shift ."""
1,4,38.0,4,"""But it vocalize like a softening ."""
1,4,38.0,4,"""But it voice like a softening ."""
1,4,38.0,5,"""Tillerson said Washington was ready to talk without preconditions , whenever Pyongyang was ready , and that first schmoose could be about anything , even the weather ."""
1,4,38.0,5,"""Tillerson said Washington was ready to talk without stipulation , whenever Pyongyang was ready , and that first New World chat could be about anything , even the weather ."""
1,4,38.0,5,"""Tillerson said Washington was ready to talk without preconditions , whenever Pyongyang was ready , and that first chat could be about anything , even the weather ."""
1,4,38.0,5,"""Tillerson tell Washington was ready to talk without preconditions , whenever Pyongyang was ready , and that first chat could be about anything , even the weather ."""
1,4,38.0,6,"""In the past he 's been vague about stipulation , but suggested the North Koreans would have to at least demonstrate a willingness to consider giving up their atomic arsenal ."""
1,4,38.0,6,"""In the past he 's been undefined about preconditions , but suggested the North Koreans would have to at least demonstrate a willingness to consider giving up their nuclear arsenal ."""
1,4,38.0,6,"""In the past he 's been vague about given , but suggested the North Koreans would have to at least demonstrate a willingness to consider giving up their nuclear armory ."""
1,4,38.0,7,"""So his eagerness for public lecture of any kind , at least initially , is interesting ."""
1,4,38.0,7,"""So his readiness for negotiation of any kind , at least initially , is interesting ."""
1,4,38.0,7,"""So his readiness for talking of any kind , at least initially , is interesting ."""
1,4,38.0,7,"""So his readiness for talks of any kind , at least initially , is interesting ."""
1,4,38.0,8,"""And this concur with a very senior UN sojourn to Pyongyang , by the Undersecretary General Jeffrey Feltman ."""
1,4,38.0,8,"""And this cooccur with a very senior UN visit to Pyongyang , by the Undersecretary General Jeffrey Feltman ."""
1,4,38.0,8,"""And this coincides with a very senior UN sojourn to Pyongyang , by the Undersecretary General Jeffrey Feltman ."""
1,4,38.0,9,"""He urged north Korean officials to consider "" talks about talks "" , in what he described as the most important mission he has ever ask ."""
1,4,38.0,9,"""He urged North Korean officials to consider "" negotiation about negotiation "" , in what he described as the most important foreign mission he has ever taken ."""
1,4,38.0,9,"""He urged North Korean officials to consider "" talk about talk "" , in what he described as the most important mission he has ever aim ."""
1,4,38.0,9,"""He urged North Korean functionary to consider "" talks about talks "" , in what he described as the most important mission he has ever taken ."""
1,4,38.0,10,"""President Trump has taken a much tougher line in his public statements - famously tweeting that Tillerson was languish his time trying to negotiate with "" Little Rocket Man , "" his derogatory nickname for Kim Jong Un ."""
1,4,38.0,10,"""President Trump has have a much toughened line in his public statements - famously tweeting that Tillerson was wasting his time trying to negotiate with "" Little Rocket Man , "" his derogatory nickname for Kim Jong Un ."""
1,4,38.0,10,"""President Trump has taken a much tougher line in his public statements - famously tweeting that Tillerson was wasting his meter trying to negotiate with "" Little Rocket Man , "" his derogatory nickname for Kim Jong Un ."""
1,4,38.0,10,"""President Trump has taken a much tougher line in his public statements - famously tweeting that Tillerson was wasting his time taste to negotiate with "" Little Rocket Man , "" his derogatory nickname for Kim Jong Un ."""
1,4,38.0,11,"""But in praxis he 's gone along with Tillerson 's diplomatical strategy , for now ."""
1,4,38.0,11,"""But in practice session he 's gone along with Tillerson 's diplomatic scheme , for now ."""
1,4,38.0,11,"""But in exercise he 's gone along with Tillerson 's diplomatical strategy , for now ."""
1,4,38.0,11,"""But in practice he 's gone along with Tillerson 's diplomatical scheme , for now ."""
1,4,38.0,12,"""And the secretary of state remained clear about the goal : that the US ultimately could not accept a nuclear - armed North Korea ."""
1,4,38.0,12,"""And the secretary of state remained clear about the goal : that the US ultimately could not accept a nuclear - build up North Korea ."""
1,4,38.0,12,"""And the writing table of state persist clear about the goal : that the US ultimately could not accept a nuclear - armed North Korea ."""
1,4,38.0,12,"""And the secretary of state remained clear about the finish : that the US ultimately could not swallow a nuclear - armed North Korea ."""
1,4,38.0,13,"""Kim Jong Un , meanwhile , has been aver that his country aims to be the "" strongest nuclear mogul "" in the world ."""
1,4,38.0,13,"""Kim Jong Un , meanwhile , has been saying that his country calculate to be the "" strong nuclear power "" in the world ."""
1,4,38.0,13,"""Kim Jong Un , meanwhile , has been saying that his state aims to be the "" strongest nuclear might "" in the world ."""
1,4,38.0,13,"""Kim Jong Un , meanwhile , has been saying that his rural area aims to be the "" strongest nuclear magnate "" in the world ."""
1,4,38.0,14,"""So no imminent visits to North Korea for Tillerson , but he will be travelling to South America and Africa in the new year , which intimate he plan to stay on for a bit longer as the country 's top diplomat , despite reports that Trump does n't get alon"""
1,4,38.0,14,"""So no imminent visit to North Korea for Tillerson , but he will be travelling to South America and Africa in the new year , which suggests he plans to stay on for a bit longer as the country 's top diplomat , despite reports that Trump does n't get alon"""
1,4,38.0,14,"""So no imminent visits to North Korea for Tillerson , but he will be travelling to South America and Africa in the new year , which suggests he plans to stay on for a bit longer as the country 's top diplomat , despite reports that Trump does n't get alon"""
1,4,38.0,14,"""So no imminent visits to North Korea for Tillerson , but he will be locomote to South America and Africa in the new year , which suggests he plans to stay on for a bit longer as the country 's top diplomat , despite reports that Trump does n't get alon"""
1,4,38.0,15,"""Tillerson gave a nod to his difficult year when asked by a State Department employee whether he was enjoying his line ."""
1,4,38.0,15,"""Tillerson gave a nod to his difficult yr when demand by a State Department employee whether he was enjoying his job ."""
1,4,38.0,15,"""Tillerson gave a nod to his difficult year when asked by a State Department employee whether he was enjoying his occupation ."""
1,4,38.0,15,"""Tillerson gave a nod to his hard year when asked by a State Department employee whether he was enjoying his job ."""
1,4,38.0,16,""" I 'm instruct to enjoy it , "" he said , to laughter from the floor ."""
1,4,38.0,16,""" I 'm learning to enjoy it , "" he said , to laughter from the base ."""
1,4,38.0,16,""" I 'm learning to savour it , "" he aver , to laughter from the floor ."""
1,4,38.0,16,""" I 'm read to enjoy it , "" he pronounce , to laughter from the floor ."""
1,4,38.0,17,"""He explained that he did n't revel the actual task of dealing with countries like North Korea and Pakistan , but he did revel working with the department 's diplomats and expert on these topics ."""
1,4,38.0,17,"""He excuse that he did n't bask the actual task of dealing with countries like North Korea and Pakistan , but he did bask working with the department 's diplomats and experts on these topics ."""
1,4,38.0,17,"""He explained that he did n't love the actual task of dealing with countries like North Korea and Pakistan , but he did love working with the department 's diplomats and experts on these theme ."""
1,4,38.0,17,"""He explained that he did n't enjoy the actual project of dole out with countries like North Korea and Pakistan , but he did enjoy working with the department 's diplomats and experts on these topics ."""
1,4,38.0,18,"""His town hall was an attempt to connect with stave who 've have been alienated by the perception that he 's gutting the State Department amidst budget cuts and hiring freezes ."""
1,4,38.0,18,"""His town hall was an movement to tie with staff who 've have been alienated by the perception that he 's gutting the State Department amidst budget cuts and hiring freezes ."""
1,4,38.0,18,"""His town hall was an try to connect with staff who 've have been alienated by the perception that he 's gutting the State Department amidst budget stinger and hiring freezes ."""
1,4,38.0,18,"""His town hall was an effort to join with staff who 've have been alienated by the perception that he 's gutting the State Department amidst budget cuts and hire freezes ."""
1,4,38.0,19,"""Tillerson gave them their first briefing on his project to redesign the department : he presented plans to revamp its outdated information technology ; streamline its functions ; and improve vocation management ."""
1,4,38.0,19,"""Tillerson gave them their first briefing on his project to redesign the department : he presented plans to revamp its outdated information engineering ; streamline its functions ; and improve career management ."""
1,4,38.0,19,"""Tillerson gave them their first briefing on his labor to redesign the department : he presented plans to revamp its outdated selective information technology ; streamline its functions ; and improve career management ."""
1,4,38.0,19,"""Tillerson gave them their first briefing on his project to redesign the department : he presented plans to revamp its outdated entropy technology ; streamline its functions ; and improve vocation management ."""
0,4,39.0,t,"""US ready for unconditioned talks with North Korea , Tillerson says"""
0,4,39.0,t,"""US ready for unconditional talks with North Korea , Tillerson allege"""
0,4,39.0,t,"""US ready for unconditioned talks with North Korea , Tillerson suppose"""
0,4,39.0,t,"""US ready for unconditioned lecture with North Korea , Tillerson says"""
0,4,39.0,0,"""SEOUL , South Korea - Secretary of State Rex Tillerson appeared to withdraw a major roadblock to talks with North Korea , saying the United States was willing to meet with the nuclear - armed country "" without presumption . """
0,4,39.0,0,"""SEOUL , South Korea - Secretary of State Rex Tillerson come along to remove a major roadblock to talks with North Korea , saying the United States was willing to meet with the nuclear - armed country "" without condition . """
0,4,39.0,0,"""SEOUL , South Korea - Secretary of State Rex Tillerson appeared to remove a major roadblock to talks with North Korea , saying the United States was willing to meet with the nuclear - armed country "" without preconditions . """
0,4,39.0,0,"""SEOUL , South Korea - Secretary of State Rex Tillerson appeared to remove a major roadblock to talks with North Korea , saying the United States was willing to meet with the nuclear - fortify area "" without preconditions . """
0,4,39.0,1,"""Tillerson pronounce President Donald Trump supports the position , which would reverse current and past administration policy that the U.S. wo n't seat down with the North unless denuclearization is on the table ."""
0,4,39.0,1,"""Tillerson sound out President Donald Trump supports the position , which would reverse current and past administration policy that the U.S. wo n't sit down with the North unless denuclearization is on the mesa ."""
0,4,39.0,1,"""Tillerson said President Donald Trump digest the position , which would reverse current and past administration policy that the U.S. wo n't sit down with the North unless denuclearization is on the mesa ."""
0,4,39.0,1,"""Tillerson said President Donald Trump hold the position , which would reverse current and past administration policy that the U.S. wo n't sit down with the North unless denuclearization is on the table ."""
0,4,39.0,2,"""The White House state later that the president 's views on North Korea have not deepen ."""
0,4,39.0,2,"""The White House said later that the chairman 's views on North Korea have not convert ."""
0,4,39.0,2,"""The White House said later that the Chief Executive 's eyeshot on North Korea have not changed ."""
0,4,39.0,2,"""The White House said later that the president 's aspect on North Korea have not vary ."""
0,4,39.0,3,"""Trump , who has previously undercut Tillerson , was silent on the issue on the format he usually turns to for foreign insurance policy announcements - Twitter ."""
0,4,39.0,3,"""Trump , who has previously undercut Tillerson , was silent on the issue on the formatting he usually turns to for foreign policy annunciation - Twitter ."""
0,4,39.0,3,"""Trump , who has previously undercut Tillerson , was silent on the issue on the format he usually rick to for strange policy announcements - Twitter ."""
0,4,39.0,3,"""Trump , who has previously undercut Tillerson , was silent on the issue on the data formatting he usually turns to for foreign policy announcements - Twitter ."""
0,4,39.0,4,"""He did , however , refer to North Korea as a "" vile dictatorship "" Tuesday as he sign on a $ 700 billion Defense authorization bill ."""
0,4,39.0,4,"""He did , however , refer to North Korea as a "" vile dictatorship "" Tuesday as he signed a $ 700 billion defense mandate greenback ."""
0,4,39.0,4,"""He did , however , refer to North Korea as a "" vile totalitarianism "" Tuesday as he signed a $ 700 billion defense empowerment bill ."""
0,4,39.0,4,"""He did , however , refer to North Korea as a "" vile dictatorship "" Tuesday as he signed a $ 700 billion defending team authority bill ."""
0,4,39.0,5,"""Tillerson 's input do two weeks after North Korea test - fired its most powerful missile , which experts said showed the potential to reach the U.S. East Coast ."""
0,4,39.0,5,"""Tillerson 's remarks came two weeks after North Korea test - fuel its most powerful projectile , which experts said showed the potential to reach the U.S. East Coast ."""
0,4,39.0,5,"""Tillerson 's remarks came two weeks after North Korea test - fired its most powerful projectile , which experts said evidence the potential to reach the U.S. East Coast ."""
0,4,39.0,5,"""Tillerson 's remarks number two weeks after North Korea exam - fired its most powerful missile , which experts said showed the potential to reach the U.S. East Coast ."""
0,4,39.0,6,""" We are ready to blab anytime North Korea would like to blab ."""
0,4,39.0,6,""" We are ready to peach anytime North Korea would care to peach ."""
0,4,39.0,6,""" We are ready to talk anytime North Korea would care to talk ."""
0,4,39.0,6,""" We are ready to verbalize anytime North Korea would wish to verbalize ."""
0,4,39.0,7,"""And we are ready to deliver the first meeting without preconditions , "" Tillerson said Tuesday in a speech at the Atlantic Council think tank in Washington ."""
0,4,39.0,7,"""And we are ready to have the first merging without stipulation , "" Tillerson said Tuesday in a speech at the Atlantic Council think tank in Washington ."""
0,4,39.0,7,"""And we are ready to have the first get together without preconditions , "" Tillerson said Tuesday in a speech at the Atlantic Council think tank in Washington ."""
0,4,39.0,7,"""And we are ready to bear the first meeting without preconditions , "" Tillerson said Tuesday in a speech at the Atlantic Council think tank in Washington ."""
0,4,39.0,8,"""He said the North would need to harbor off on its arm testing ."""
0,4,39.0,8,"""He said the North would postulate to harbour off on its weapons testing ."""
0,4,39.0,8,"""He enjoin the North would need to hold off on its weapon testing ."""
0,4,39.0,8,"""He said the North would need to make off on its weapon testing ."""
0,4,39.0,9,"""The reclusive state has trial - fired more than 20 missiles so far this year , admit the ICBM launched on Nov. 29 ."""
0,4,39.0,9,"""The reclusive state has tryout - fired more than 20 missiles so far this year , admit the ICBM launched on Nov. 29 ."""
0,4,39.0,9,"""The reclusive state has test - fired more than 20 projectile so far this year , including the intercontinental ballistic missile launched on Nov. 29 ."""
0,4,39.0,9,"""The reclusive state has test - fired more than 20 missiles so far this class , admit the ICBM launched on Nov. 29 ."""
0,4,39.0,10,"""It also conducted its sixth and most powerful nuclear run ."""
0,4,39.0,10,"""It also conducted its sixth and most powerful atomic run ."""
0,4,39.0,10,"""It also conducted its sixth and most powerful atomic test ."""
0,4,39.0,11,""" get 's just assemble and we can talk about the weather if you want to ."""
0,4,39.0,11,""" Let 's just meet and we can talk about the atmospheric condition if you desire to ."""
0,4,39.0,11,""" allow 's just meet and we can talk about the conditions if you want to ."""
0,4,39.0,11,""" Let 's just meet and we can utter about the weather if you require to ."""
0,4,39.0,12,"""We can talk about whether it 's a straight table or a circular table if that 's what you 're excited about , "" Tillerson said ."""
0,4,39.0,12,"""We can talk about whether it 's a straight mesa or a round mesa if that 's what you 're excited about , "" Tillerson said ."""
0,4,39.0,12,"""We can sing about whether it 's a square table or a round table if that 's what you 're excited about , "" Tillerson state ."""
0,4,39.0,13,""" But can we at least sit down and see each other aspect to aspect and then we can begin to lay out a map , a route map , of what we might be willing to work towards . """
0,4,39.0,13,""" But can we at least sit down and visualise each other face to face and then we can begin to lay out a function , a road function , of what we might be willing to work towards . """
0,4,39.0,13,""" But can we at least sit down and see each other face to face and then we can begin to lay out a map , a route map , of what we might be willing to figure out towards . """
0,4,39.0,13,""" But can we at least sit down and see each other face to face and then we can begin to lay out a map , a route map , of what we might be willing to work towards . """
0,4,39.0,14,"""Meanwhile , Jeffrey Feltman , the U.N. political chief who recently chaffer Pyongyang , said senior North Korean officials told him "" it was important to forestall war . """
0,4,39.0,14,"""Meanwhile , Jeffrey Feltman , the U.N. political chief who recently visited Pyongyang , tell senior North Korean officials told him "" it was important to prevent war . """
0,4,39.0,14,"""Meanwhile , Jeffrey Feltman , the U.N. political chief who recently visited Pyongyang , said senior North Korean officials told him "" it was important to keep war . """
0,4,39.0,14,"""Meanwhile , Jeffrey Feltman , the U.N. political chief who recently visited Pyongyang , said senior North Korean officials told him "" it was significant to prevent war . """
0,4,39.0,15,"""Feltman , a former American diplomat , said he stressed "" the urgent need to prevent miscalculation and reduce the risk of conflict , "" during more than than 15 hours of discussions with North Korea 's foreign diplomatic minister and other top officials ."""
0,4,39.0,15,"""Feltman , a former American diplomat , read he stressed "" the urgent need to prevent miscalculation and reduce the risk of conflict , "" during more than 15 hours of treatment with North Korea 's foreign minister and other top officials ."""
0,4,39.0,15,"""Feltman , a former American diplomat , said he strain "" the urgent need to prevent miscalculation and reduce the risk of conflict , "" during more than than 15 hours of discussions with North Korea 's foreign minister and other top officials ."""
0,4,39.0,15,"""Feltman , a former American diplomat , said he stressed "" the urgent need to prevent miscalculation and reduce the risk of conflict , "" during more than 15 hours of discussions with North Korea 's foreign minister and other top officials ."""
0,4,39.0,16,"""He called on them to open communication groove , including debar military hotlines and "" to start some kind of engagement , to start talking about talks . """
0,4,39.0,16,"""He called on them to open communication channels , including suspend military hotlines and "" to start some kind of engagement , to start talking about talks . """
0,4,39.0,16,"""He called on them to open communication transmission channel , including suspended military hotlines and "" to start some kind of engagement , to start verbalise about talks . """
0,4,39.0,16,"""He called on them to open communication channels , including suspended military hotlines and "" to jump some kind of engagement , to jump talk about talks . """
0,4,39.0,17,""" They did not offer any character of commitment to us at that detail ."""
0,4,39.0,17,""" They did not offer any character of commitment to us at that degree ."""
0,4,39.0,17,""" They did not tender any case of commitment to us at that point ."""
0,4,39.0,17,""" They did not provide any type of loyalty to us at that point ."""
0,4,39.0,18,"""They have to reflect on what we say with their own leadership , "" he told reporters after privately briefing the U.N. Security Council ."""
0,4,39.0,18,"""They have to reflect on what we suppose with their own leading , "" he told reporters after privately briefing the U.N. Security Council ."""
0,4,39.0,18,"""They have to reflect on what we said with their own leading , "" he told reporters after privately brief the U.N. Security Council ."""
0,4,39.0,18,"""They have to reflect on what we enounce with their own leadership , "" he told reporters after privately briefing the U.N. Security Council ."""
0,4,39.0,19,""" I think we 've left the threshold ajar , and I fervently hope that the threshold to a negotiated solution will now be unfold wide . """
0,4,39.0,19,""" I think we 've result the door ajar , and I fervently desire that the door to a negotiated solution will now be opened wide . """
0,4,39.0,19,""" I think we 've go away the door ajar , and I fervently hope that the door to a negotiated answer will now be opened wide . """
0,4,39.0,19,""" I think we 've left the doorway ajar , and I fervently hope that the doorway to a negotiate solution will now be opened wide . """
0,4,40.0,t,"""Tillerson deepen melodic line on North Korea"""
0,4,40.0,t,"""Tillerson switch strain on North Korea"""
0,4,40.0,t,"""Tillerson exchange line on North Korea"""
0,4,40.0,t,"""Tillerson vary air on North Korea"""
0,4,40.0,0,"""US Secretary of State Rex Tillerson may have opened the way to negotiations with North Korea over its atomic programme , saying Washington was ready to talk "" without given "" ."""
0,4,40.0,0,"""US Secretary of State Rex Tillerson may have opened the manner to negotiations with North Korea over its nuclear programme , saying Washington was ready to speak "" without preconditions "" ."""
0,4,40.0,0,"""US Secretary of State Rex Tillerson may have give the way to negotiations with North Korea over its nuclear programme , tell Washington was ready to talk "" without preconditions "" ."""
0,4,40.0,0,"""US Secretary of State Rex Tillerson may have opened the way to negotiations with North Korea over its atomic programme , saying Washington was ready to utter "" without preconditions "" ."""
0,4,40.0,1,"""The apparent olive branch -- after a year of mutual threats by US President Donald Trump and North Korean leader Kim Jong - Un , and multiple missile tests by Pyongyang , coupled with its most powerful nuclear blast to date -- could help defuse sky - high"""
0,4,40.0,1,"""The apparent olive branch -- after a year of reciprocal threats by US President Donald Trump and North Korean leader Kim Jong - Un , and multiple missile tests by Pyongyang , coupled with its most powerful nuclear bam to date -- could help defuse sky - high"""
0,4,40.0,1,"""The apparent Olea europaea branch -- after a year of mutual threats by US President Donald Trump and North Korean leader Kim Jong - Un , and multiple missile tests by Pyongyang , coupled with its most powerful nuclear blast to particular date -- could help defuse sky - high"""
0,4,40.0,1,"""The apparent olive branch -- after a year of mutual menace by US President Donald Trump and North Korean leader Kim Jong - Un , and multiple missile tests by Pyongyang , coupled with its most powerful nuclear blast to date -- could help defuse sky - high"""
0,4,40.0,2,"""But with the two sides operate in a war of words there is a tenacious way to go before any negotiations -- let alone a deal ."""
0,4,40.0,2,"""But with the two sides take in a war of words there is a long way to go before any negotiations -- let alone a wad ."""
0,4,40.0,2,"""But with the two sides engaged in a war of words there live a long way to go before any talks -- let alone a deal ."""
0,4,40.0,2,"""But with the two sides engaged in a war of dustup there is a long way to go before any negotiations -- have alone a deal ."""
0,4,40.0,3,"""Here are some questions and solvent on the takings ."""
0,4,40.0,3,"""Here are some questions and solvent on the exit ."""
0,4,40.0,3,"""Here are some questions and response on the number ."""
0,4,40.0,3,"""Here are some questions and solvent on the issuing ."""
0,4,40.0,4,"""The US has for years turn away to talk unless the North first takes footfall towards dismantling its nuclear programme ."""
0,4,40.0,4,"""The US has for years refused to babble out unless the North first takes footprint towards dismantling its nuclear programme ."""
0,4,40.0,4,"""The US has for years refused to talk unless the North first takes whole tone towards dismantling its atomic programme ."""
0,4,40.0,4,"""The US has for years refused to speak unless the North first call for steps towards dismantling its nuclear programme ."""
0,4,40.0,5,"""But the North has staged six atomic tests and declared itself a full nuclear state after the ICBM mental testing on November 28 , yield the prospect of nuclear disarmament increasingly unrealistic , according to experts ."""
0,4,40.0,5,"""But the North has staged six atomic tests and declared itself a full nuclear state after the ICBM run on November 28 , rendering the prospect of nuclear disarmament increasingly unrealistic , harmonise to experts ."""
0,4,40.0,5,"""But the North has staged six atomic tests and declared itself a full nuclear state after the ICBM test on November 28 , rendering the scene of nuclear disarmament increasingly unrealistic , according to experts ."""
0,4,40.0,5,"""But the North has staged six atomic tests and declared itself a full nuclear commonwealth after the ICBM test on November 28 , supply the prospect of nuclear disarmament increasingly unrealistic , according to experts ."""
0,4,40.0,7,"""We are ready to have the first coming together without precondition ."""
0,4,40.0,7,"""We are ready to throw the first coming together without preconditions ."""
0,4,40.0,7,"""We are ready to have the first group meeting without preconditions ."""
0,4,40.0,8,"""Let 's just fulfil , "" Tillerson said at a assembly in Washington ."""
0,4,40.0,8,"""let 's just meet , "" Tillerson read at a forum in Washington ."""
0,4,40.0,8,"""get 's just meet , "" Tillerson said at a assembly in Washington ."""
0,4,40.0,8,"""Let 's just meet , "" Tillerson allege at a meeting place in Washington ."""
0,4,40.0,9,"""William Perry , a former US Defense Secretary who helped broker the 1994 Agreed Framework nuclear deal with the North , said it was "" very encouraging word "" ."""
0,4,40.0,9,"""William Perry , a former US Defense Secretary who helped broker the 1994 Agreed Framework nuclear mass with the North , said it was "" very encouraging tidings "" ."""
0,4,40.0,9,"""William Perry , a former US Defense Secretary who helped broker the 1994 Agreed Framework nuclear deal with the North , sound out it was "" very encouraging newsworthiness "" ."""
0,4,40.0,9,"""William Perry , a former US Defense Secretary who aid broker the 1994 Agreed Framework nuclear deal with the North , said it was "" very encouraging news "" ."""
0,4,40.0,10,""" We must find a means to come to the table in order to de - escalate the volatile situation with North Korea , "" he tweeted ."""
0,4,40.0,10,""" We must find a way to come to the table in order to de - escalate the volatile situation with North Korea , "" he twinge ."""
0,4,40.0,10,""" We must find a way to come to the table in order to de - escalate the volatile situation with North Korea , "" he tweeted ."""
0,4,40.0,10,""" We must regain a way to come to the table in order to de - escalate the volatile situation with North Korea , "" he tweeted ."""
0,4,40.0,11,"""What does Donald Trump mean ?"""
0,4,40.0,11,"""What does Donald Trump cerebrate ?"""
0,4,40.0,11,"""What does Donald Trump consider ?"""
0,4,40.0,11,"""What does Donald Trump cogitate ?"""
0,4,40.0,12,"""Trump establishment officials have piled pressure on Pyongyang with US - led UN sanctions and talk of a potential pre - emptive attack , with National Security Adviser HR McMaster tell this month the potential for war was "" increasing every day "" ."""
0,4,40.0,12,"""Trump administration officials have mob pressure on Pyongyang with US - led UN sanctions and talk of a potential pre - emptive attack , with National Security Adviser HR McMaster saying this month the potential for war was "" increasing every day "" ."""
0,4,40.0,12,"""Trump administration officials have piled imperativeness on Pyongyang with US - led UN sanctions and talk of a potential pre - emptive attack , with National Security Adviser HR McMaster saying this calendar month the potential for war was "" increasing every day "" ."""
0,4,40.0,12,"""Trump administration officials have piled pressure on Pyongyang with US - led UN sanctions and talk of a potential difference pre - emptive attack , with National Security Adviser HR McMaster saying this calendar month the potential difference for war was "" increasing every day "" ."""
0,4,40.0,13,"""The president has previously dismissed Tillerson 's pushing for talk of the town with the North , tweeting in October that his top diplomat was "" wasting his time trying to negotiate with Little Rocket Man "" - his favoured epithet for Kim ."""
0,4,40.0,13,"""The president has previously dismissed Tillerson 's pushing for talks with the North , twitch in October that his top diplomat was "" wasting his time trying to negotiate with Little Rocket Man "" - his favoured epithet for Kim ."""
0,4,40.0,13,"""The president has previously dismissed Tillerson 's push for talks with the North , tweeting in October that his top diplomatist was "" wasting his time trying to negotiate with Little Rocket Man "" - his favoured name for Kim ."""
0,4,40.0,13,"""The Chief Executive has previously dismissed Tillerson 's push for talks with the North , tweeting in October that his top diplomat was "" wasting his time trying to negotiate with Little Rocket Man "" - his favoured epithet for Kim ."""
0,4,40.0,14,""" Save your vigour , Rex , we 'll coiffure what has to be done ! """
0,4,40.0,14,""" keep open your Energy , Rex , we 'll do what has to be done ! """
0,4,40.0,14,""" deliver your energy , Rex , we 'll do what has to be practise ! """
0,4,40.0,14,""" keep your energy , Rex , we 'll do what has to be behave ! """
0,4,40.0,15,"""he added -- and rumours have purl in recent weeks that Trump was about to sack him ."""
0,4,40.0,15,"""he added -- and rumours have swirled in recent week that Trump was about to sack him ."""
0,4,40.0,15,"""he added -- and rumours have swirled in recent weeks that Trump was about to force out him ."""
0,4,40.0,15,"""he tally -- and rumours have swirled in recent weeks that Trump was about to sack him ."""
0,4,40.0,16,"""Whether Tillerson 's words acclaim a major policy shifting by the administration remains to be seen ."""
0,4,40.0,16,"""Whether Tillerson 's words herald a major insurance policy shift by the administration rest to be seen ."""
0,4,40.0,16,"""Whether Tillerson 's words foretell a major insurance shift by the administration remains to be seen ."""
0,4,40.0,16,"""Whether Tillerson 's words harbinger a major policy shift by the administration remains to be see ."""
0,4,40.0,17,"""White House spokesman Sarah Huckabee Sanders said Trump 's views on the North "" have not deepen "" ."""
0,4,40.0,17,"""White House spokesman Sarah Huckabee Sanders read Trump 's views on the North "" have not changed "" ."""
0,4,40.0,17,"""White House spokesman Sarah Huckabee Sanders state Trump 's views on the North "" have not changed "" ."""
0,4,40.0,18,"""The North has long expressed a willingness to talk without preconditions and is probable to respond positively to any such offer , analysts say ."""
0,4,40.0,18,"""The North has long expressed a willingness to lecture without preconditions and is likely to respond positively to any such fling , analysts say ."""
0,4,40.0,18,"""The North has long expressed a willingness to talk without preconditions and is probable to respond positively to any such offer , analysts enounce ."""
0,4,40.0,19,""" They have believed that the US would have no choice but to sit down with the North for talk in the destruction ... and they might have been right , "" said Chung Sung - Yoon , of the Korea Institute for National Unification in Seoul ."""
0,4,40.0,19,""" They have believed that the US would have no option but to sit down with the North for talks in the end ... and they might have been correct , "" said Chung Sung - Yoon , of the Korea Institute for National Unification in Seoul ."""
0,4,40.0,19,""" They have believed that the US would have no choice but to sit around down with the North for talks in the conclusion ... and they might have been right , "" said Chung Sung - Yoon , of the Korea Institute for National Unification in Seoul ."""
0,4,40.0,19,""" They have believe that the US would have no alternative but to sit down with the North for talks in the end ... and they might have been right , "" said Chung Sung - Yoon , of the Korea Institute for National Unification in Seoul ."""
1,4,41.0,t,"""US ready for talking with N Korea without condition"""
1,4,41.0,t,"""US ready for talks with N Korea without presumption"""
1,4,41.0,t,"""US ready for negotiation with N Korea without preconditions"""
1,4,41.0,t,"""US ready for talks with N Korea without precondition"""
1,4,41.0,0,"""The US is ready to utter to North Korea over its nuclear disarmament without preconditions , Secretary of State Rex Tillerson has said , in what appeared to be a softening of America 's stance toward Pyongyang ."""
1,4,41.0,0,"""The US is ready to talk to North Korea over its nuclear disarming without presumption , Secretary of State Rex Tillerson has said , in what appeared to be a softening of America 's stance toward Pyongyang ."""
1,4,41.0,0,"""The US is ready to talk to North Korea over its nuclear disarming without preconditions , Secretary of State Rex Tillerson has said , in what appeared to be a softening of America 's position toward Pyongyang ."""
1,4,41.0,0,"""The US is ready to talk to North Korea over its nuclear disarmament without presumption , Secretary of State Rex Tillerson has said , in what appeared to be a softening of America 's position toward Pyongyang ."""
1,4,41.0,1,"""The offer to North Korea comes amid crippling sanctions on the country and just two weeks after after another intercontinental ballistic projectile tryout by the reclusive nation ."""
1,4,41.0,1,"""The offer to North Korea comes amid crippling authorisation on the country and just two hebdomad after after another intercontinental ballistic missile test by the reclusive nation ."""
1,4,41.0,1,"""The offer to North Korea comes amid crippling sanctions on the country and just two weeks after after another intercontinental ballistic missile test by the reclusive nation ."""
1,4,41.0,1,"""The offering to North Korea comes amid crippling warrant on the country and just two weeks after after another intercontinental ballistic missile test by the reclusive nation ."""
1,4,41.0,2,"""It also marks a shift from Tillerson 's own previous remark that the US would not negotiate its way to the negotiating table with North Korea and that it would only talk once the authorities was ready to address its denuclearisation ."""
1,4,41.0,2,"""It also marks a shift from Tillerson 's own previous input that the US would not negotiate its way to the negotiating table with North Korea and that it would only talk once the regime was ready to address its denuclearisation ."""
1,4,41.0,2,"""It also marks a geological fault from Tillerson 's own previous comments that the US would not negotiate its way to the negotiating table with North Korea and that it would only talk once the regime was ready to address its denuclearisation ."""
1,4,41.0,2,"""It also cross out a shift from Tillerson 's own previous comments that the US would not negotiate its way to the negotiating table with North Korea and that it would only talk once the regime was ready to address its denuclearisation ."""
1,4,41.0,3,""" We 've said from the diplomatic side we 're ready to utter anytime North Korea would like to utter , and were ready to have the first confluence without precondition ."""
1,4,41.0,3,""" We 've tell from the diplomatic side we 're ready to talk anytime North Korea would like to talk , and were ready to possess the first meeting without precondition ."""
1,4,41.0,3,""" We 've said from the diplomatic side we 're ready to talk anytime North Korea would like to talk , and were ready to give the first meeting without precondition ."""
1,4,41.0,3,""" We 've said from the diplomatic side we 're ready to talk anytime North Korea would like to talk , and were ready to have the first merging without precondition ."""
1,4,41.0,4,"""Let 's just contact , "" Tillerson enounce ."""
1,4,41.0,4,"""rent 's just converge , "" Tillerson said ."""
1,4,41.0,4,"""lease 's just match , "" Tillerson said ."""
1,4,41.0,4,"""rent 's just forgather , "" Tillerson said ."""
1,4,41.0,5,"""He was speaking on ' contact the Foreign Policy Challenges of 2017 and Beyond ' mastermind by the 2017 Atlantic Council- Korea Foundation Forum ."""
1,4,41.0,5,"""He was verbalise on ' conform to the Foreign Policy Challenges of 2017 and Beyond ' organised by the 2017 Atlantic Council- Korea Foundation Forum ."""
1,4,41.0,5,"""He was speak on ' Meeting the Foreign Policy Challenges of 2017 and Beyond ' machinate by the 2017 Atlantic Council- Korea Foundation Forum ."""
1,4,41.0,5,"""He was talk on ' Meeting the Foreign Policy Challenges of 2017 and Beyond ' form by the 2017 Atlantic Council- Korea Foundation Forum ."""
1,4,41.0,6,""" And then we can begin to lay out a map , a roadmap of what we might be willing to ferment towards , "" he said ."""
1,4,41.0,6,""" And then we can begin to lay out a mathematical function , a roadmap of what we might be willing to work towards , "" he allege ."""
1,4,41.0,6,""" And then we can begin to lay out a map , a roadmap of what we might be willing to work towards , "" he enunciate ."""
1,4,41.0,6,""" And then we can begin to lay out a map , a roadmap of what we might be willing to act upon towards , "" he said ."""
1,4,41.0,7,"""The crack stands in contrast to President Donald Trump 's warnings that talks have go and that Tillerson was wasting his time ."""
1,4,41.0,7,"""The offer stands in demarcation to President Donald Trump 's warnings that talks have go bad and that Tillerson was wasting his time ."""
1,4,41.0,7,"""The offer stands in contrast to President Donald Trump 's warning that talks have failed and that Tillerson was wasting his clip ."""
1,4,41.0,7,"""The pass stands in dividing line to President Donald Trump 's warnings that talks have failed and that Tillerson was wasting his time ."""
1,4,41.0,8,"""Tillerson said it was not workable to demand that North Korea give up its weapon system before talks begin ."""
1,4,41.0,8,"""Tillerson articulate it was not workable to demand that North Korea make up its weapons before talks begin ."""
1,4,41.0,8,"""Tillerson said it was not workable to demand that North Korea contribute up its weapons before lecture begin ."""
1,4,41.0,8,"""Tillerson said it was not workable to postulate that North Korea give up its weapons before talks begin ."""
1,4,41.0,9,""" Its not realistic to say were only going to babble if you come to the tabular array ready to give up your program ."""
1,4,41.0,9,""" Its not realistic to say were only get to talk if you come to the tabular array ready to give up your program ."""
1,4,41.0,9,""" Its not realistic to say were only going to talk if you come to the tabular array ready to give up your program ."""
1,4,41.0,9,""" Its not realistic to say were only going to talk if you come to the table ready to give way up your computer programme ."""
1,4,41.0,10,"""They have too much put in it ."""
1,4,41.0,10,"""They have too much seat in it ."""
1,4,41.0,10,"""They sustain too much seat in it ."""
1,4,41.0,10,"""They have too much endow in it ."""
1,4,41.0,11,"""And the President is very realistic about that as well , "" he pronounce ."""
1,4,41.0,11,"""And the President is very realistic about that as well , "" he suppose ."""
1,4,41.0,11,"""And the President is very realistic about that as well , "" he say ."""
1,4,41.0,11,"""And the President is very realistic about that as well , "" he articulate ."""
1,4,41.0,12,"""in reply to a interrogative sentence after delivering his remarks ."""
1,4,41.0,12,"""in reply to a query after delivering his remarks ."""
1,4,41.0,12,"""in response to a question after pitch his remark ."""
1,4,41.0,12,"""in response to a question after hand over his comment ."""
1,4,41.0,13,"""However , the White House was quick to put forward that there had been no change in the eyeshot of the president on North Korea ."""
1,4,41.0,13,"""However , the White House was quick to verify that there had been no change in the thought of the president on North Korea ."""
1,4,41.0,13,"""However , the White House was quick to assert that there had been no alteration in the views of the president on North Korea ."""
1,4,41.0,13,"""However , the White House was quick to assert that there had been no change in the purview of the chairman on North Korea ."""
1,4,41.0,14,""" The President 's scene on North Korea have not commute ."""
1,4,41.0,14,""" The President 's thought on North Korea have not deepen ."""
1,4,41.0,14,""" The President 's eyeshot on North Korea have not exchange ."""
1,4,41.0,14,""" The President 's aspect on North Korea have not deepen ."""
1,4,41.0,15,"""North Korea is acting in an unsafe way not only toward Japan , China , and South Korea , but the entire human race ."""
1,4,41.0,15,"""North Korea is acting in an unsafe fashion not only toward Japan , China , and South Korea , but the entire humanity ."""
1,4,41.0,15,"""North Korea is acting in an unsafe fashion not only toward Japan , China , and South Korea , but the entire world ."""
1,4,41.0,16,"""North Korea 's activity are not good for anyone and certainly not good for North Korea , "" White House Press Secretary Sarah Sanders said in a statement to the press ."""
1,4,41.0,16,"""North Korea 's actions are not good for anyone and certainly not good for North Korea , "" White House Press Secretary Sarah Sanders said in a statement to the printing press ."""
1,4,41.0,16,"""North Korea 's actions are not good for anyone and certainly not good for North Korea , "" White House Press Secretary Sarah Sanders said in a command to the press ."""
1,4,41.0,16,"""North Korea 's actions are not good for anyone and certainly not good for North Korea , "" White House Press Secretary Sarah Sanders state in a statement to the insistency ."""
1,4,41.0,17,"""The secretary of state made clear that full North Korean nuclear disarmament would be the ultimate goal of essential negotiation ."""
1,4,41.0,17,"""The secretary of nation made clear that full North Korean nuclear disarmament would be the ultimate finish of substantive negotiations ."""
1,4,41.0,17,"""The escritoire of state made clear that full North Korean nuclear disarming would be the ultimate goal of substantive negotiations ."""
1,4,41.0,17,"""The secretary of state made clear that full north Korean nuclear disarmament would be the ultimate finish of substantive negotiations ."""
1,4,41.0,18,"""He argue that containment was not an option , as an impoverished North Korea would seek to earn money by selling its nuclear weapons on the black market ."""
1,4,41.0,18,"""He argued that containment was not an option , as an impoverished North Korea would seek to earn money by selling its atomic weapon on the black market ."""
1,4,41.0,18,"""He argued that containment was not an option , as an impoverished North Korea would seek to earn money by selling its atomic weapons on the black marketplace ."""
1,4,41.0,18,"""He reason that containment was not an option , as an impoverished North Korea would seek to garner money by selling its nuclear weapons on the black market ."""
1,4,41.0,19,""" Because were cope with a new leader in North Korea that no single ever engaged with ."""
1,4,41.0,19,""" Because were get by with a new leader in North Korea that no ones ever lock with ."""
1,4,41.0,19,""" Because were dispense with a new leader in North Korea that no ace ever engaged with ."""
1,4,41.0,19,""" Because were dealing with a new drawing card in North Korea that no ones ever engage with ."""
2,4,42.0,t,"""US open to initial encounter with North Korea ' without given '"""
2,4,42.0,t,"""US open to initial encounter with North Korea ' without precondition '"""
2,4,42.0,t,"""US open to initial group meeting with North Korea ' without given '"""
2,4,42.0,t,"""US opened to initial meeting with North Korea ' without precondition '"""
2,4,42.0,0,"""Secretary of State Rex Tillerson is willing to talk to north Korean officials "" without precondition , "" at least for an initial round of diplomacy over the regime 's nuclear artillery program ."""
2,4,42.0,0,"""Secretary of State Rex Tillerson is willing to talk to North Korean officials "" without precondition , "" at least for an initial round of diplomacy over the regime 's atomic weapons political program ."""
2,4,42.0,0,"""Secretary of State Rex Tillerson is willing to talk to North Korean officials "" without precondition , "" at least for an initial round of delicacy over the regime 's nuclear weapons program ."""
2,4,42.0,0,"""Secretary of State Rex Tillerson is willing to talk to North Korean officials "" without precondition , "" at least for an initial round of diplomacy over the regime 's nuclear weapons program ."""
2,4,42.0,1,""" [ W]e're ready to have the first merging without precondition , "" Tillerson pronounce during an event at the Atlantic Council in Washington , D.C. "" Let 's just meet ."""
2,4,42.0,1,""" [ W]e're ready to have the first meeting without precondition , "" Tillerson said during an issue at the Atlantic Council in Washington , D.C. "" Let 's just meet ."""
2,4,42.0,1,""" [ W]e're ready to have the first get together without precondition , "" Tillerson said during an event at the Atlantic Council in Washington , D.C. "" Let 's just meet ."""
2,4,42.0,1,""" [ W]e're ready to birth the first confluence without precondition , "" Tillerson said during an event at the Atlantic Council in Washington , D.C. "" Let 's just meet ."""
2,4,42.0,2,"""We can talk about the weather condition if you need ."""
2,4,42.0,2,"""We can tattle about the weather if you need ."""
2,4,42.0,2,"""We can spill about the weather if you require ."""
2,4,42.0,2,"""We can spill about the weather if you need ."""
2,4,42.0,3,"""We can talk about whether it 's going to be a square tabular array or a round tabular array if that 's what you 're excited about ."""
2,4,42.0,3,"""We can talk about whether it 's going to be a straight mesa or a round mesa if that 's what you 're excited about ."""
2,4,42.0,3,"""We can talk about whether it 's fit to be a straight table or a round table if that 's what you 're excited about ."""
2,4,42.0,3,"""We can talk about whether it 's decease to be a square table or a round table if that 's what you 're excited about ."""
2,4,42.0,4,"""But can we at least sit down and envision each other brass - to - brass ."""
2,4,42.0,4,"""But can we at least model down and see each other face - to - face ."""
2,4,42.0,4,"""But can we at least sit down and see each other face - to - face ."""
2,4,42.0,4,"""But can we at least sit down and see each other brass - to - brass ."""
2,4,42.0,5,"""And then we can begin to position out a map , a roadmap , of what we might be willing to forge towards . """
2,4,42.0,5,"""And then we can get down to lay out a map , a roadmap , of what we might be willing to work towards . """
2,4,42.0,5,"""And then we can begin to lay out a function , a roadmap , of what we might be willing to make towards . """
2,4,42.0,5,"""And then we can begin to lay out a mathematical function , a roadmap , of what we might be willing to exercise towards . """
2,4,42.0,6,"""That 's a less - demanding posture that Tillerson has adopted in recent months when he ruled out negotiations based on anything other than North Korea gibe to dismantle its nuclear weapon program ."""
2,4,42.0,6,"""That 's a less - demanding military posture that Tillerson has take in recent months when he ruled out negotiations based on anything other than North Korea agreeing to dismantle its nuclear weapons program ."""
2,4,42.0,6,"""That 's a less - demanding posture that Tillerson has adopted in recent months when he ruled out dialogue based on anything other than North Korea agreeing to dismantle its atomic weapons program ."""
2,4,42.0,6,"""That 's a less - demanding posture that Tillerson has follow in recent months when he ruled out negotiations based on anything other than North Korea agreeing to dismantle its nuclear weapons program ."""
2,4,42.0,7,"""Tillerson maintained a hardline position regarding the regime 's long - term holding of the nuclear weapons , but he seemed to soften his previous expectations for what early dialogue might look like ."""
2,4,42.0,7,"""Tillerson maintained a hardline position regarding the regime 's long - term retention of the nuclear weapons , but he seem to soften his previous expectations for what early negotiations might take care like ."""
2,4,42.0,7,"""Tillerson maintained a hardline position regarding the regime 's long - term retentivity of the nuclear weapons , but he seemed to soften his previous expectations for what early negotiations might look like ."""
2,4,42.0,7,"""Tillerson maintained a hardline side regarding the regime 's long - term retention of the atomic weapons , but he seemed to soften his previous expectations for what early negotiations might look like ."""
2,4,42.0,8,""" It 's not realistic to sound out ' we 're only going to talk if you come to the table ready to turn over up your program . '"""
2,4,42.0,8,""" It 's not realistic to say ' we 're only break down to verbalise if you come to the table ready to give up your program . '"""
2,4,42.0,8,""" It 's not realistic to say ' we 're only going to talk if you fare to the table ready to kick in up your program . '"""
2,4,42.0,8,""" It 's not realistic to say ' we 're only going to talk if you get to the table ready to return up your program . '"""
2,4,42.0,9,"""They have too much enthrone in it , "" Tillerson said ."""
2,4,42.0,9,"""They have too much enthrone in it , "" Tillerson state ."""
2,4,42.0,9,"""They have too much induct in it , "" Tillerson tell ."""
2,4,42.0,9,"""They make too much invested in it , "" Tillerson said ."""
2,4,42.0,10,""" And the chairman is very realistic about that as well . """
2,4,42.0,10,""" And the President of the United States is very realistic about that as well . """
2,4,42.0,10,""" And the United States President is very realistic about that as well . """
2,4,42.0,11,"""That perspective appears to symbolize a fracture in Tillerson 's thinking ."""
2,4,42.0,11,"""That linear perspective appears to represent a faulting in Tillerson 's thinking ."""
2,4,42.0,11,"""That perspective appears to play a shift in Tillerson 's thought ."""
2,4,42.0,11,"""That perspective look to constitute a shift in Tillerson 's thinking ."""
2,4,42.0,12,""" We do n't think having a dialogue where the North Koreans come to the table accept they 're going to maintain their nuclear weapons is generative , "" he told reporters in August ."""
2,4,42.0,12,""" We do n't think hold a duologue where the North Koreans come to the table assuming they 're going to maintain their nuclear weapons is productive , "" he told reporters in August ."""
2,4,42.0,12,""" We do n't think having a dialogue where the North Koreans total to the table assuming they 're going to observe their nuclear weapons is productive , "" he told reporters in August ."""
2,4,42.0,12,""" We do n't think having a dialogue where the North Koreans come to the table don they 're going to maintain their atomic weapons is productive , "" he told reporters in August ."""
2,4,42.0,13,"""Tillerson 's negotiating posture might harden after the United States focus its assessment of "" a new leader in North Korea that no one has ever rent with . """
2,4,42.0,13,"""Tillerson 's negotiating posture might inure after the United States sharpened its assessment of "" a new leader in North Korea that no one has ever occupy with . """
2,4,42.0,13,"""Tillerson 's negotiating carriage might harden after the United States focalize its assessment of "" a new leader in North Korea that no one has ever engaged with . """
2,4,42.0,13,"""Tillerson 's negotiate posture might season after the United States sharpened its assessment of "" a new leader in North Korea that no one has ever engaged with . """
2,4,42.0,14,"""He emphasized that the United States can not pick up to live with a nuclear - armed North Korea , notwithstanding the history of get along so with the Soviet empire during the Cold War ."""
2,4,42.0,14,"""He emphasized that the United States can not learn to know with a nuclear - armed North Korea , notwithstanding the history of doing so with the Soviet empire during the Cold War ."""
2,4,42.0,14,"""He emphasized that the United States can not learn to live with a nuclear - armed North Korea , notwithstanding the chronicle of doing so with the Soviet imperium during the Cold War ."""
2,4,42.0,14,"""He stress that the United States can not learn to live with a nuclear - armed North Korea , notwithstanding the history of fare so with the Soviet empire during the Cold War ."""
2,4,42.0,15,""" The difference is that , [ from ] the past doings of North Korea , it 's clear to us that they would not just use the possess of nuclear weapons as a deterrent , "" Tilllerson suppose ."""
2,4,42.0,15,""" The difference of opinion is that , [ from ] the past behavior of North Korea , it 's clear to us that they would not just utilise the possess of nuclear weapons as a deterrent , "" Tilllerson said ."""
2,4,42.0,15,""" The difference is that , [ from ] the past behavior of North Korea , it 's clear to us that they would not just use the possess of nuclear weapons as a deterrent , "" Tilllerson state ."""
2,4,42.0,15,""" The difference is that , [ from ] the past behavior of North Korea , it 's clear to us that they would not just use the possess of nuclear weapons as a deterrent , "" Tilllerson said ."""
2,4,42.0,16,""" This would become a commercial activity for them , because we already see ingredient of it in the commercial marketplace ."""
2,4,42.0,16,""" This would go a commercial activity for them , because we already see elements of it in the commercial market place ."""
2,4,42.0,16,""" This would become a commercial activity for them , because we already see factor of it in the commercial marketplace ."""
2,4,42.0,16,""" This would become a commercial natural action for them , because we already consider elements of it in the commercial marketplace ."""
2,4,42.0,17,"""And in a earth we live in today where our greatest threats are non - state actor , we simply can not accept that . """
2,4,42.0,17,"""And in a world we live in today where our greatest threats are non - state actors , we simply can not accept that . """
2,4,42.0,17,"""And in a world we live in today where our greatest threats are non - state thespian , we simply can not accept that . """
2,4,42.0,17,"""And in a macrocosm we live in today where our greatest menace are non - state actors , we simply can not accept that . """
2,4,42.0,18,"""That 's why President Trump 's team is willing to contemplate the theory of war with North Korea despite the recognition that such a conflict "" would be catastrophic , "" as Defense Secretary Jim Mattis has acknowledged ."""
2,4,42.0,18,"""That 's why President Trump 's team is willing to contemplate the possibility of war with North Korea despite the recognition that such a conflict "" would be catastrophic , "" as Defense Secretary Jim Mattis has acknowledged ."""
2,4,42.0,18,"""That 's why President Trump 's squad is willing to contemplate the possibility of war with North Korea despite the recognition that such a conflict "" would be catastrophic , "" as Defense Secretary Jim Mattis has acknowledged ."""
2,4,42.0,18,"""That 's why President Trump 's team is willing to think over the possibility of war with North Korea despite the recognition that such a conflict "" would be catastrophic , "" as Defense Secretary Jim Mattis has recognise ."""
2,4,42.0,19,""" Yes , there are multiple military options that have been originate to deal with a loser on my part , "" Tillerson said ."""
2,4,42.0,19,""" Yes , there are multiple military option that have been developed to deal with a bankruptcy on my part , "" Tillerson said ."""
2,4,42.0,19,""" Yes , there live multiple military options that have been developed to cover with a failure on my part , "" Tillerson said ."""
2,4,42.0,19,""" Yes , there are multiple military options that have been developed to distribute with a failure on my part , "" Tillerson enounce ."""
2,4,43.0,t,"""Kim Jong - Un Vows to ' deliver the goods victory in the Showdown ' with US"""
2,4,43.0,t,"""Kim Jong - Un Vows to ' gain victory in the Showdown ' with US"""
2,4,43.0,t,"""Kim Jong - Un vow to ' gain Victory in the Showdown ' with US"""
2,4,43.0,t,"""Kim Jong - Un Vows to ' advance triumph in the Showdown ' with US"""
2,4,43.0,0,"""The nuclear - armed North has rattled the international community with a flurry of nuclear blasts and projectile launches , most recently on November 29 when it test - fired its longest - range intercontinental ballistic projectile ( ICBM ) , capable of reaching all"""
2,4,43.0,0,"""The atomic - armed North has rattled the international community with a flurry of atomic blasts and projectile launches , most recently on November 29 when it test - fired its longest - range intercontinental ballistic projectile ( ICBM ) , capable of reaching all"""
2,4,43.0,0,"""The nuclear - armed North has rattled the international community with a flurry of nuclear blasts and missile launches , most recently on November 29 when it test - fired its longest - range intercontinental ballistic missile ( ICBM ) , capable of attain all"""
2,4,43.0,1,"""Kim severalise workers behind the latest test that his country would "" victoriously advance and leap as the strongest nuclear power and military power in the world "" at a conference on Tuesday , according to state news show agency KCNA ."""
2,4,43.0,1,"""Kim told workers behind the latest test that his country would "" victoriously advance and leap as the strongest nuclear king and military king in the world "" at a conference on Tuesday , according to state news agency KCNA ."""
2,4,43.0,1,"""Kim told workers behind the latest test that his country would "" victoriously advance and leap as the strongest nuclear might and military might in the world "" at a conference on Tuesday , allot to state news agency KCNA ."""
2,4,43.0,1,"""Kim told workers behind the latest exam that his country would "" victoriously advance and leap as the strongest atomic power and military power in the world "" at a conference on Tuesday , according to state news agency KCNA ."""
2,4,43.0,2,""" The ... national defense industry will continue to develop and we will gain victory in the encounter with the imperialists and the US , "" he was indirectly quoted as saying ."""
2,4,43.0,2,""" The ... national refutation industry will continue to develop and we will win victory in the showdown with the imperialists and the US , "" he was indirectly quoted as articulate ."""
2,4,43.0,2,""" The ... national defense industry will continue to develop and we will win victory in the encounter with the imperialists and the US , "" he was indirectly quote as saying ."""
2,4,43.0,2,""" The ... national defense industry will continue to develop and we will win victory in the confrontation with the imperialists and the US , "" he was indirectly quoted as saying ."""
2,4,43.0,3,"""The country 's atomic force had been completed in a "" death - defying conflict "" and despite a high cost , he added ."""
2,4,43.0,3,"""The land 's nuclear force had been completed in a "" death - defying struggle "" and despite a high cost , he added ."""
2,4,43.0,3,"""The country 's atomic force had been nail in a "" death - defying struggle "" and despite a high cost , he added ."""
2,4,43.0,3,"""The country 's nuclear force out had been completed in a "" death - resist struggle "" and despite a high cost , he added ."""
2,4,43.0,4,"""Kim 's comments come as global powers scramble for a answer to the crisis , with the US championship stringent economic and diplomatic sanctions on Kim 's regime to halt its nuclear drive ."""
2,4,43.0,4,"""Kim 's commentary come as global powers scramble for a response to the crisis , with the US backing stringent economic and diplomatic authorization on Kim 's regime to halt its nuclear drive ."""
2,4,43.0,4,"""Kim 's comments come as global powers shinny for a response to the crisis , with the US backing stringent economic and diplomatic sanctions on Kim 's regime to halt its nuclear driving force ."""
2,4,43.0,4,"""Kim 's comments fare as global powers scramble for a answer to the crisis , with the US backing stringent economic and diplomatic sanctions on Kim 's regime to halt its nuclear drive ."""
2,4,43.0,5,"""But the North has preserve to lob missile , posing a major challenge to US President Donald Trump ."""
2,4,43.0,5,"""But the North has continued to lob missiles , lay a major challenge to US President Donald Trump ."""
2,4,43.0,5,"""But the North has continued to lob projectile , posing a major challenge to US President Donald Trump ."""
2,4,43.0,5,"""But the North has remain to lob projectile , posing a major challenge to US President Donald Trump ."""
2,4,43.0,6,"""Fears of a catastrophic conflict with the nuclear - armed regime have spiked as the loss leader have taunted each other , with Trump dubbing his rival "" Little Rocket Man "" ."""
2,4,43.0,6,"""Fears of a catastrophic conflict with the nuclear - armed regime have transfix as the leaders have taunted each other , with Trump dubbing his rival "" Little Rocket Man "" ."""
2,4,43.0,6,"""Fears of a catastrophic conflict with the nuclear - gird regime have spiked as the leaders have taunted each other , with Trump dubbing his rival "" Little Rocket Man "" ."""
2,4,43.0,6,"""concern of a catastrophic fight with the nuclear - armed regime have spiked as the leaders have taunted each other , with Trump dubbing his rival "" Little Rocket Man "" ."""
2,4,43.0,7,"""Tension flared anew in the flashpoint peninsula after the November 29 launch of the Hwasong-15 ICBM , which the North take could bear a "" super - large heavy warhead "" anywhere on the US mainland ."""
2,4,43.0,7,"""tensity flared anew in the flashpoint peninsula after the November 29 launch of the Hwasong-15 ICBM , which the North claimed could deliver a "" super - big heavy warhead "" anywhere on the US mainland ."""
2,4,43.0,7,"""tenseness flared anew in the flashpoint peninsula after the November 29 launch of the Hwasong-15 ICBM , which the North claimed could deliver a "" super - large heavy warhead "" anywhere on the US mainland ."""
2,4,43.0,7,"""Tension flared anew in the flashpoint peninsula after the November 29 launch of the Hwasong-15 ICBM , which the North claimed could deliver a "" super - big heavy warhead "" anywhere on the US mainland ."""
2,4,43.0,8,"""Many analysts suggest that the rocket is capable of reaching the US mainland but voice skepticism that Pyongyang has get over the advanced technology needed to allow the rocket to survive re - entry to the Earth 's atmosphere ."""
2,4,43.0,8,"""Many analysts suggest that the rocket is capable of reaching the US mainland but voice disbelief that Pyongyang has mastered the advanced technology needed to allow the rocket to survive re - entry to the Earth 's air ."""
2,4,43.0,8,"""Many analysts suggest that the rocket is capable of reaching the US mainland but voice skepticism that Pyongyang has mastered the advanced technology needed to allow the rocket to hold up re - entry to the Earth 's atmosphere ."""
2,4,43.0,8,"""Many psychoanalyst suggest that the rocket is capable of reaching the US mainland but voice skepticism that Pyongyang has mastered the advanced technology postulate to allow the rocket to survive re - entry to the Earth 's atmosphere ."""
2,4,43.0,9,"""The launch was the first test of any kind since September 15 , and quashed hopes that the North may have held back in order to open the door to a talk terms solution to the nuclear repulsion ."""
2,4,43.0,9,"""The launch was the first test of any kind since September 15 , and quashed hopes that the North may have held back in order to spread the door to a negotiated result to the nuclear standoff ."""
2,4,43.0,9,"""The launch was the first test of any kind since September 15 , and quashed Bob Hope that the North may have held back in order to open the door to a negotiate solution to the nuclear standoff ."""
2,4,43.0,9,"""The launching was the first test of any kind since September 15 , and quashed hopes that the North may have held back in rules of order to open the door to a negotiated solution to the nuclear standoff ."""
2,4,43.0,10,"""But US Secretary of State Rex Tillerson say for the first time that Washington was willing to talk to Pyongyang "" without preconditions "" ."""
2,4,43.0,10,"""But US Secretary of State Rex Tillerson said for the first time that Washington was willing to talk to Pyongyang "" without condition "" ."""
2,4,43.0,10,"""But US Secretary of State Rex Tillerson articulate for the first sentence that Washington was willing to talk to Pyongyang "" without preconditions "" ."""
2,4,43.0,10,"""But US Secretary of State Rex Tillerson enjoin for the first time that Washington was willing to blab out to Pyongyang "" without preconditions "" ."""
2,4,43.0,11,"""The US has long importune that the North should take concrete steps toward disarming before any dialogue , which should lead to complete , irreversible and verifiable denuclearization ."""
2,4,43.0,11,"""The US has long insist that the North should take concrete steps toward disarming before any negotiations , which should lead to complete , irreversible and verifiable denuclearization ."""
2,4,43.0,11,"""The US has long insisted that the North should take concrete steps toward disarming before any negotiations , which should take to complete , irreversible and verifiable denuclearization ."""
2,4,43.0,11,"""The US has long insisted that the North should take concrete steps toward disarming before any negotiations , which should top to complete , irreversible and verifiable denuclearization ."""
2,4,43.0,12,""" It 's not realistic to say we 're only going to talk if you fall to the tabular array ready to give up your programme , "" Tillerson told a meeting of the Atlantic Council policy forum ."""
2,4,43.0,12,""" It 's not realistic to say we 're only going to talk if you come to the table ready to give up your programme , "" Tillerson told a encounter of the Atlantic Council policy forum ."""
2,4,43.0,12,""" It 's not realistic to say we 're only going to talk if you come to the table ready to reach up your syllabus , "" Tillerson told a meeting of the Atlantic Council policy forum ."""
2,4,43.0,12,""" It 's not realistic to say we 're only travel to talk if you come to the table ready to fall in up your programme , "" Tillerson told a meeting of the Atlantic Council policy forum ."""
2,4,43.0,13,""" They have too much endue in it . """
2,4,43.0,13,""" They have too much invest in it . """
2,4,43.0,13,""" They induce too much invested in it . """
2,4,43.0,13,""" They receive too much gift in it . """
2,4,43.0,14,"""But he also warned that the US military bear ready to play if necessary ."""
2,4,43.0,14,"""But he also admonish that the US military stands ready to dissemble if necessary ."""
2,4,43.0,14,"""But he also warned that the US military machine stands ready to act if necessary ."""
2,4,43.0,14,"""But he also warn that the US military stands ready to behave if necessary ."""
2,4,43.0,15,"""The latest military standoff prompted concerns of another full - scale conflict in the realm after the 1950 - 53 Korean War that left much of the peninsula in ruins ."""
2,4,43.0,15,"""The late military standoff prompted concerns of another full - scale conflict in the region after the 1950 - 53 Korean War that left much of the peninsula in ruins ."""
2,4,43.0,15,"""The latest military standoff prompted concerns of another full - weighing machine conflict in the region after the 1950 - 53 Korean War that left much of the peninsula in ruination ."""
2,4,43.0,15,"""The latest military standoff prompted care of another full - scale conflict in the region after the 1950 - 53 Korean War that left much of the peninsula in ruins ."""
2,4,43.0,16,"""Even if a second war remained conventional , tens of thousands of South Koreans - as well as many of the 28 500 US troops send in the country - are require to be killed just in the first days of fighting , analysts say ."""
2,4,43.0,16,"""Even if a second war remained conventional , tens of thousands of South Koreans - as well as many of the 28 500 US troops stationed in the country - are expected to be bolt down just in the first days of fighting , analysts say ."""
2,4,43.0,16,"""Even if a second war continue conventional , tens of thousands of South Koreans - as well as many of the 28 500 US troops stationed in the country - are expected to be killed just in the first days of fighting , analyst say ."""
2,4,43.0,16,"""Even if a second war remained conventional , tens of thousands of South Koreans - as well as many of the 28 500 US troops stationed in the country - are expected to be killed just in the first days of scrap , analysts say ."""
2,4,44.0,t,"""The very best level of how Rex Tillerson is destruct the State Department"""
2,4,44.0,t,"""The very good level of how Rex Tillerson is destroying the State Department"""
2,4,44.0,t,"""The very best fib of how Rex Tillerson is destruct the State Department"""
2,4,44.0,t,"""The very good report of how Rex Tillerson is destroying the State Department"""
2,4,44.0,0,"""But the media have been unvoiced on him than on any other Cabinet phallus ."""
2,4,44.0,0,"""But the mass medium have been harder on him than on any other Cabinet extremity ."""
2,4,44.0,0,"""But the medium have been harder on him than on any other Cabinet member ."""
2,4,44.0,0,"""But the media have been harder on him than on any other Cabinet fellow member ."""
2,4,44.0,1,"""A week does not pass without the publishing of explicit articles or ruling pieces calling on Tillerson to resign ( such as here , here , here , and here ) ."""
2,4,44.0,1,"""A week does not pass without the publication of expressed clause or opinion pieces calling on Tillerson to resign ( such as here , here , here , and here ) ."""
2,4,44.0,1,"""A week does not go across without the publication of explicit article or opinion pieces calling on Tillerson to resign ( such as here , here , here , and here ) ."""
2,4,44.0,1,"""A week does not pass without the publishing of explicit articles or opinion piece of music calling on Tillerson to resign ( such as here , here , here , and here ) ."""
2,4,44.0,2,"""Rex Tillerson should be the dearie of the liberal sensitive ."""
2,4,44.0,2,"""Rex Tillerson should be the Darling of the liberal media ."""
2,4,44.0,2,"""Rex Tillerson should be the darling of the liberal spiritualist ."""
2,4,44.0,3,"""He supported sticking with the Iran deal , which basically allows Iran to develop atomic weapons and ballistic missile ."""
2,4,44.0,3,"""He supported sticking with the Iran deal , which basically allows Iran to evolve atomic weapons and ballistic missiles ."""
2,4,44.0,3,"""He supported sticking with the Iran muckle , which basically let Iran to develop nuclear weapons and ballistic missiles ."""
2,4,44.0,3,"""He supported sticking with the Iran deal , which basically allows Iran to evolve nuclear weapons and ballistic missiles ."""
2,4,44.0,4,"""He opposed state the obvious : that Israel 's capital letter is Jerusalem ."""
2,4,44.0,4,"""He react express the obvious : that Israel 's capital is Jerusalem ."""
2,4,44.0,4,"""He contradict stating the obvious : that Israel 's capital is Jerusalem ."""
2,4,44.0,4,"""He opposed tell the obvious : that Israel 's working capital is Jerusalem ."""
2,4,44.0,5,"""And he supported the ridiculous Paris climate variety accord ."""
2,4,44.0,5,"""And he hold the ridiculous Paris climate change treaty ."""
2,4,44.0,5,"""And he supported the ridiculous Paris clime alteration treaty ."""
2,4,44.0,5,"""And he supported the ridiculous Paris mood variety treaty ."""
2,4,44.0,6,"""Because Tillerson has been bring assiduously to cut the stave of the State Department ."""
2,4,44.0,6,"""Because Tillerson has been working assiduously to bring down the stave of the State Department ."""
2,4,44.0,6,"""Because Tillerson has been act upon assiduously to turn out the staff of the State Department ."""
2,4,44.0,6,"""Because Tillerson has been working assiduously to turn off the stave of the State Department ."""
2,4,44.0,7,"""He wants to tailor the State Department stave by 8 % ."""
2,4,44.0,7,"""He desire to bring down the State Department staff by 8 % ."""
2,4,44.0,7,"""He require to trim the State Department staff by 8 % ."""
2,4,44.0,7,"""He wants to switch off the State Department faculty by 8 % ."""
2,4,44.0,8,"""liberalist are horrified ."""
2,4,44.0,8,"""liberal are horrified ."""
2,4,44.0,9,"""They do n't have the faintest idea how many people should be work at the State Department ."""
2,4,44.0,9,"""They do n't have the faintest idea how many citizenry should be working at the State Department ."""
2,4,44.0,9,"""They do n't throw the faintest approximation how many people should be working at the State Department ."""
2,4,44.0,9,"""They do n't have the faintest idea how many people should be working at the State Department ."""
2,4,44.0,10,"""All they know is that however many there are , there should n't be few ."""
2,4,44.0,10,"""All they know is that however many there follow , there should n't be few ."""
2,4,44.0,10,"""All they screw is that however many there live , there should n't be fewer ."""
2,4,44.0,11,"""Even worse , Tillerson has n't filled many senior political perspective at the State Department , and he 's been criticized for not consulting with the staff there - he makes them feel unimportant !"""
2,4,44.0,11,"""Even worse , Tillerson has n't filled many senior political positions at the State Department , and he 's been criticized for not consulting with the staff there - he makes them feel unimportant !"""
2,4,44.0,11,"""Even worse , Tillerson has n't filled many senior political post at the State Department , and he 's been criticized for not look up with the staff there - he makes them feel unimportant !"""
2,4,44.0,11,"""Even worsened , Tillerson has n't filled many senior political positions at the State Department , and he 's been criticized for not consulting with the staff there - he makes them feel insignificant !"""
2,4,44.0,12,"""The media are full of chronicle of the "" understaffed "" State Department ."""
2,4,44.0,12,"""The spiritualist are full of stories of the "" understaffed "" State Department ."""
2,4,44.0,12,"""The medium are full of stories of the "" understaffed "" State Department ."""
2,4,44.0,12,"""The culture medium are full of narrative of the "" understaffed "" State Department ."""
2,4,44.0,13,"""Vox says the understaffed State Department prepare the situation with North Korea more dangerous ."""
2,4,44.0,13,"""Vox enunciate the understaffed State Department makes the situation with North Korea more unsafe ."""
2,4,44.0,13,"""Vox suppose the understaffed State Department makes the situation with North Korea more unsafe ."""
2,4,44.0,13,"""Vox says the understaffed State Department makes the state of affairs with North Korea more unsafe ."""
2,4,44.0,14,"""We need a fully staff State Department to "" make high - level affirmation . """
2,4,44.0,14,"""We need a fully staff State Department to "" crap high - level statements . """
2,4,44.0,14,"""We need a fully staffed State Department to "" cause high - level statement . """
2,4,44.0,14,"""We need a fully staffed State Department to "" make up high - level statements . """
2,4,44.0,15,"""Or coif we ?"""
2,4,44.0,15,"""Or dress we ?"""
2,4,44.0,15,"""Or exercise we ?"""
2,4,44.0,15,"""Or set we ?"""
2,4,44.0,16,"""But in the like clause , Vox , incredibly , admits that perhaps the State Department just does n't matter :"""
2,4,44.0,16,"""But in the same article , Vox , incredibly , accept that perhaps the State Department just does n't weigh :"""
2,4,44.0,16,"""But in the same article , Vox , incredibly , acknowledge that perhaps the State Department just does n't weigh :"""
2,4,44.0,17,"""Here 's another great quotation mark from the WaPo where in one sentence it also says the understaffing will have a terrible effect - and no effect at all !"""
2,4,44.0,17,"""Here 's another great quote from the WaPo where in one sentence it also order the understaffing will have a terrible force - and no force at all !"""
2,4,44.0,17,"""Here 's another great quote from the WaPo where in one condemnation it also says the understaffing will have a terrible effect - and no effect at all !"""
2,4,44.0,17,"""Here 's another great quote from the WaPo where in one sentence it also state the understaffing will have a terrible effect - and no effect at all !"""
2,4,44.0,18,"""Many at the State Department suffer nothing to make out ."""
2,4,44.0,18,"""many at the State Department have nothing to answer ."""
2,4,44.0,18,"""many at the State Department have nothing to exercise ."""
2,4,44.0,18,"""many at the State Department give birth nothing to do ."""
2,4,44.0,19,"""Some try to conduct policy meetings just to keep on the muscle memory and focus , but , said another department employee , "" in the last couple months , it 's been a lot more than sitting around and going home earlier than usual . """
2,4,44.0,19,"""Some try to conduct policy meetings just to retain the muscle memory and focus , but , said another department employee , "" in the last couple month , it 's been a lot more sitting around and going home earlier than usual . """
2,4,44.0,19,"""Some try to conduct policy meetings just to retain the muscle memory and focus , but , said another section employee , "" in the last dyad months , it 's been a lot more sitting around and going home earlier than usual . """
2,4,44.0,19,"""Some try to conduct policy meetings just to continue the muscle memory and focus , but , said another department employee , "" in the last couple calendar month , it 's been a lot more sitting around and going home earlier than usual . """
2,4,45.0,t,"""U.S. Will spill To North Korea ' Until The First Bomb Drops , ' Rex Tillerson aver"""
2,4,45.0,t,"""U.S. Will spill To North Korea ' Until The First Bomb Drops , ' Rex Tillerson pronounce"""
2,4,45.0,t,"""U.S. Will sing To North Korea ' Until The First Bomb Drops , ' Rex Tillerson articulate"""
2,4,45.0,t,"""U.S. Will verbalize To North Korea ' Until The First Bomb Drops , ' Rex Tillerson enunciate"""
2,4,45.0,0,"""Secretary of State Rex Tillerson told world loss leader on Tuesday that the U.S. will seek diplomacy with North Korea "" until the first bomb drop . """
2,4,45.0,0,"""Secretary of State Rex Tillerson told public leaders on Tuesday that the U.S. will seek diplomacy with North Korea "" until the first bomb drops . """
2,4,45.0,0,"""Secretary of State Rex Tillerson told world leaders on Tuesday that the U.S. will seek diplomacy with North Korea "" until the first bomb bead . """
2,4,45.0,0,"""Secretary of State Rex Tillerson distinguish world leaders on Tuesday that the U.S. will try diplomacy with North Korea "" until the first bomb drops . """
2,4,45.0,1,"""Tillerson reiterated his long - held stance in speaking before the Atlantic Council Korea Foundation Forum , but also sound out that Defense Secretary James Mattis is prepared for state of war if it comes to it ."""
2,4,45.0,1,"""Tillerson retell his long - obligate stance in speaking before the Atlantic Council Korea Foundation Forum , but also said that Defense Secretary James Mattis is prepared for war if it comes to it ."""
2,4,45.0,1,"""Tillerson reiterated his long - held posture in speaking before the Atlantic Council Korea Foundation Forum , but also said that Defense Secretary James Mattis is make for war if it comes to it ."""
2,4,45.0,1,"""Tillerson reiterated his long - concord position in speaking before the Atlantic Council Korea Foundation Forum , but also said that Defense Secretary James Mattis is prepared for war if it comes to it ."""
2,4,45.0,2,""" As I 've told people many times , I will continue our diplomatic efforts until the first bomb calorimeter bead , "" Tillerson said , according to The Hill ."""
2,4,45.0,2,""" As I 've told people many times , I will stay on our diplomatic efforts until the first bomb drops , "" Tillerson articulate , according to The Hill ."""
2,4,45.0,2,""" As I 've say people many times , I will continue our diplomatic efforts until the first bomb dip , "" Tillerson said , according to The Hill ."""
2,4,45.0,2,""" As I 've told hoi polloi many times , I will continue our diplomatic efforts until the first bomb drops , "" Tillerson say , according to The Hill ."""
2,4,45.0,3,""" I 'm confident that we 're travel to be successful , but I 'm also confident that Secretary Mattis will be successful if it ends up being his turn . """
2,4,45.0,3,""" I 'm confident that we 're going to be successful , but I 'm also confident that Secretary Mattis will be successful if it ends up being his good turn . """
2,4,45.0,3,""" I 'm confident that we 're going to be successful , but I 'm also confident that Secretary Mattis will be successful if it finish up being his turn . """
2,4,45.0,3,""" I 'm confident that we 're move to be successful , but I 'm also confident that Secretary Mattis will be successful if it ends up being his spell . """
2,4,45.0,5,"""Tillerson said the U.S. demand North Korea to get along to the table for a conversation ."""
2,4,45.0,5,"""Tillerson said the U.S. needs North Korea to number to the table for a conversation ."""
2,4,45.0,5,"""Tillerson enounce the U.S. needs North Korea to come to the board for a conversation ."""
2,4,45.0,5,"""Tillerson said the U.S. needs North Korea to get along to the table for a conversation ."""
2,4,45.0,6,""" We 're ready to talk any time they 'd wish to talk , "" he order ."""
2,4,45.0,6,""" We 're ready to babble out any meter they 'd like to babble out , "" he said ."""
2,4,45.0,6,""" We 're ready to talk any time they 'd wish to talk , "" he articulate ."""
2,4,45.0,6,""" We 're ready to verbalize any sentence they 'd like to verbalize , "" he said ."""
2,4,45.0,7,""" In the meantime , our military preparedness is stiff . """
2,4,45.0,7,""" In the meantime , our military readiness is strong . """
2,4,45.0,7,""" In the lag , our military preparedness is potent . """
2,4,45.0,7,""" In the lag , our military preparation is strong . """
2,4,45.0,8,"""The secretary of state explained that President Donald Trump has regularize military planners to have a "" full grasp of contingencies available "" and that they are ready for action ."""
2,4,45.0,8,"""The secretary of state explained that President Donald Trump has ordain military planners to have a "" full range of contingencies available "" and that they are ready for action ."""
2,4,45.0,8,"""The secretary of state explained that President Donald Trump has ordered military planners to have a "" full range of contingencies available "" and that they are ready for action ."""
2,4,45.0,9,"""Tillerson 's speech came as the U.S. , South Korea and Japan wrapped up the second day of missile - trailing drills in the waters between the Korean Peninsula and Japan ."""
2,4,45.0,9,"""Tillerson 's oral communication came as the U.S. , South Korea and Japan wrapped up the second day of missile - tracking drills in the waters between the Korean Peninsula and Japan ."""
2,4,45.0,9,"""Tillerson 's words came as the U.S. , South Korea and Japan wrapped up the second day of missile - tracking drills in the waters between the Korean Peninsula and Japan ."""
2,4,45.0,9,"""Tillerson 's speech get as the U.S. , South Korea and Japan wrapped up the second day of missile - tracking practice session in the waters between the Korean Peninsula and Japan ."""
2,4,45.0,10,"""They were the first trilateral anti - missile exercises the allies have conducted since North Korea launched its most powerful Eruca vesicaria sativa yet on November 29 , which it reported was capable of reaching anywhere in the U.S. mainland ."""
2,4,45.0,10,"""They were the first trilateral anti - missile exercises the allies have conducted since North Korea launched its most powerful rocket yet on November 29 , which it reported was capable of attain anywhere in the U.S. mainland ."""
2,4,45.0,10,"""They were the first trilateral anti - missile exercises the allies have conducted since North Korea launched its most powerful rocket yet on November 29 , which it reported was capable of reaching anywhere in the U.S. mainland ."""
2,4,45.0,10,"""They were the first trilateral anti - missile exercises the allies have deport since North Korea launched its most powerful projectile yet on November 29 , which it reported was capable of reaching anywhere in the U.S. mainland ."""
2,4,45.0,11,"""The missile , called Hwasong-15 , "" went higher , frankly , than any previous barb they 've taken , "" Mattis tell after the test ."""
2,4,45.0,11,"""The projectile , called Hwasong-15 , "" went higher , frankly , than any previous shot they 've taken , "" Mattis said after the test ."""
2,4,45.0,11,"""The projectile , called Hwasong-15 , "" went higher , frankly , than any previous shot they 've taken , "" Mattis said after the tryout ."""
2,4,45.0,11,"""The missile , called Hwasong-15 , "" went high , frankly , than any previous shot they 've hire , "" Mattis said after the test ."""
2,4,45.0,12,""" The bottom line is it is a continued attempt to build a ballistic projectile threat that endangers world peace , regional peace and certainly the United States . """
2,4,45.0,12,""" The bottom line is it is a continued sweat to build a ballistic missile threat that endangers world serenity , regional serenity and certainly the United States . """
2,4,45.0,12,""" The bottom line is it is a continued effort to build a ballistic projectile threat that endangers world peace , regional peace and certainly the United States . """
2,4,45.0,12,""" The bottom line is it is a continued effort to build up a ballistic missile threat that endangers worldly concern peace , regional peace and certainly the United States . """
2,4,45.0,13,"""Last workweek , the U.S. and South Korea ran a big - scale joint aerial exercise called Vigilant Ace that involved more than 230 aircraft preparing for a military attack on the North ."""
2,4,45.0,13,"""last week , the U.S. and South Korea ran a large - scale joint aerial exercise called Vigilant Ace that involved more than 230 aircraft develop for a military attack on the North ."""
2,4,45.0,13,"""Last week , the U.S. and South Korea ran a big - scale joint aerial utilization called Vigilant Ace that involved more than 230 aircraft preparing for a military attack on the North ."""
2,4,45.0,13,"""Last week , the U.S. and South Korea ran a large - scale joint aerial exercise called Vigilant Ace that involved more than 230 aircraft develop for a military attack on the North ."""
2,4,45.0,14,"""The show of power heightened tensions in the region , with Pyongyang blame Trump for causing "" a flare pass - up . """
2,4,45.0,14,"""The show of powerfulness compound tensions in the region , with Pyongyang blaming Trump for causing "" a flare - up . """
2,4,45.0,14,"""The show of power deepen tensions in the region , with Pyongyang blaming Trump for causing "" a flair - up . """
2,4,45.0,14,"""The show of exponent heightened tensions in the region , with Pyongyang blaming Trump for causing "" a flash - up . """
2,4,45.0,15,"""North Korea 's Committee for the Peaceful Reunification of the Country called Trump "" insane "" and stated that the aerial exercise would "" push the already acute situation on the Korean Peninsula to the brink of nuclear war . """
2,4,45.0,15,"""North Korea 's Committee for the Peaceful Reunification of the Country called Trump "" insane "" and stated that the aerial drills would "" push the already acute situation on the Korean Peninsula to the brink of nuclear warfare . """
2,4,45.0,15,"""North Korea 's Committee for the Peaceful Reunification of the Country called Trump "" insane "" and stated that the aerial drills would "" push the already acute situation on the Korean Peninsula to the brink of nuclear war . """
2,4,45.0,15,"""North Korea 's Committee for the Peaceful Reunification of the Country called Trump "" insane "" and stated that the aerial drills would "" push the already acute situation on the Korean Peninsula to the brink of atomic war . """
2,4,45.0,16,"""North Korea leader Kim Jong Un has repeatedly said that he has no intention to denuclearize as the U.S. has demanded , and will continue establish up the nation 's nuclear and projectile arsenal ."""
2,4,45.0,16,"""North Korea leader Kim Jong Un has repeatedly said that he has no aim to denuclearize as the U.S. has demanded , and will persist in building up the nation 's nuclear and missile arsenal ."""
2,4,45.0,16,"""North Korea leader Kim Jong Un has repeatedly aver that he has no intention to denuclearize as the U.S. has demanded , and will continue building up the Carry Nation 's nuclear and missile arsenal ."""
2,4,45.0,16,"""North Korea leader Kim Jong Un has repeatedly enunciate that he has no intention to denuclearize as the U.S. has involve , and will continue building up the nation 's nuclear and missile arsenal ."""
2,4,45.0,17,"""After Trump in September menace to "" totally destroy "" the regime if provoked , Kim responded , "" The route I chose is correct and that is the one I have to follow to the last . """
2,4,45.0,17,"""After Trump in September peril to "" totally destroy "" the authorities if provoked , Kim responded , "" The path I chose is correct and that is the one I have to follow to the last . """
2,4,45.0,17,"""After Trump in September threatened to "" totally destroy "" the regime if provoked , Kim react , "" The path I chose is right and that is the one I have to follow to the last . """
2,4,45.0,17,"""After Trump in September peril to "" totally demolish "" the regime if provoked , Kim responded , "" The path I chose is correct and that is the one I have to follow to the last . """
1,4,46.0,t,"""North Korea and U.S. are match for public lecture"""
1,4,46.0,t,"""North Korea and U.S. are fulfil for lecture"""
1,4,46.0,t,"""North Korea and U.S. are encounter for talk of the town"""
1,4,46.0,t,"""North Korea and U.S. are see for dialogue"""
1,4,46.0,0,"""The United States had previously bear that they would not absorb in talks with the Democratic People 's Republic of Korea ( DPRK ) unless certain conditions were met ."""
1,4,46.0,0,"""The United States had previously check that they would not engage in talks with the Democratic People 's Republic of Korea ( DPRK ) unless certain atmospheric condition were met ."""
1,4,46.0,0,"""The United States had previously halt that they would not engage in talks with the Democratic People 's Republic of Korea ( DPRK ) unless certain conditions were play ."""
1,4,46.0,0,"""The United States had previously held that they would not engage in talking with the Democratic People 's Republic of Korea ( DPRK ) unless certain consideration were met ."""
1,4,46.0,1,"""President Trump has held that North Korea must match to denuclearization before talks could embark on , reiterating this position in November 's diplomatic visit to Asia ."""
1,4,46.0,1,"""President Trump has held that North Korea must agree to denuclearization before talks could commence , reiterating this position in November 's diplomatical visit to Asia ."""
1,4,46.0,1,"""President Trump has held that North Korea must agree to denuclearization before talks could get , repeat this position in November 's diplomatic visit to Asia ."""
1,4,46.0,1,"""President Trump has held that North Korea must agree to denuclearization before dialogue could commence , reiterating this position in November 's diplomatical visit to Asia ."""
1,4,46.0,2,"""Until today , Secretary of State Rex Tillerson had resound this stance ."""
1,4,46.0,2,"""Until today , Secretary of State Rex Tillerson had echoed this position ."""
1,4,46.0,2,"""Until today , Secretary of State Rex Tillerson had echoed this posture ."""
1,4,46.0,2,"""Until today , Secretary of State Rex Tillerson had echo this stance ."""
1,4,46.0,3,"""Today , Tillerson , surprised the world by changing the United States ' stance on diplomatical talks with the isolationistic dictatorship ."""
1,4,46.0,3,"""Today , Tillerson , surprised the world by alter the United States ' position on diplomatic talks with the isolationist dictatorship ."""
1,4,46.0,3,"""today , Tillerson , surprised the world by changing the United States ' posture on diplomatic talks with the isolationist dictatorship ."""
1,4,46.0,3,"""Today , Tillerson , surprised the world by changing the United States ' position on diplomatic talk with the isolationist dictatorship ."""
1,4,46.0,4,"""Appearing before the Atlantic Council Korea Foundation Forum , Tillerson said , "" [ W]e're ready to have the first meeting without precondition . """
1,4,46.0,4,"""come along before the Atlantic Council Korea Foundation Forum , Tillerson said , "" [ W]e're ready to have the first meeting without precondition . """
1,4,46.0,4,"""look before the Atlantic Council Korea Foundation Forum , Tillerson said , "" [ W]e're ready to experience the first meeting without precondition . """
1,4,46.0,4,"""Appearing before the Atlantic Council Korea Foundation Forum , Tillerson said , "" [ W]e're ready to have the first meeting without condition . """
1,4,46.0,5,"""The Secretary of State survive on to aver , "" We can at least sit down and see each other face to face ."""
1,4,46.0,5,"""The Secretary of State went on to say , "" We can at least sit down and control each other face to face ."""
1,4,46.0,5,"""The Secretary of State die on to say , "" We can at least sit down and see each other face to face ."""
1,4,46.0,5,"""The Secretary of State give out on to say , "" We can at least sit down and see each other side to side ."""
1,4,46.0,6,"""And then we can start to lay out a map , a roadmap , of what we might be willing to puzzle out towards We need the DPRK to come to the table for talks ."""
1,4,46.0,6,"""And then we can begin to lay out a map , a roadmap , of what we might be willing to work towards We need the DPRK to do to the mesa for talks ."""
1,4,46.0,6,"""And then we can begin to lay out a map , a roadmap , of what we might be willing to work towards We require the DPRK to descend to the table for talks ."""
1,4,46.0,6,"""And then we can begin to lay out a mathematical function , a roadmap , of what we might be willing to figure out towards We need the DPRK to come to the table for talks ."""
1,4,46.0,7,"""We 're ready to sing any metre they 'd like to sing . """
1,4,46.0,7,"""We 're ready to talk any clock time they 'd like to talk . """
1,4,46.0,7,"""We 're ready to speak any time they 'd wish to speak . """
1,4,46.0,7,"""We 're ready to utter any sentence they 'd like to utter . """
1,4,46.0,8,"""Tillerson 's new position comes at a time when the media has been wildly speculating about a rift between the Secretary of State and President Trump , with many news outlets claiming the Secretary of State is about to see a pink slip ."""
1,4,46.0,8,"""Tillerson 's new position comes at a sentence when the media has been wildly speculating about a rift between the Secretary of State and President Trump , with many news outlets claiming the Secretary of State is about to see a pink slip ."""
1,4,46.0,8,"""Tillerson 's new position comes at a time when the media has been wildly speculating about a severance between the Secretary of State and President Trump , with many news outlets claiming the Secretary of State is about to realise a pink slip ."""
1,4,46.0,9,"""In his actor's line , Tillerson seemed to imply that President Trump also backs his military position , saying , "" It 's not realistic to say ' we 're only going to talk if you come to the table ready to give up your program . '"""
1,4,46.0,9,"""In his speech , Tillerson seemed to imply that President Trump also backs his position , saying , "" It 's not realistic to say ' we 're only going to mouth if you come to the tabular array ready to give up your program . '"""
1,4,46.0,9,"""In his speech , Tillerson seemed to imply that President Trump also backs his position , articulate , "" It 's not realistic to say ' we 're only depart to talk if you come to the table ready to give up your program . '"""
1,4,46.0,9,"""In his manner of speaking , Tillerson seemed to imply that President Trump also backs his position , saying , "" It 's not realistic to say ' we 're only going to talk if you come to the mesa ready to give up your program . '"""
1,4,46.0,11,"""And the chair is very realistic about that as well . """
1,4,46.0,11,"""And the chairman is very realistic about that as well . """
1,4,46.0,11,"""And the Chief Executive is very realistic about that as well . """
1,4,46.0,11,"""And the prexy is very realistic about that as well . """
1,4,46.0,12,"""Despite the willingness to reach a diplomatic root , the Secretary of State did not step down the stance of the United States , insisting that North Korea must be willing to consider denuclearization ."""
1,4,46.0,12,"""Despite the willingness to reach a diplomatic solution , the Secretary of State did not weaken the posture of the United States , insisting that North Korea must be willing to see denuclearization ."""
1,4,46.0,12,"""Despite the willingness to reach a diplomatic solution , the Secretary of State did not weaken the stance of the United States , take a firm stand that North Korea must be willing to consider denuclearization ."""
1,4,46.0,12,"""Despite the willingness to extend to a diplomatic solution , the Secretary of State did not weaken the posture of the United States , insisting that North Korea must be willing to consider denuclearization ."""
1,4,46.0,13,"""While punctuate his desire for diplomatical relations , Tillerson also stressed the willingness of the current administration to seek military intervention if necessary , saying , "" As I 've told people many times , I will continue our diplomatical efforts"""
1,4,46.0,13,"""While emphasizing his desire for diplomatic relations , Tillerson also stressed the willingness of the current administration to seek military intervention if necessary , aver , "" As I 've told people many times , I will continue our diplomatic try"""
1,4,46.0,13,"""While emphasizing his desire for diplomatic relations , Tillerson also stressed the willingness of the current administration to seek military intervention if necessary , saying , "" As I 've told people many times , I will stay our diplomatic efforts"""
1,4,46.0,13,"""While emphasizing his desire for diplomatic relations , Tillerson also stressed the willingness of the current administration to seek military intervention if necessary , saying , "" As I 've differentiate people many prison term , I will continue our diplomatic efforts"""
1,4,46.0,14,"""I 'm confident that we 're gon na be successful ."""
1,4,46.0,15,"""But I 'm also confident that Secretary Mattis will be successful if it ends up being his turn . """
1,4,46.0,15,"""But I 'm also confident that Secretary Mattis will be successful if it ends up being his bout . """
1,4,46.0,15,"""But I 'm also confident that Secretary Mattis will be successful if it ends up being his tour . """
1,4,46.0,15,"""But I 'm also confident that Secretary Mattis will be successful if it cease up being his turn . """
1,4,46.0,16,"""Tillerson also accent his partnership with Secretary Mattis ."""
1,4,46.0,16,"""Tillerson also stress his partnership with Secretary Mattis ."""
1,4,46.0,16,"""Tillerson also underscore his partnership with Secretary Mattis ."""
1,4,46.0,16,"""Tillerson also emphasize his partnership with Secretary Mattis ."""
1,4,46.0,17,"""The change in position comes on the dog of Pyongyang 's most successful missile test to date ."""
1,4,46.0,17,"""The change in position comes on the heels of Pyongyang 's most successful projectile test to appointment ."""
1,4,46.0,17,"""The modification in position make out on the heels of Pyongyang 's most successful missile test to date ."""
1,4,46.0,17,"""The change in position do on the heels of Pyongyang 's most successful missile examination to date ."""
1,4,46.0,18,"""The Hwasong-15 missile that was set up November 29th is believed to lay the entire continental United States within the range of the North Korea 's nuclear weapons ."""
1,4,46.0,18,"""The Hwasong-15 missile that was launched November 29th is believed to set up the entire continental United States within the range of the North Korea 's nuclear weapons ."""
1,4,46.0,18,"""The Hwasong-15 missile that was launched November 29th is believed to put the entire Continental United States within the range of the North Korea 's nuclear weapons ."""
1,4,46.0,18,"""The Hwasong-15 missile that was launched November 29th is believed to place the entire continental United States within the range of the North Korea 's nuclear weapon ."""
1,4,46.0,19,"""If these estimates are true , the Hwasong-15 test serves as a major turning point in US / DPRK telling , as well as in the nuclear arena overall ."""
1,4,46.0,19,"""If these estimates are true , the Hwasong-15 test serves as a major turn point in US / DPRK sex act , as well as in the nuclear arena overall ."""
1,4,46.0,19,"""If these appraisal are true , the Hwasong-15 test serves as a major turning point in US / DPRK relations , as well as in the nuclear domain overall ."""
1,4,46.0,19,"""If these estimates are true , the Hwasong-15 tryout serves as a major turning point in US / DPRK relations , as well as in the nuclear arena overall ."""
