id_event,id_article,article_bias,id_sentence,sentence_text,bias_score
1,1.0,1,t,Dan Johnson suicide: Lawmaker accused of molesting teen killed himself. His widow calls it a 'high-tech lynching.',0
1,1.0,1,0,LOUISVILLE - Dan Johnson posted a final message on Facebook to his friends and family on Wednesday afternoon.,1
1,1.0,1,1,It appeared to be a goodbye.,1
1,1.0,1,2,"In it, he denied the accusations that had tormented him and his family for the past 48 hours - that he, a Kentucky state representative and the self-proclaimed ""Pope"" of his Louisville church - had gotten drunk and molested a 17-year-old girl during ",0
1,1.0,1,3,"""GOD knows the truth, nothing is the way they make it out to be,"" he wrote in the since-deleted post.",0
1,1.0,1,4,"""I cannot handle it any longer .",0
1,1.0,1,5,"BUT HEAVEN IS MY HOME.""",0
1,1.0,1,6,"Johnson then drove to a graffiti-covered bridge outside of Mount Washington, Ky., a quiet and isolated spot called the River Bottoms.",0
1,1.0,1,7,"He parked, got out of his car, and shot himself with a .40-caliber handgun, according to Bullitt County Sheriff Donnie Tinnell.",0
1,1.0,1,8,"The apparent suicide of a well-known local Republican here was another dark and dramatic turn in the nation's recent reckoning with sexual assault and harassment, with near-daily revelations about powerful men leading to sudden falls from positions o",0
1,1.0,1,9,"Many of those cases have led to denials, resignations, apologies; though Johnson denied the allegations, some believe they pushed him over the edge.",0
1,1.0,1,10,"Johnson's wife, Rebecca, announced Thursday that she plans to replace him in the state legislature.",0
1,1.0,1,11,"She spent the day at a funeral home arranging her husband's service, consoling her relatives and continuing to do what she does best - fighting for her family, said David Adams, a family friend and spokesman.",1
1,1.0,1,12,"""Dan is gone but the story of his life is far from over,"" Rebecca Johnson said through Adams.",0
1,1.0,1,13,"""These high-tech lynchings based on lies and half-truths can't be allowed to win the day.",1
1,1.0,1,14,"I've been fighting behind my husband for 30 years and his fight will go on.""",1
1,1.0,1,15,"Johnson's death shook his family, friends, constituents and members of his church, with Kentucky's political elite immediately expressing their sadness.",0
1,1.0,1,16,Gov.,0
1,1.0,1,17,"Matt Bevin (R) wrote on Twitter: ""My heart breaks for his family   May God indeed shed His grace on us all"" and Sen. Rand Paul (R-Ky.) said in a tweet: ""I cannot imagine his pain or the heartbreak his family is dealing with.""",1
1,1.0,1,18,"[White House urges Roy Moore to concede, as supporters look for evidence of 'voter fraud']",0
1,1.0,1,19,"The tumult began Monday, when the Kentucky Center for Investigative Reporting published allegations that Johnson sexually assaulted his daughter's friend during a sleepover in 2013.",1
1,1.0,3,t,Dan Johnson suicide: Lawmaker accused of molesting teen killed himself. His widow calls it a 'high-tech lynching.',1
1,1.0,3,0,LOUISVILLE - Dan Johnson posted a final message on Facebook to his friends and family on Wednesday afternoon.,0
1,1.0,3,1,It appeared to be a goodbye.,1
1,1.0,3,2,"In it, he denied the accusations that had tormented him and his family for the past 48 hours - that he, a Kentucky state representative and the self-proclaimed ""Pope"" of his Louisville church - had gotten drunk and molested a 17-year-old girl during ",1
1,1.0,3,3,"""GOD knows the truth, nothing is the way they make it out to be,"" he wrote in the since-deleted post.",1
1,1.0,3,4,"""I cannot handle it any longer .",0
1,1.0,3,5,"BUT HEAVEN IS MY HOME.""",1
1,1.0,3,6,"Johnson then drove to a graffiti-covered bridge outside of Mount Washington, Ky., a quiet and isolated spot called the River Bottoms.",1
1,1.0,3,7,"He parked, got out of his car, and shot himself with a .40-caliber handgun, according to Bullitt County Sheriff Donnie Tinnell.",1
1,1.0,3,8,"The apparent suicide of a well-known local Republican here was another dark and dramatic turn in the nation's recent reckoning with sexual assault and harassment, with near-daily revelations about powerful men leading to sudden falls from positions o",1
1,1.0,3,9,"Many of those cases have led to denials, resignations, apologies; though Johnson denied the allegations, some believe they pushed him over the edge.",0
1,1.0,3,10,"Johnson's wife, Rebecca, announced Thursday that she plans to replace him in the state legislature.",1
1,1.0,3,11,"She spent the day at a funeral home arranging her husband's service, consoling her relatives and continuing to do what she does best - fighting for her family, said David Adams, a family friend and spokesman.",1
1,1.0,3,12,"""Dan is gone but the story of his life is far from over,"" Rebecca Johnson said through Adams.",1
1,1.0,3,13,"""These high-tech lynchings based on lies and half-truths can't be allowed to win the day.",1
1,1.0,3,14,"I've been fighting behind my husband for 30 years and his fight will go on.""",1
1,1.0,3,15,"Johnson's death shook his family, friends, constituents and members of his church, with Kentucky's political elite immediately expressing their sadness.",0
1,1.0,3,16,Gov.,1
1,1.0,3,17,"Matt Bevin (R) wrote on Twitter: ""My heart breaks for his family   May God indeed shed His grace on us all"" and Sen. Rand Paul (R-Ky.) said in a tweet: ""I cannot imagine his pain or the heartbreak his family is dealing with.""",1
1,1.0,3,18,"[White House urges Roy Moore to concede, as supporters look for evidence of 'voter fraud']",1
1,1.0,3,19,"The tumult began Monday, when the Kentucky Center for Investigative Reporting published allegations that Johnson sexually assaulted his daughter's friend during a sleepover in 2013.",1
1,1.0,3,t,Dan Johnson suicide: Lawmaker accused of molesting teen killed himself. His widow calls it a 'high-tech lynching.',1
1,1.0,3,0,LOUISVILLE - Dan Johnson posted a final message on Facebook to his friends and family on Wednesday afternoon.,0
1,1.0,3,1,It appeared to be a goodbye.,1
1,1.0,3,2,"In it, he denied the accusations that had tormented him and his family for the past 48 hours - that he, a Kentucky state representative and the self-proclaimed ""Pope"" of his Louisville church - had gotten drunk and molested a 17-year-old girl during ",1
1,1.0,3,3,"""GOD knows the truth, nothing is the way they make it out to be,"" he wrote in the since-deleted post.",1
1,1.0,3,4,"""I cannot handle it any longer .",0
1,1.0,3,5,"BUT HEAVEN IS MY HOME.""",0
1,1.0,3,6,"Johnson then drove to a graffiti-covered bridge outside of Mount Washington, Ky., a quiet and isolated spot called the River Bottoms.",0
1,1.0,3,7,"He parked, got out of his car, and shot himself with a .40-caliber handgun, according to Bullitt County Sheriff Donnie Tinnell.",0
1,1.0,3,8,"The apparent suicide of a well-known local Republican here was another dark and dramatic turn in the nation's recent reckoning with sexual assault and harassment, with near-daily revelations about powerful men leading to sudden falls from positions o",1
1,1.0,3,9,"Many of those cases have led to denials, resignations, apologies; though Johnson denied the allegations, some believe they pushed him over the edge.",1
1,1.0,3,10,"Johnson's wife, Rebecca, announced Thursday that she plans to replace him in the state legislature.",0
1,1.0,3,11,"She spent the day at a funeral home arranging her husband's service, consoling her relatives and continuing to do what she does best - fighting for her family, said David Adams, a family friend and spokesman.",0
1,1.0,3,12,"""Dan is gone but the story of his life is far from over,"" Rebecca Johnson said through Adams.",0
1,1.0,3,13,"""These high-tech lynchings based on lies and half-truths can't be allowed to win the day.",1
1,1.0,3,14,"I've been fighting behind my husband for 30 years and his fight will go on.""",1
1,1.0,3,15,"Johnson's death shook his family, friends, constituents and members of his church, with Kentucky's political elite immediately expressing their sadness.",1
1,1.0,3,16,Gov.,0
1,1.0,3,17,"Matt Bevin (R) wrote on Twitter: ""My heart breaks for his family   May God indeed shed His grace on us all"" and Sen. Rand Paul (R-Ky.) said in a tweet: ""I cannot imagine his pain or the heartbreak his family is dealing with.""",0
1,1.0,3,18,"[White House urges Roy Moore to concede, as supporters look for evidence of 'voter fraud']",1
1,1.0,3,19,"The tumult began Monday, when the Kentucky Center for Investigative Reporting published allegations that Johnson sexually assaulted his daughter's friend during a sleepover in 2013.",1
1,1.0,3,t,Dan Johnson suicide: Lawmaker accused of molesting teen killed himself. His widow calls it a 'high-tech lynching.',1
1,1.0,3,0,LOUISVILLE - Dan Johnson posted a final message on Facebook to his friends and family on Wednesday afternoon.,0
1,1.0,3,1,It appeared to be a goodbye.,0
1,1.0,3,2,"In it, he denied the accusations that had tormented him and his family for the past 48 hours - that he, a Kentucky state representative and the self-proclaimed ""Pope"" of his Louisville church - had gotten drunk and molested a 17-year-old girl during ",1
1,1.0,3,3,"""GOD knows the truth, nothing is the way they make it out to be,"" he wrote in the since-deleted post.",0
1,1.0,3,4,"""I cannot handle it any longer .",0
1,1.0,3,5,"BUT HEAVEN IS MY HOME.""",0
1,1.0,3,6,"Johnson then drove to a graffiti-covered bridge outside of Mount Washington, Ky., a quiet and isolated spot called the River Bottoms.",0
1,1.0,3,7,"He parked, got out of his car, and shot himself with a .40-caliber handgun, according to Bullitt County Sheriff Donnie Tinnell.",0
1,1.0,3,8,"The apparent suicide of a well-known local Republican here was another dark and dramatic turn in the nation's recent reckoning with sexual assault and harassment, with near-daily revelations about powerful men leading to sudden falls from positions o",1
1,1.0,3,9,"Many of those cases have led to denials, resignations, apologies; though Johnson denied the allegations, some believe they pushed him over the edge.",0
1,1.0,3,10,"Johnson's wife, Rebecca, announced Thursday that she plans to replace him in the state legislature.",0
1,1.0,3,11,"She spent the day at a funeral home arranging her husband's service, consoling her relatives and continuing to do what she does best - fighting for her family, said David Adams, a family friend and spokesman.",0
1,1.0,3,12,"""Dan is gone but the story of his life is far from over,"" Rebecca Johnson said through Adams.",0
1,1.0,3,13,"""These high-tech lynchings based on lies and half-truths can't be allowed to win the day.",0
1,1.0,3,14,"I've been fighting behind my husband for 30 years and his fight will go on.""",0
1,1.0,3,15,"Johnson's death shook his family, friends, constituents and members of his church, with Kentucky's political elite immediately expressing their sadness.",1
1,1.0,3,16,Gov.,0
1,1.0,3,17,"Matt Bevin (R) wrote on Twitter: ""My heart breaks for his family   May God indeed shed His grace on us all"" and Sen. Rand Paul (R-Ky.) said in a tweet: ""I cannot imagine his pain or the heartbreak his family is dealing with.""",0
1,1.0,3,18,"[White House urges Roy Moore to concede, as supporters look for evidence of 'voter fraud']",0
1,1.0,3,19,"The tumult began Monday, when the Kentucky Center for Investigative Reporting published allegations that Johnson sexually assaulted his daughter's friend during a sleepover in 2013.",1
1,2.0,4,t,Kentucky lawmaker Dan Johnson killed himself after sexual assault allegations,0
1,2.0,4,0,"(CNN) A Kentucky lawmaker accused of sexually assaulting a teenage girl in 2013 killed himself Wednesday, officials say, a day after he denied the allegations.",0
1,2.0,4,1,"Republican state Rep. Dan Johnson was found dead of a single gunshot wound near Mount Washington, Bullitt County Coroner Dave Billings said.",0
1,2.0,4,2,"Johnson drove onto a bridge in a rural area southeast of Louisville, parked and shot himself in front of his car, Sheriff Donnie Tinnell told CNN affiliate WDRB",0
1,2.0,4,3,"Billings ruled Johnson's death a suicide on Thursday after an autopsy, Deputy Coroner Clayton Brunson said.",0
1,2.0,4,4,"Shortly before his death, Johnson posted a rambling message on social media, denying the sexual assault allegations and urging his family to stay strong for his wife.",0
1,2.0,4,5,"Relatives became concerned after seeing the post and reached out to law enforcement, who pinged Johnson's phone and later discovered his body, according to Billings.",0
1,2.0,4,6,Billings said he was called to the scene around 7:30 p.m.,0
1,2.0,4,7,"Authorities discovered Johnson's body in front of his truck and a 40-caliber semi-automatic handgun nearby, he said.",1
1,2.0,4,8,CNN has reached out to the Bullitt County Sheriff's Office and the Kentucky governor's office but has not heard back.,0
1,2.0,4,9,"His accuser said the alleged sexual assault took place in the early hours of New Year's Day in 2013 when she was 17, according to the center's explosive investigative report published Monday.",0
1,2.0,4,10,"The accuser, identified as Maranda Richmond, is now 21.",1
1,2.0,4,11,"She said she was staying in a living area of Louisville's Heart of Fire Church, where Johnson was pastor, when he drunkenly kissed and fondled her underneath her clothes, according to the investigative report.",0
1,2.0,4,12,"The center got its hands on police documents about the accusations and interviewed Richmond, leading to its story on how Johnson allegedly forced himself on her when she was a teenager.",0
1,2.0,4,13,"Johnson denied the allegations, a day after the center published its report, saying Richmond was motivated by his political opponents.",0
1,2.0,4,14,"""This allegation concerning this young girl absolutely has no merit,"" he said.",1
1,2.0,4,15,"""As a matter of fact, some of this I heard yesterday for the first time as I read the story.""",0
1,2.0,4,16,"The same day Johnson held a news conference, Louisville detectives reopened the investigation, according to the Kentucky Center for Investigative Reporting.",0
1,2.0,4,17,"Johnson posted a message on his Facebook page Wednesday evening, saying the accusations ""are false"" and ""only God knows the truth.""",0
1,2.0,4,18,The post appears to have been deleted.,0
1,2.0,4,19,"""GOD and only GOD knows the truth, nothing is the way they make it out to be.",0
1,2.0,3,t,Kentucky lawmaker Dan Johnson killed himself after sexual assault allegations,1
1,2.0,3,0,"(CNN) A Kentucky lawmaker accused of sexually assaulting a teenage girl in 2013 killed himself Wednesday, officials say, a day after he denied the allegations.",0
1,2.0,3,1,"Republican state Rep. Dan Johnson was found dead of a single gunshot wound near Mount Washington, Bullitt County Coroner Dave Billings said.",1
1,2.0,3,2,"Johnson drove onto a bridge in a rural area southeast of Louisville, parked and shot himself in front of his car, Sheriff Donnie Tinnell told CNN affiliate WDRB",1
1,2.0,3,3,"Billings ruled Johnson's death a suicide on Thursday after an autopsy, Deputy Coroner Clayton Brunson said.",1
1,2.0,3,4,"Shortly before his death, Johnson posted a rambling message on social media, denying the sexual assault allegations and urging his family to stay strong for his wife.",1
1,2.0,3,5,"Relatives became concerned after seeing the post and reached out to law enforcement, who pinged Johnson's phone and later discovered his body, according to Billings.",0
1,2.0,3,6,Billings said he was called to the scene around 7:30 p.m.,1
1,2.0,3,7,"Authorities discovered Johnson's body in front of his truck and a 40-caliber semi-automatic handgun nearby, he said.",1
1,2.0,3,8,CNN has reached out to the Bullitt County Sheriff's Office and the Kentucky governor's office but has not heard back.,1
1,2.0,3,9,"His accuser said the alleged sexual assault took place in the early hours of New Year's Day in 2013 when she was 17, according to the center's explosive investigative report published Monday.",1
1,2.0,3,10,"The accuser, identified as Maranda Richmond, is now 21.",0
1,2.0,3,11,"She said she was staying in a living area of Louisville's Heart of Fire Church, where Johnson was pastor, when he drunkenly kissed and fondled her underneath her clothes, according to the investigative report.",1
1,2.0,3,12,"The center got its hands on police documents about the accusations and interviewed Richmond, leading to its story on how Johnson allegedly forced himself on her when she was a teenager.",1
1,2.0,3,13,"Johnson denied the allegations, a day after the center published its report, saying Richmond was motivated by his political opponents.",1
1,2.0,3,14,"""This allegation concerning this young girl absolutely has no merit,"" he said.",1
1,2.0,3,15,"""As a matter of fact, some of this I heard yesterday for the first time as I read the story.""",1
1,2.0,3,16,"The same day Johnson held a news conference, Louisville detectives reopened the investigation, according to the Kentucky Center for Investigative Reporting.",1
1,2.0,3,17,"Johnson posted a message on his Facebook page Wednesday evening, saying the accusations ""are false"" and ""only God knows the truth.""",0
1,2.0,3,18,The post appears to have been deleted.,1
1,2.0,3,19,"""GOD and only GOD knows the truth, nothing is the way they make it out to be.",1
1,2.0,2,t,Kentucky lawmaker Dan Johnson killed himself after sexual assault allegations,1
1,2.0,2,0,"(CNN) A Kentucky lawmaker accused of sexually assaulting a teenage girl in 2013 killed himself Wednesday, officials say, a day after he denied the allegations.",0
1,2.0,2,1,"Republican state Rep. Dan Johnson was found dead of a single gunshot wound near Mount Washington, Bullitt County Coroner Dave Billings said.",1
1,2.0,2,2,"Johnson drove onto a bridge in a rural area southeast of Louisville, parked and shot himself in front of his car, Sheriff Donnie Tinnell told CNN affiliate WDRB",0
1,2.0,2,3,"Billings ruled Johnson's death a suicide on Thursday after an autopsy, Deputy Coroner Clayton Brunson said.",1
1,2.0,2,4,"Shortly before his death, Johnson posted a rambling message on social media, denying the sexual assault allegations and urging his family to stay strong for his wife.",1
1,2.0,2,5,"Relatives became concerned after seeing the post and reached out to law enforcement, who pinged Johnson's phone and later discovered his body, according to Billings.",1
1,2.0,2,6,Billings said he was called to the scene around 7:30 p.m.,0
1,2.0,2,7,"Authorities discovered Johnson's body in front of his truck and a 40-caliber semi-automatic handgun nearby, he said.",1
1,2.0,2,8,CNN has reached out to the Bullitt County Sheriff's Office and the Kentucky governor's office but has not heard back.,1
1,2.0,2,9,"His accuser said the alleged sexual assault took place in the early hours of New Year's Day in 2013 when she was 17, according to the center's explosive investigative report published Monday.",0
1,2.0,2,10,"The accuser, identified as Maranda Richmond, is now 21.",0
1,2.0,2,11,"She said she was staying in a living area of Louisville's Heart of Fire Church, where Johnson was pastor, when he drunkenly kissed and fondled her underneath her clothes, according to the investigative report.",1
1,2.0,2,12,"The center got its hands on police documents about the accusations and interviewed Richmond, leading to its story on how Johnson allegedly forced himself on her when she was a teenager.",1
1,2.0,2,13,"Johnson denied the allegations, a day after the center published its report, saying Richmond was motivated by his political opponents.",1
1,2.0,2,14,"""This allegation concerning this young girl absolutely has no merit,"" he said.",0
1,2.0,2,15,"""As a matter of fact, some of this I heard yesterday for the first time as I read the story.""",0
1,2.0,2,16,"The same day Johnson held a news conference, Louisville detectives reopened the investigation, according to the Kentucky Center for Investigative Reporting.",1
1,2.0,2,17,"Johnson posted a message on his Facebook page Wednesday evening, saying the accusations ""are false"" and ""only God knows the truth.""",0
1,2.0,2,18,The post appears to have been deleted.,1
1,2.0,2,19,"""GOD and only GOD knows the truth, nothing is the way they make it out to be.",0
1,2.0,3,t,Kentucky lawmaker Dan Johnson killed himself after sexual assault allegations,1
1,2.0,3,0,"(CNN) A Kentucky lawmaker accused of sexually assaulting a teenage girl in 2013 killed himself Wednesday, officials say, a day after he denied the allegations.",1
1,2.0,3,1,"Republican state Rep. Dan Johnson was found dead of a single gunshot wound near Mount Washington, Bullitt County Coroner Dave Billings said.",1
1,2.0,3,2,"Johnson drove onto a bridge in a rural area southeast of Louisville, parked and shot himself in front of his car, Sheriff Donnie Tinnell told CNN affiliate WDRB",0
1,2.0,3,3,"Billings ruled Johnson's death a suicide on Thursday after an autopsy, Deputy Coroner Clayton Brunson said.",1
1,2.0,3,4,"Shortly before his death, Johnson posted a rambling message on social media, denying the sexual assault allegations and urging his family to stay strong for his wife.",1
1,2.0,3,5,"Relatives became concerned after seeing the post and reached out to law enforcement, who pinged Johnson's phone and later discovered his body, according to Billings.",0
1,2.0,3,6,Billings said he was called to the scene around 7:30 p.m.,0
1,2.0,3,7,"Authorities discovered Johnson's body in front of his truck and a 40-caliber semi-automatic handgun nearby, he said.",1
1,2.0,3,8,CNN has reached out to the Bullitt County Sheriff's Office and the Kentucky governor's office but has not heard back.,0
1,2.0,3,9,"His accuser said the alleged sexual assault took place in the early hours of New Year's Day in 2013 when she was 17, according to the center's explosive investigative report published Monday.",0
1,2.0,3,10,"The accuser, identified as Maranda Richmond, is now 21.",0
1,2.0,3,11,"She said she was staying in a living area of Louisville's Heart of Fire Church, where Johnson was pastor, when he drunkenly kissed and fondled her underneath her clothes, according to the investigative report.",0
1,2.0,3,12,"The center got its hands on police documents about the accusations and interviewed Richmond, leading to its story on how Johnson allegedly forced himself on her when she was a teenager.",0
1,2.0,3,13,"Johnson denied the allegations, a day after the center published its report, saying Richmond was motivated by his political opponents.",0
1,2.0,3,14,"""This allegation concerning this young girl absolutely has no merit,"" he said.",0
1,2.0,3,15,"""As a matter of fact, some of this I heard yesterday for the first time as I read the story.""",0
1,2.0,3,16,"The same day Johnson held a news conference, Louisville detectives reopened the investigation, according to the Kentucky Center for Investigative Reporting.",0
1,2.0,3,17,"Johnson posted a message on his Facebook page Wednesday evening, saying the accusations ""are false"" and ""only God knows the truth.""",0
1,2.0,3,18,The post appears to have been deleted.,0
1,2.0,3,19,"""GOD and only GOD knows the truth, nothing is the way they make it out to be.",0
1,3.0,1,t,"Dan Johnson, Kentucky lawmaker who killed himself, claimed he raised woman from the dead",0
1,3.0,1,0,"The Kentucky preacher-turned-politician who killed himself after being accused of molesting a teenager claimed he once raised a woman ""from the dead.""",1
1,3.0,1,1,State Rep. Dan Johnson also declared that he watched the second hijacked plane slam into the World Trade Center from his hotel room and spent the next two weeks blessing bodies as they were removed from the ruins at a morgue he set up at Ground Zero.,0
1,3.0,1,2,"Johnson also boasted about being a White House chaplain for both Bush presidents and Bill Clinton, and professed to have been a peacemaker in Los Angeles during the 1992 Rodney King riots.",0
1,3.0,1,3,"These were some of the unlikely stories that ""Bishop Johnson"" posted on the web site of his Heart of Fire Church, in a rural county south of Louisville.",1
1,3.0,1,4,Those tales were largely debunked in a Kentucky Center for Investigative Reporting expose that revealed that Johnson was accused by a then 17-year-old Maranda Richmond of drunkenly sexually assaulting her on New Year's Eve 2012.,0
1,3.0,1,5,"Johnson, a 57-year-old Republican who represented mostly rural Bullitt County, denied the allegation Tuesday during a news conference at his church.",0
1,3.0,1,6,He also defied bipartisan calls for him to resign.,0
1,3.0,1,7,"""This allegation concerning this lady, this young girl, absolutely has no merit, these are unfounded accusations, totally,"" he said.",0
1,3.0,1,8,"But a little after 7 p.m. Wednesday, Johnson killed himself with a gunshot to the head, police said, about two hours after posting another strident denial on a since-deleted Facebook post in which he also wrote that post-traumatic stress disorder fro",0
1,3.0,1,9,"""I cannot handle it any longer .",1
1,3.0,1,10,"BUT HEAVEN IS MY HOME,"" he wrote.",0
1,3.0,1,11,"Not long after his death was ruled a suicide, Johnson's wife, Rebecca, who is the ""pastor"" of their church, announced Thursday that she will run for his seat and called her husband's death a ""high-tech lynching based on lies and half-truths.""",1
1,3.0,1,12,KCIP found that Johnson's claim that he had brought a dead woman back to life while serving as a missionary in South America was based on a letter written by another preacher who admitted he hadn't seen the supposed miracle and only heard about it.,0
1,3.0,1,13,"And while the Kentucky reporters found records that placed Johnson in New York City on or around 9/11, it's unlikely he watched a plane crash into one of the Twin Towers from ""The New Yorker Hotel,"" as he claimed on the web site.",0
1,3.0,1,14,"The Wyndham New Yorker Hotel is not a mile away, as Johnson wrote.",0
1,3.0,1,15,"It's about three miles north of Ground Zero, in Midtown Manhattan.",1
1,3.0,1,16,"Before his suicide, Johnson made national news during his campaign for posting racist remarks online about former President Barack Obama and Michelle Obama.",1
1,3.0,1,17,That didn't stop him from getting elected last year in an overwhelmingly white and conservative corner of Kentucky.,1
1,3.0,1,18,"Johnson claimed to have a ""doctorate of divinity"" from a Des Moines, Iowa, bible school.",0
1,3.0,1,19,The Kentucky Center for Investigative Reporting found no evidence to support that.,1
1,3.0,3,t,"Dan Johnson, Kentucky lawmaker who killed himself, claimed he raised woman from the dead",1
1,3.0,3,0,"The Kentucky preacher-turned-politician who killed himself after being accused of molesting a teenager claimed he once raised a woman ""from the dead.""",1
1,3.0,3,1,State Rep. Dan Johnson also declared that he watched the second hijacked plane slam into the World Trade Center from his hotel room and spent the next two weeks blessing bodies as they were removed from the ruins at a morgue he set up at Ground Zero.,0
1,3.0,3,2,"Johnson also boasted about being a White House chaplain for both Bush presidents and Bill Clinton, and professed to have been a peacemaker in Los Angeles during the 1992 Rodney King riots.",1
1,3.0,3,3,"These were some of the unlikely stories that ""Bishop Johnson"" posted on the web site of his Heart of Fire Church, in a rural county south of Louisville.",1
1,3.0,3,4,Those tales were largely debunked in a Kentucky Center for Investigative Reporting expose that revealed that Johnson was accused by a then 17-year-old Maranda Richmond of drunkenly sexually assaulting her on New Year's Eve 2012.,1
1,3.0,3,5,"Johnson, a 57-year-old Republican who represented mostly rural Bullitt County, denied the allegation Tuesday during a news conference at his church.",1
1,3.0,3,6,He also defied bipartisan calls for him to resign.,1
1,3.0,3,7,"""This allegation concerning this lady, this young girl, absolutely has no merit, these are unfounded accusations, totally,"" he said.",0
1,3.0,3,8,"But a little after 7 p.m. Wednesday, Johnson killed himself with a gunshot to the head, police said, about two hours after posting another strident denial on a since-deleted Facebook post in which he also wrote that post-traumatic stress disorder fro",1
1,3.0,3,9,"""I cannot handle it any longer .",1
1,3.0,3,10,"BUT HEAVEN IS MY HOME,"" he wrote.",1
1,3.0,3,11,"Not long after his death was ruled a suicide, Johnson's wife, Rebecca, who is the ""pastor"" of their church, announced Thursday that she will run for his seat and called her husband's death a ""high-tech lynching based on lies and half-truths.""",1
1,3.0,3,12,KCIP found that Johnson's claim that he had brought a dead woman back to life while serving as a missionary in South America was based on a letter written by another preacher who admitted he hadn't seen the supposed miracle and only heard about it.,1
1,3.0,3,13,"And while the Kentucky reporters found records that placed Johnson in New York City on or around 9/11, it's unlikely he watched a plane crash into one of the Twin Towers from ""The New Yorker Hotel,"" as he claimed on the web site.",0
1,3.0,3,14,"The Wyndham New Yorker Hotel is not a mile away, as Johnson wrote.",1
1,3.0,3,15,"It's about three miles north of Ground Zero, in Midtown Manhattan.",1
1,3.0,3,16,"Before his suicide, Johnson made national news during his campaign for posting racist remarks online about former President Barack Obama and Michelle Obama.",1
1,3.0,3,17,That didn't stop him from getting elected last year in an overwhelmingly white and conservative corner of Kentucky.,1
1,3.0,3,18,"Johnson claimed to have a ""doctorate of divinity"" from a Des Moines, Iowa, bible school.",1
1,3.0,3,19,The Kentucky Center for Investigative Reporting found no evidence to support that.,1
1,3.0,3,t,"Dan Johnson, Kentucky lawmaker who killed himself, claimed he raised woman from the dead",1
1,3.0,3,0,"The Kentucky preacher-turned-politician who killed himself after being accused of molesting a teenager claimed he once raised a woman ""from the dead.""",1
1,3.0,3,1,State Rep. Dan Johnson also declared that he watched the second hijacked plane slam into the World Trade Center from his hotel room and spent the next two weeks blessing bodies as they were removed from the ruins at a morgue he set up at Ground Zero.,1
1,3.0,3,2,"Johnson also boasted about being a White House chaplain for both Bush presidents and Bill Clinton, and professed to have been a peacemaker in Los Angeles during the 1992 Rodney King riots.",1
1,3.0,3,3,"These were some of the unlikely stories that ""Bishop Johnson"" posted on the web site of his Heart of Fire Church, in a rural county south of Louisville.",0
1,3.0,3,4,Those tales were largely debunked in a Kentucky Center for Investigative Reporting expose that revealed that Johnson was accused by a then 17-year-old Maranda Richmond of drunkenly sexually assaulting her on New Year's Eve 2012.,1
1,3.0,3,5,"Johnson, a 57-year-old Republican who represented mostly rural Bullitt County, denied the allegation Tuesday during a news conference at his church.",0
1,3.0,3,6,He also defied bipartisan calls for him to resign.,0
1,3.0,3,7,"""This allegation concerning this lady, this young girl, absolutely has no merit, these are unfounded accusations, totally,"" he said.",1
1,3.0,3,8,"But a little after 7 p.m. Wednesday, Johnson killed himself with a gunshot to the head, police said, about two hours after posting another strident denial on a since-deleted Facebook post in which he also wrote that post-traumatic stress disorder fro",1
1,3.0,3,9,"""I cannot handle it any longer .",0
1,3.0,3,10,"BUT HEAVEN IS MY HOME,"" he wrote.",1
1,3.0,3,11,"Not long after his death was ruled a suicide, Johnson's wife, Rebecca, who is the ""pastor"" of their church, announced Thursday that she will run for his seat and called her husband's death a ""high-tech lynching based on lies and half-truths.""",1
1,3.0,3,12,KCIP found that Johnson's claim that he had brought a dead woman back to life while serving as a missionary in South America was based on a letter written by another preacher who admitted he hadn't seen the supposed miracle and only heard about it.,0
1,3.0,3,13,"And while the Kentucky reporters found records that placed Johnson in New York City on or around 9/11, it's unlikely he watched a plane crash into one of the Twin Towers from ""The New Yorker Hotel,"" as he claimed on the web site.",1
1,3.0,3,14,"The Wyndham New Yorker Hotel is not a mile away, as Johnson wrote.",0
1,3.0,3,15,"It's about three miles north of Ground Zero, in Midtown Manhattan.",1
1,3.0,3,16,"Before his suicide, Johnson made national news during his campaign for posting racist remarks online about former President Barack Obama and Michelle Obama.",1
1,3.0,3,17,That didn't stop him from getting elected last year in an overwhelmingly white and conservative corner of Kentucky.,1
1,3.0,3,18,"Johnson claimed to have a ""doctorate of divinity"" from a Des Moines, Iowa, bible school.",0
1,3.0,3,19,The Kentucky Center for Investigative Reporting found no evidence to support that.,0
1,3.0,3,t,"Dan Johnson, Kentucky lawmaker who killed himself, claimed he raised woman from the dead",1
1,3.0,3,0,"The Kentucky preacher-turned-politician who killed himself after being accused of molesting a teenager claimed he once raised a woman ""from the dead.""",1
1,3.0,3,1,State Rep. Dan Johnson also declared that he watched the second hijacked plane slam into the World Trade Center from his hotel room and spent the next two weeks blessing bodies as they were removed from the ruins at a morgue he set up at Ground Zero.,1
1,3.0,3,2,"Johnson also boasted about being a White House chaplain for both Bush presidents and Bill Clinton, and professed to have been a peacemaker in Los Angeles during the 1992 Rodney King riots.",0
1,3.0,3,3,"These were some of the unlikely stories that ""Bishop Johnson"" posted on the web site of his Heart of Fire Church, in a rural county south of Louisville.",0
1,3.0,3,4,Those tales were largely debunked in a Kentucky Center for Investigative Reporting expose that revealed that Johnson was accused by a then 17-year-old Maranda Richmond of drunkenly sexually assaulting her on New Year's Eve 2012.,0
1,3.0,3,5,"Johnson, a 57-year-old Republican who represented mostly rural Bullitt County, denied the allegation Tuesday during a news conference at his church.",0
1,3.0,3,6,He also defied bipartisan calls for him to resign.,0
1,3.0,3,7,"""This allegation concerning this lady, this young girl, absolutely has no merit, these are unfounded accusations, totally,"" he said.",0
1,3.0,3,8,"But a little after 7 p.m. Wednesday, Johnson killed himself with a gunshot to the head, police said, about two hours after posting another strident denial on a since-deleted Facebook post in which he also wrote that post-traumatic stress disorder fro",1
1,3.0,3,9,"""I cannot handle it any longer .",0
1,3.0,3,10,"BUT HEAVEN IS MY HOME,"" he wrote.",0
1,3.0,3,11,"Not long after his death was ruled a suicide, Johnson's wife, Rebecca, who is the ""pastor"" of their church, announced Thursday that she will run for his seat and called her husband's death a ""high-tech lynching based on lies and half-truths.""",1
1,3.0,3,12,KCIP found that Johnson's claim that he had brought a dead woman back to life while serving as a missionary in South America was based on a letter written by another preacher who admitted he hadn't seen the supposed miracle and only heard about it.,0
1,3.0,3,13,"And while the Kentucky reporters found records that placed Johnson in New York City on or around 9/11, it's unlikely he watched a plane crash into one of the Twin Towers from ""The New Yorker Hotel,"" as he claimed on the web site.",0
1,3.0,3,14,"The Wyndham New Yorker Hotel is not a mile away, as Johnson wrote.",0
1,3.0,3,15,"It's about three miles north of Ground Zero, in Midtown Manhattan.",0
1,3.0,3,16,"Before his suicide, Johnson made national news during his campaign for posting racist remarks online about former President Barack Obama and Michelle Obama.",1
1,3.0,3,17,That didn't stop him from getting elected last year in an overwhelmingly white and conservative corner of Kentucky.,0
1,3.0,3,18,"Johnson claimed to have a ""doctorate of divinity"" from a Des Moines, Iowa, bible school.",0
1,3.0,3,19,The Kentucky Center for Investigative Reporting found no evidence to support that.,0
1,4.0,2,t,"Matt Bevin, Rand Paul Respond to Dan Johnson's Death",1
1,4.0,2,0,"After Kentucky State Rep. Dan Johnson died Wednesday in an apparent suicide amid allegations that he sexually assaulted a teenager, politicians in the state called for kindness and an end to ""nasty, vulgar comments"" about Johnson's death.",1
1,4.0,2,1,The allegations against Johnson surfaced in an investigation published by the Kentucky Center for Investigative Reporting.,1
1,4.0,2,2,"Maranda Richmond, who did not respond to TIME's request for comment on Thursday, told the news organization that Johnson molested her on New Year's Eve in 2012 when he was a pastor at the Heart of Fire Church.",0
1,4.0,2,3,"The Kentucky Center for Investigative Reporting said it corroborated her account with her family members, Facebook messages she sent to Johnson and notes from her therapist.",1
1,4.0,2,4,Richmond said that she reported the incident to the Louisville police in 2013.,0
1,4.0,2,5,"Police investigated the matter, but never pressed charges.",1
1,4.0,2,6,Louisville police did not immediately respond to TIME's request for comment.,0
1,4.0,2,7,"After the allegations broke, Kentucky lawmakers on both sides of the aisle called for Johnson to resign.",1
1,4.0,2,8,"At a press conference on Tuesday, Johnson denied the allegations and vowed to stay in the Kentucky House of Representatives.",1
1,4.0,2,9,He was found dead on Wednesday night.,1
1,4.0,2,10,"Paul Ham, the chairman of the Bullit County GOP, criticized the Kentucky Center for Investigative Reporting in a Thursday interview with the Washington Post.",0
1,4.0,2,11,"""The story was based on hearsay: no arrest, no conviction, no jail time,"" he said.",0
1,4.0,2,12,"""Back when the Constitution meant something, a man could stand before a jury of his peers.",0
1,4.0,2,13,"But now, it's just, 'Let's just make some accusations and run with it.'",1
1,4.0,2,14,"We're in a very bad place.""",0
1,4.0,2,15,"Others, like Republican Reps. Wesley Morgan and Jeff Hoover, seemed to echo Ham's sentiment.",1
1,4.0,2,16,"Hoover resigned as the House's Speaker last month (but kept his seat in the chamber) following allegations of sexual harassment, which he denied.",1
1,4.0,2,17,"Michael Skoler, the president of Louisville Public Media, which owns the Kentucky Center for Investigative Reporting, said that it was ""deeply sad"" over Johnson's death, but noted that Johnson had declined their numerous requests to speak about Rich",1
1,4.0,2,18,Other state lawmakers called for kindness in the wake of Johnson's death.,1
1,4.0,2,19,"On Thursday afternoon, Johnson's widow said she wanted to take his seat in the Kentucky House.",0
1,4.0,4,t,"Matt Bevin, Rand Paul Respond to Dan Johnson's Death",1
1,4.0,4,0,"After Kentucky State Rep. Dan Johnson died Wednesday in an apparent suicide amid allegations that he sexually assaulted a teenager, politicians in the state called for kindness and an end to ""nasty, vulgar comments"" about Johnson's death.",1
1,4.0,4,1,The allegations against Johnson surfaced in an investigation published by the Kentucky Center for Investigative Reporting.,1
1,4.0,4,2,"Maranda Richmond, who did not respond to TIME's request for comment on Thursday, told the news organization that Johnson molested her on New Year's Eve in 2012 when he was a pastor at the Heart of Fire Church.",1
1,4.0,4,3,"The Kentucky Center for Investigative Reporting said it corroborated her account with her family members, Facebook messages she sent to Johnson and notes from her therapist.",0
1,4.0,4,4,Richmond said that she reported the incident to the Louisville police in 2013.,1
1,4.0,4,5,"Police investigated the matter, but never pressed charges.",1
1,4.0,4,6,Louisville police did not immediately respond to TIME's request for comment.,1
1,4.0,4,7,"After the allegations broke, Kentucky lawmakers on both sides of the aisle called for Johnson to resign.",1
1,4.0,4,8,"At a press conference on Tuesday, Johnson denied the allegations and vowed to stay in the Kentucky House of Representatives.",1
1,4.0,4,9,He was found dead on Wednesday night.,0
1,4.0,4,10,"Paul Ham, the chairman of the Bullit County GOP, criticized the Kentucky Center for Investigative Reporting in a Thursday interview with the Washington Post.",1
1,4.0,4,11,"""The story was based on hearsay: no arrest, no conviction, no jail time,"" he said.",1
1,4.0,4,12,"""Back when the Constitution meant something, a man could stand before a jury of his peers.",1
1,4.0,4,13,"But now, it's just, 'Let's just make some accusations and run with it.'",1
1,4.0,4,14,"We're in a very bad place.""",1
1,4.0,4,15,"Others, like Republican Reps. Wesley Morgan and Jeff Hoover, seemed to echo Ham's sentiment.",1
1,4.0,4,16,"Hoover resigned as the House's Speaker last month (but kept his seat in the chamber) following allegations of sexual harassment, which he denied.",1
1,4.0,4,17,"Michael Skoler, the president of Louisville Public Media, which owns the Kentucky Center for Investigative Reporting, said that it was ""deeply sad"" over Johnson's death, but noted that Johnson had declined their numerous requests to speak about Rich",0
1,4.0,4,18,Other state lawmakers called for kindness in the wake of Johnson's death.,1
1,4.0,4,19,"On Thursday afternoon, Johnson's widow said she wanted to take his seat in the Kentucky House.",1
1,4.0,3,t,"Matt Bevin, Rand Paul Respond to Dan Johnson's Death",0
1,4.0,3,0,"After Kentucky State Rep. Dan Johnson died Wednesday in an apparent suicide amid allegations that he sexually assaulted a teenager, politicians in the state called for kindness and an end to ""nasty, vulgar comments"" about Johnson's death.",0
1,4.0,3,1,The allegations against Johnson surfaced in an investigation published by the Kentucky Center for Investigative Reporting.,0
1,4.0,3,2,"Maranda Richmond, who did not respond to TIME's request for comment on Thursday, told the news organization that Johnson molested her on New Year's Eve in 2012 when he was a pastor at the Heart of Fire Church.",1
1,4.0,3,3,"The Kentucky Center for Investigative Reporting said it corroborated her account with her family members, Facebook messages she sent to Johnson and notes from her therapist.",1
1,4.0,3,4,Richmond said that she reported the incident to the Louisville police in 2013.,0
1,4.0,3,5,"Police investigated the matter, but never pressed charges.",1
1,4.0,3,6,Louisville police did not immediately respond to TIME's request for comment.,0
1,4.0,3,7,"After the allegations broke, Kentucky lawmakers on both sides of the aisle called for Johnson to resign.",1
1,4.0,3,8,"At a press conference on Tuesday, Johnson denied the allegations and vowed to stay in the Kentucky House of Representatives.",0
1,4.0,3,9,He was found dead on Wednesday night.,0
1,4.0,3,10,"Paul Ham, the chairman of the Bullit County GOP, criticized the Kentucky Center for Investigative Reporting in a Thursday interview with the Washington Post.",1
1,4.0,3,11,"""The story was based on hearsay: no arrest, no conviction, no jail time,"" he said.",1
1,4.0,3,12,"""Back when the Constitution meant something, a man could stand before a jury of his peers.",1
1,4.0,3,13,"But now, it's just, 'Let's just make some accusations and run with it.'",0
1,4.0,3,14,"We're in a very bad place.""",0
1,4.0,3,15,"Others, like Republican Reps. Wesley Morgan and Jeff Hoover, seemed to echo Ham's sentiment.",0
1,4.0,3,16,"Hoover resigned as the House's Speaker last month (but kept his seat in the chamber) following allegations of sexual harassment, which he denied.",1
1,4.0,3,17,"Michael Skoler, the president of Louisville Public Media, which owns the Kentucky Center for Investigative Reporting, said that it was ""deeply sad"" over Johnson's death, but noted that Johnson had declined their numerous requests to speak about Rich",1
1,4.0,3,18,Other state lawmakers called for kindness in the wake of Johnson's death.,0
1,4.0,3,19,"On Thursday afternoon, Johnson's widow said she wanted to take his seat in the Kentucky House.",0
1,4.0,3,t,"Matt Bevin, Rand Paul Respond to Dan Johnson's Death",1
1,4.0,3,0,"After Kentucky State Rep. Dan Johnson died Wednesday in an apparent suicide amid allegations that he sexually assaulted a teenager, politicians in the state called for kindness and an end to ""nasty, vulgar comments"" about Johnson's death.",1
1,4.0,3,1,The allegations against Johnson surfaced in an investigation published by the Kentucky Center for Investigative Reporting.,0
1,4.0,3,2,"Maranda Richmond, who did not respond to TIME's request for comment on Thursday, told the news organization that Johnson molested her on New Year's Eve in 2012 when he was a pastor at the Heart of Fire Church.",0
1,4.0,3,3,"The Kentucky Center for Investigative Reporting said it corroborated her account with her family members, Facebook messages she sent to Johnson and notes from her therapist.",0
1,4.0,3,4,Richmond said that she reported the incident to the Louisville police in 2013.,0
1,4.0,3,5,"Police investigated the matter, but never pressed charges.",0
1,4.0,3,6,Louisville police did not immediately respond to TIME's request for comment.,0
1,4.0,3,7,"After the allegations broke, Kentucky lawmakers on both sides of the aisle called for Johnson to resign.",0
1,4.0,3,8,"At a press conference on Tuesday, Johnson denied the allegations and vowed to stay in the Kentucky House of Representatives.",0
1,4.0,3,9,He was found dead on Wednesday night.,1
1,4.0,3,10,"Paul Ham, the chairman of the Bullit County GOP, criticized the Kentucky Center for Investigative Reporting in a Thursday interview with the Washington Post.",0
1,4.0,3,11,"""The story was based on hearsay: no arrest, no conviction, no jail time,"" he said.",0
1,4.0,3,12,"""Back when the Constitution meant something, a man could stand before a jury of his peers.",0
1,4.0,3,13,"But now, it's just, 'Let's just make some accusations and run with it.'",0
1,4.0,3,14,"We're in a very bad place.""",0
1,4.0,3,15,"Others, like Republican Reps. Wesley Morgan and Jeff Hoover, seemed to echo Ham's sentiment.",0
1,4.0,3,16,"Hoover resigned as the House's Speaker last month (but kept his seat in the chamber) following allegations of sexual harassment, which he denied.",1
1,4.0,3,17,"Michael Skoler, the president of Louisville Public Media, which owns the Kentucky Center for Investigative Reporting, said that it was ""deeply sad"" over Johnson's death, but noted that Johnson had declined their numerous requests to speak about Rich",1
1,4.0,3,18,Other state lawmakers called for kindness in the wake of Johnson's death.,1
1,4.0,3,19,"On Thursday afternoon, Johnson's widow said she wanted to take his seat in the Kentucky House.",0
1,5.0,3,t,Widow of Kentucky State Rep. Dan Johnson says she'll pursue his seat,0
1,5.0,3,0,"The wife of Kentucky State Rep. Dan Johnson, who killed himself on Wednesday amid a bombshell report's accusations of sexual assault, announced Thursday that she would pursue her husband's seat, saying ""his fight will go on.""",0
1,5.0,3,1,"Dan Johnson, a preacher and a Republican, committed suicide Wednesday on a bridge in Mt.",0
1,5.0,3,2,"Washington, according to Bullitt County Sheriff Donnie Tinnell.",0
1,5.0,3,3,"The coroner confirmed that Johnson died of a single gunshot wound to the head, and the weapon was found near the 57-year-old's body.",1
1,5.0,3,4,"The statement from Johnson's widow, Rebecca, said she was running for the position because ""these high-tech lynchings based on lies and half-truths can't be allowed to win the day.""",0
1,5.0,3,5,"""Dan is gone but the story of his life is far from over,"" she said.",1
1,5.0,3,6,His death occurred just days after the Kentucky Center for Investigative Reporting published a detailed set of allegations from a woman who claimed that Johnson sexually assaulted her when she was 17.,0
1,5.0,3,7,"The lawmaker denied the accusations on Tuesday, calling them ""totally false.""",1
1,5.0,3,8,"He said they were part of a nationwide strategy for defeating conservative Republicans, referencing claims also made against Republican Alabama Senate candidate Roy Moore.",0
1,5.0,3,9,"But the next day, Johnson posted an ominous message on his Facebook page, part of which prompted his family to report him missing, the sheriff said Thursday.",0
1,5.0,3,10,"In the post, he asked for people to take care of his wife and wrote that post-traumatic stress disorder ""is a sickness that will take my life, I cannot handle it any longer.",0
1,5.0,3,11,"It has won this life, BUT HEAVEN IS MY HOME.""",1
1,5.0,3,12,The post appears to have been removed.,1
1,5.0,3,13,"The woman who made the accusations against Dan Johnson, Maranda Richmond, said she attended a New Year's Eve party at his house in 2012.",1
1,5.0,3,14,"She reportedly fell asleep on the couch, and in the early hours of Jan. 1, 2013, claimed she woke up to him kneeling over her and alleged he assaulted her.",0
1,5.0,3,15,Richmond said that she reported the episode but Louisville police closed the case without charges.,1
1,5.0,3,16,The case has since been reopened.,0
1,5.0,3,17,"Johnson was elected to the State Legislature in 2016, part of a wave of Republican victories that gave the GOP control of the Kentucky House of Representatives for the first time in nearly 100 years.",0
1,5.0,3,18,"The pastor of Heart of Fire church in Louisville, Johnson sponsored a number of bills involving religious liberty and teaching the Bible in public schools.",0
1,5.0,3,19,But he was mostly out of the spotlight until the investigative story broke.,0
1,5.0,3,t,Widow of Kentucky State Rep. Dan Johnson says she'll pursue his seat,1
1,5.0,3,0,"The wife of Kentucky State Rep. Dan Johnson, who killed himself on Wednesday amid a bombshell report's accusations of sexual assault, announced Thursday that she would pursue her husband's seat, saying ""his fight will go on.""",1
1,5.0,3,1,"Dan Johnson, a preacher and a Republican, committed suicide Wednesday on a bridge in Mt.",1
1,5.0,3,2,"Washington, according to Bullitt County Sheriff Donnie Tinnell.",1
1,5.0,3,3,"The coroner confirmed that Johnson died of a single gunshot wound to the head, and the weapon was found near the 57-year-old's body.",1
1,5.0,3,4,"The statement from Johnson's widow, Rebecca, said she was running for the position because ""these high-tech lynchings based on lies and half-truths can't be allowed to win the day.""",1
1,5.0,3,5,"""Dan is gone but the story of his life is far from over,"" she said.",1
1,5.0,3,6,His death occurred just days after the Kentucky Center for Investigative Reporting published a detailed set of allegations from a woman who claimed that Johnson sexually assaulted her when she was 17.,1
1,5.0,3,7,"The lawmaker denied the accusations on Tuesday, calling them ""totally false.""",1
1,5.0,3,8,"He said they were part of a nationwide strategy for defeating conservative Republicans, referencing claims also made against Republican Alabama Senate candidate Roy Moore.",0
1,5.0,3,9,"But the next day, Johnson posted an ominous message on his Facebook page, part of which prompted his family to report him missing, the sheriff said Thursday.",1
1,5.0,3,10,"In the post, he asked for people to take care of his wife and wrote that post-traumatic stress disorder ""is a sickness that will take my life, I cannot handle it any longer.",1
1,5.0,3,11,"It has won this life, BUT HEAVEN IS MY HOME.""",1
1,5.0,3,12,The post appears to have been removed.,0
1,5.0,3,13,"The woman who made the accusations against Dan Johnson, Maranda Richmond, said she attended a New Year's Eve party at his house in 2012.",1
1,5.0,3,14,"She reportedly fell asleep on the couch, and in the early hours of Jan. 1, 2013, claimed she woke up to him kneeling over her and alleged he assaulted her.",1
1,5.0,3,15,Richmond said that she reported the episode but Louisville police closed the case without charges.,1
1,5.0,3,16,The case has since been reopened.,1
1,5.0,3,17,"Johnson was elected to the State Legislature in 2016, part of a wave of Republican victories that gave the GOP control of the Kentucky House of Representatives for the first time in nearly 100 years.",1
1,5.0,3,18,"The pastor of Heart of Fire church in Louisville, Johnson sponsored a number of bills involving religious liberty and teaching the Bible in public schools.",1
1,5.0,3,19,But he was mostly out of the spotlight until the investigative story broke.,1
1,5.0,3,t,Widow of Kentucky State Rep. Dan Johnson says she'll pursue his seat,1
1,5.0,3,0,"The wife of Kentucky State Rep. Dan Johnson, who killed himself on Wednesday amid a bombshell report's accusations of sexual assault, announced Thursday that she would pursue her husband's seat, saying ""his fight will go on.""",1
1,5.0,3,1,"Dan Johnson, a preacher and a Republican, committed suicide Wednesday on a bridge in Mt.",0
1,5.0,3,2,"Washington, according to Bullitt County Sheriff Donnie Tinnell.",0
1,5.0,3,3,"The coroner confirmed that Johnson died of a single gunshot wound to the head, and the weapon was found near the 57-year-old's body.",0
1,5.0,3,4,"The statement from Johnson's widow, Rebecca, said she was running for the position because ""these high-tech lynchings based on lies and half-truths can't be allowed to win the day.""",0
1,5.0,3,5,"""Dan is gone but the story of his life is far from over,"" she said.",0
1,5.0,3,6,His death occurred just days after the Kentucky Center for Investigative Reporting published a detailed set of allegations from a woman who claimed that Johnson sexually assaulted her when she was 17.,1
1,5.0,3,7,"The lawmaker denied the accusations on Tuesday, calling them ""totally false.""",1
1,5.0,3,8,"He said they were part of a nationwide strategy for defeating conservative Republicans, referencing claims also made against Republican Alabama Senate candidate Roy Moore.",1
1,5.0,3,9,"But the next day, Johnson posted an ominous message on his Facebook page, part of which prompted his family to report him missing, the sheriff said Thursday.",1
1,5.0,3,10,"In the post, he asked for people to take care of his wife and wrote that post-traumatic stress disorder ""is a sickness that will take my life, I cannot handle it any longer.",0
1,5.0,3,11,"It has won this life, BUT HEAVEN IS MY HOME.""",0
1,5.0,3,12,The post appears to have been removed.,1
1,5.0,3,13,"The woman who made the accusations against Dan Johnson, Maranda Richmond, said she attended a New Year's Eve party at his house in 2012.",1
1,5.0,3,14,"She reportedly fell asleep on the couch, and in the early hours of Jan. 1, 2013, claimed she woke up to him kneeling over her and alleged he assaulted her.",1
1,5.0,3,15,Richmond said that she reported the episode but Louisville police closed the case without charges.,0
1,5.0,3,16,The case has since been reopened.,1
1,5.0,3,17,"Johnson was elected to the State Legislature in 2016, part of a wave of Republican victories that gave the GOP control of the Kentucky House of Representatives for the first time in nearly 100 years.",1
1,5.0,3,18,"The pastor of Heart of Fire church in Louisville, Johnson sponsored a number of bills involving religious liberty and teaching the Bible in public schools.",0
1,5.0,3,19,But he was mostly out of the spotlight until the investigative story broke.,0
1,5.0,3,t,Widow of Kentucky State Rep. Dan Johnson says she'll pursue his seat,1
1,5.0,3,0,"The wife of Kentucky State Rep. Dan Johnson, who killed himself on Wednesday amid a bombshell report's accusations of sexual assault, announced Thursday that she would pursue her husband's seat, saying ""his fight will go on.""",1
1,5.0,3,1,"Dan Johnson, a preacher and a Republican, committed suicide Wednesday on a bridge in Mt.",1
1,5.0,3,2,"Washington, according to Bullitt County Sheriff Donnie Tinnell.",0
1,5.0,3,3,"The coroner confirmed that Johnson died of a single gunshot wound to the head, and the weapon was found near the 57-year-old's body.",1
1,5.0,3,4,"The statement from Johnson's widow, Rebecca, said she was running for the position because ""these high-tech lynchings based on lies and half-truths can't be allowed to win the day.""",1
1,5.0,3,5,"""Dan is gone but the story of his life is far from over,"" she said.",0
1,5.0,3,6,His death occurred just days after the Kentucky Center for Investigative Reporting published a detailed set of allegations from a woman who claimed that Johnson sexually assaulted her when she was 17.,1
1,5.0,3,7,"The lawmaker denied the accusations on Tuesday, calling them ""totally false.""",0
1,5.0,3,8,"He said they were part of a nationwide strategy for defeating conservative Republicans, referencing claims also made against Republican Alabama Senate candidate Roy Moore.",0
1,5.0,3,9,"But the next day, Johnson posted an ominous message on his Facebook page, part of which prompted his family to report him missing, the sheriff said Thursday.",0
1,5.0,3,10,"In the post, he asked for people to take care of his wife and wrote that post-traumatic stress disorder ""is a sickness that will take my life, I cannot handle it any longer.",1
1,5.0,3,11,"It has won this life, BUT HEAVEN IS MY HOME.""",0
1,5.0,3,12,The post appears to have been removed.,0
1,5.0,3,13,"The woman who made the accusations against Dan Johnson, Maranda Richmond, said she attended a New Year's Eve party at his house in 2012.",0
1,5.0,3,14,"She reportedly fell asleep on the couch, and in the early hours of Jan. 1, 2013, claimed she woke up to him kneeling over her and alleged he assaulted her.",1
1,5.0,3,15,Richmond said that she reported the episode but Louisville police closed the case without charges.,0
1,5.0,3,16,The case has since been reopened.,0
1,5.0,3,17,"Johnson was elected to the State Legislature in 2016, part of a wave of Republican victories that gave the GOP control of the Kentucky House of Representatives for the first time in nearly 100 years.",0
1,5.0,3,18,"The pastor of Heart of Fire church in Louisville, Johnson sponsored a number of bills involving religious liberty and teaching the Bible in public schools.",0
1,5.0,3,19,But he was mostly out of the spotlight until the investigative story broke.,0
1,6.0,1,t,Widow of Kentucky state rep Dan Johnson plans to run for his seat,0
1,6.0,1,0,"""Dan is gone,"" says Rebecca Johnson, wife of deceased Kentucky state rep Dan Johnson, ""but the story of his life is far from over.""",0
1,6.0,1,1,Rep. Dan Johnson took his life on a bridge in Mt.,1
1,6.0,1,2,"Washington, Kentucky on Wednesday.",0
1,6.0,1,3,"Now, according to WRAL, his widow plans to run for the office he vacated with a handgun.",0
1,6.0,1,4,RELATED: An investigation into a state lawmaker accused of child molestation has ended with a single gunshot,0
1,6.0,1,5,Johnson stood accused of molestation of a 17-year-old girl in an apartment underneath the Heart of Fire City Church's Fellowship Hall on New Year's Eve 2012.,0
1,6.0,1,6,An investigation by the Kentucky Center for Investigative Reporting found that a case to the allegations was closed.,0
1,6.0,1,7,"Following their report and an on-the-record interview with alleged victim Maranda Richmond, who is now 21, police reopened the case.",0
1,6.0,1,8,No charges were filed before Johnson took his life.,1
1,6.0,1,9,"""These high-tech lynchings based on lies and half-truths can't be allowed to win the day,"" said Rebecca Johnson, who stood by her husband's side as he dismissed the molestation allegations in a press conference on Tuesday.",1
1,6.0,1,10,"That press conference saw Rep. Johnson say he was ""mad as can be"" about the charges, which he said were made into ""political stones and political rocks.""",0
1,6.0,1,11,"He said the allegations against him were ""something that's totally false.""",0
1,6.0,1,12,"Rebecca Johnson says she has stood by her husband's side for 30 years and plans to continue his ""fight.""",0
1,6.0,1,13,"In expressing their condolences, Louisville Public Media, which oversees the Kentucky Center for Investigative Reporting, says they contacted Johnson several times in the course of writing their story, which called Johnson's life a ""long con"" and a ",1
1,6.0,1,14,"They say they did not receive a response, but added:",1
1,6.0,1,15,"All of us at Louisville Public Media are deeply sad to hear that State Representative Dan Johnson has died, apparently of suicide.",0
1,6.0,1,16,"We grieve for his family, friends, church community and constituents.",0
1,6.0,1,17,Our Kentucky Center for Investigative Reporting released a report on Johnson this week.,0
1,6.0,1,18,"Our aim, as always, is to provide the public with fact-based, un3 reporting and hold public officials accountable for their actions.",0
1,6.0,1,19,"As part of our process, we reached out to Representative Johnson numerous times over the course of a seven-month investigation.",0
1,6.0,3,t,Widow of Kentucky state rep Dan Johnson plans to run for his seat,0
1,6.0,3,0,"""Dan is gone,"" says Rebecca Johnson, wife of deceased Kentucky state rep Dan Johnson, ""but the story of his life is far from over.""",0
1,6.0,3,1,Rep. Dan Johnson took his life on a bridge in Mt.,1
1,6.0,3,2,"Washington, Kentucky on Wednesday.",0
1,6.0,3,3,"Now, according to WRAL, his widow plans to run for the office he vacated with a handgun.",1
1,6.0,3,4,RELATED: An investigation into a state lawmaker accused of child molestation has ended with a single gunshot,1
1,6.0,3,5,Johnson stood accused of molestation of a 17-year-old girl in an apartment underneath the Heart of Fire City Church's Fellowship Hall on New Year's Eve 2012.,1
1,6.0,3,6,An investigation by the Kentucky Center for Investigative Reporting found that a case to the allegations was closed.,0
1,6.0,3,7,"Following their report and an on-the-record interview with alleged victim Maranda Richmond, who is now 21, police reopened the case.",0
1,6.0,3,8,No charges were filed before Johnson took his life.,0
1,6.0,3,9,"""These high-tech lynchings based on lies and half-truths can't be allowed to win the day,"" said Rebecca Johnson, who stood by her husband's side as he dismissed the molestation allegations in a press conference on Tuesday.",0
1,6.0,3,10,"That press conference saw Rep. Johnson say he was ""mad as can be"" about the charges, which he said were made into ""political stones and political rocks.""",1
1,6.0,3,11,"He said the allegations against him were ""something that's totally false.""",0
1,6.0,3,12,"Rebecca Johnson says she has stood by her husband's side for 30 years and plans to continue his ""fight.""",0
1,6.0,3,13,"In expressing their condolences, Louisville Public Media, which oversees the Kentucky Center for Investigative Reporting, says they contacted Johnson several times in the course of writing their story, which called Johnson's life a ""long con"" and a ",0
1,6.0,3,14,"They say they did not receive a response, but added:",0
1,6.0,3,15,"All of us at Louisville Public Media are deeply sad to hear that State Representative Dan Johnson has died, apparently of suicide.",0
1,6.0,3,16,"We grieve for his family, friends, church community and constituents.",0
1,6.0,3,17,Our Kentucky Center for Investigative Reporting released a report on Johnson this week.,0
1,6.0,3,18,"Our aim, as always, is to provide the public with fact-based, un3 reporting and hold public officials accountable for their actions.",0
1,6.0,3,19,"As part of our process, we reached out to Representative Johnson numerous times over the course of a seven-month investigation.",0
1,6.0,4,t,Widow of Kentucky state rep Dan Johnson plans to run for his seat,0
1,6.0,4,0,"""Dan is gone,"" says Rebecca Johnson, wife of deceased Kentucky state rep Dan Johnson, ""but the story of his life is far from over.""",0
1,6.0,4,1,Rep. Dan Johnson took his life on a bridge in Mt.,0
1,6.0,4,2,"Washington, Kentucky on Wednesday.",0
1,6.0,4,3,"Now, according to WRAL, his widow plans to run for the office he vacated with a handgun.",1
1,6.0,4,4,RELATED: An investigation into a state lawmaker accused of child molestation has ended with a single gunshot,1
1,6.0,4,5,Johnson stood accused of molestation of a 17-year-old girl in an apartment underneath the Heart of Fire City Church's Fellowship Hall on New Year's Eve 2012.,0
1,6.0,4,6,An investigation by the Kentucky Center for Investigative Reporting found that a case to the allegations was closed.,0
1,6.0,4,7,"Following their report and an on-the-record interview with alleged victim Maranda Richmond, who is now 21, police reopened the case.",0
1,6.0,4,8,No charges were filed before Johnson took his life.,0
1,6.0,4,9,"""These high-tech lynchings based on lies and half-truths can't be allowed to win the day,"" said Rebecca Johnson, who stood by her husband's side as he dismissed the molestation allegations in a press conference on Tuesday.",1
1,6.0,4,10,"That press conference saw Rep. Johnson say he was ""mad as can be"" about the charges, which he said were made into ""political stones and political rocks.""",1
1,6.0,4,11,"He said the allegations against him were ""something that's totally false.""",1
1,6.0,4,12,"Rebecca Johnson says she has stood by her husband's side for 30 years and plans to continue his ""fight.""",1
1,6.0,4,13,"In expressing their condolences, Louisville Public Media, which oversees the Kentucky Center for Investigative Reporting, says they contacted Johnson several times in the course of writing their story, which called Johnson's life a ""long con"" and a ",1
1,6.0,4,14,"They say they did not receive a response, but added:",1
1,6.0,4,15,"All of us at Louisville Public Media are deeply sad to hear that State Representative Dan Johnson has died, apparently of suicide.",0
1,6.0,4,16,"We grieve for his family, friends, church community and constituents.",0
1,6.0,4,17,Our Kentucky Center for Investigative Reporting released a report on Johnson this week.,0
1,6.0,4,18,"Our aim, as always, is to provide the public with fact-based, un3 reporting and hold public officials accountable for their actions.",0
1,6.0,4,19,"As part of our process, we reached out to Representative Johnson numerous times over the course of a seven-month investigation.",0
1,6.0,1,t,Widow of Kentucky state rep Dan Johnson plans to run for his seat,0
1,6.0,1,0,"""Dan is gone,"" says Rebecca Johnson, wife of deceased Kentucky state rep Dan Johnson, ""but the story of his life is far from over.""",0
1,6.0,1,1,Rep. Dan Johnson took his life on a bridge in Mt.,0
1,6.0,1,2,"Washington, Kentucky on Wednesday.",0
1,6.0,1,3,"Now, according to WRAL, his widow plans to run for the office he vacated with a handgun.",0
1,6.0,1,4,RELATED: An investigation into a state lawmaker accused of child molestation has ended with a single gunshot,0
1,6.0,1,5,Johnson stood accused of molestation of a 17-year-old girl in an apartment underneath the Heart of Fire City Church's Fellowship Hall on New Year's Eve 2012.,0
1,6.0,1,6,An investigation by the Kentucky Center for Investigative Reporting found that a case to the allegations was closed.,0
1,6.0,1,7,"Following their report and an on-the-record interview with alleged victim Maranda Richmond, who is now 21, police reopened the case.",0
1,6.0,1,8,No charges were filed before Johnson took his life.,0
1,6.0,1,9,"""These high-tech lynchings based on lies and half-truths can't be allowed to win the day,"" said Rebecca Johnson, who stood by her husband's side as he dismissed the molestation allegations in a press conference on Tuesday.",0
1,6.0,1,10,"That press conference saw Rep. Johnson say he was ""mad as can be"" about the charges, which he said were made into ""political stones and political rocks.""",0
1,6.0,1,11,"He said the allegations against him were ""something that's totally false.""",0
1,6.0,1,12,"Rebecca Johnson says she has stood by her husband's side for 30 years and plans to continue his ""fight.""",0
1,6.0,1,13,"In expressing their condolences, Louisville Public Media, which oversees the Kentucky Center for Investigative Reporting, says they contacted Johnson several times in the course of writing their story, which called Johnson's life a ""long con"" and a ",0
1,6.0,1,14,"They say they did not receive a response, but added:",0
1,6.0,1,15,"All of us at Louisville Public Media are deeply sad to hear that State Representative Dan Johnson has died, apparently of suicide.",0
1,6.0,1,16,"We grieve for his family, friends, church community and constituents.",0
1,6.0,1,17,Our Kentucky Center for Investigative Reporting released a report on Johnson this week.,0
1,6.0,1,18,"Our aim, as always, is to provide the public with fact-based, un3 reporting and hold public officials accountable for their actions.",0
1,6.0,1,19,"As part of our process, we reached out to Representative Johnson numerous times over the course of a seven-month investigation.",0
1,6.0,3,t,Widow of Kentucky state rep Dan Johnson plans to run for his seat,0
1,6.0,3,0,"""Dan is gone,"" says Rebecca Johnson, wife of deceased Kentucky state rep Dan Johnson, ""but the story of his life is far from over.""",1
1,6.0,3,1,Rep. Dan Johnson took his life on a bridge in Mt.,1
1,6.0,3,2,"Washington, Kentucky on Wednesday.",0
1,6.0,3,3,"Now, according to WRAL, his widow plans to run for the office he vacated with a handgun.",1
1,6.0,3,4,RELATED: An investigation into a state lawmaker accused of child molestation has ended with a single gunshot,1
1,6.0,3,5,Johnson stood accused of molestation of a 17-year-old girl in an apartment underneath the Heart of Fire City Church's Fellowship Hall on New Year's Eve 2012.,1
1,6.0,3,6,An investigation by the Kentucky Center for Investigative Reporting found that a case to the allegations was closed.,1
1,6.0,3,7,"Following their report and an on-the-record interview with alleged victim Maranda Richmond, who is now 21, police reopened the case.",0
1,6.0,3,8,No charges were filed before Johnson took his life.,0
1,6.0,3,9,"""These high-tech lynchings based on lies and half-truths can't be allowed to win the day,"" said Rebecca Johnson, who stood by her husband's side as he dismissed the molestation allegations in a press conference on Tuesday.",0
1,6.0,3,10,"That press conference saw Rep. Johnson say he was ""mad as can be"" about the charges, which he said were made into ""political stones and political rocks.""",1
1,6.0,3,11,"He said the allegations against him were ""something that's totally false.""",1
1,6.0,3,12,"Rebecca Johnson says she has stood by her husband's side for 30 years and plans to continue his ""fight.""",1
1,6.0,3,13,"In expressing their condolences, Louisville Public Media, which oversees the Kentucky Center for Investigative Reporting, says they contacted Johnson several times in the course of writing their story, which called Johnson's life a ""long con"" and a ",1
1,6.0,3,14,"They say they did not receive a response, but added:",1
1,6.0,3,15,"All of us at Louisville Public Media are deeply sad to hear that State Representative Dan Johnson has died, apparently of suicide.",1
1,6.0,3,16,"We grieve for his family, friends, church community and constituents.",0
1,6.0,3,17,Our Kentucky Center for Investigative Reporting released a report on Johnson this week.,0
1,6.0,3,18,"Our aim, as always, is to provide the public with fact-based, un3 reporting and hold public officials accountable for their actions.",1
1,6.0,3,19,"As part of our process, we reached out to Representative Johnson numerous times over the course of a seven-month investigation.",0
1,7.0,1,t,Wife to run for seat of Kentucky lawmaker who killed self,1
1,7.0,1,0,The widow of the Kentucky lawmaker who killed himself after a sexual assault allegation surfaced this week said she will run for his seat because he was pushed to suicide by 'high-tech lynching mobs'.,1
1,7.0,1,1,"In a statement on Thursday, the day after Dan Johnson's suicide, Rebecca Johnson said she has been fighting behind her husband for 30 years and 'his fight will go on.'",0
1,7.0,1,2,"'Dan is gone but the story of his life is far from over,' she said.",0
1,7.0,1,3,'These high-tech lynchings based on lies and half-truths can't be allowed to win the day.',1
1,7.0,1,4,"Johnson, who is best known for a racist comment likening Barack and Michelle Obama to monkeys, shot himself Wednesday night near a road in a secluded area.",0
1,7.0,1,5,"Two days earlier, the Kentucky Center for Investigative Reporting published a story detailing allegations that he sexually assaulted a 17-year-old girl in his basement in 2013.",0
1,7.0,1,6,"On Monday the paper published a graphic account quoting Maranda Richmond as saying that Johnson had sexually assaulted her in his basement on January 1, 2013.",0
1,7.0,1,7,"According to court documents, Richmond was living at Heart of Fire City Church accommodations.",1
1,7.0,1,8,"Richmond said the married lawmaker groped her and stuck his tongue in her mouth, then put his hand down her pants and slipped it inside her vagina.",0
1,7.0,1,9,"She said she begged him to stop, but Johnson kept telling her she would like it.",0
1,7.0,1,10,"Eventually, he left and she slipped away early that morning before he woke up.",0
1,7.0,1,11,Richmond went to the police.,0
1,7.0,1,12,"Records show investigators with the Louisville Metro Police Department recorded a phone call between Johnson and Richmond's father, Clifford, in which Johnson said he 'couldn't imagine doing that to Maranda.'",0
1,7.0,1,13,Police documents obtained by the Kentucky Center for Investigative Reporting show a detective closed the case because Richmond would not cooperate.,0
1,7.0,1,14,"Richmond denied this, saying she never once wanted to stop the investigation.",0
1,7.0,1,15,"Richmond was friends with Johnson's daughter, Sarah, and a member of the church where he was the pastor.",0
1,7.0,1,16,"The story prompted state leaders of both major political parties to call for his resignation, and authorities reopened the investigation that had been closed without charges.",0
1,7.0,1,17,The accusations came amid a sexual harassment scandal involving other Republican lawmakers at the state Capitol.,0
1,7.0,1,18,"Nationwide, a growing number of celebrities, politicians and businessmen have been accused of sexual misconduct in recent months, leading many to lose their jobs or resign.",0
1,7.0,1,19,"Johnson, who pastors a church in Louisville and has at times been called 'the pope', held a news conference from his pulpit on Tuesday, defiantly denying the allegations.",0
1,7.0,3,t,Wife to run for seat of Kentucky lawmaker who killed self,1
1,7.0,3,0,The widow of the Kentucky lawmaker who killed himself after a sexual assault allegation surfaced this week said she will run for his seat because he was pushed to suicide by 'high-tech lynching mobs'.,1
1,7.0,3,1,"In a statement on Thursday, the day after Dan Johnson's suicide, Rebecca Johnson said she has been fighting behind her husband for 30 years and 'his fight will go on.'",0
1,7.0,3,2,"'Dan is gone but the story of his life is far from over,' she said.",0
1,7.0,3,3,'These high-tech lynchings based on lies and half-truths can't be allowed to win the day.',1
1,7.0,3,4,"Johnson, who is best known for a racist comment likening Barack and Michelle Obama to monkeys, shot himself Wednesday night near a road in a secluded area.",1
1,7.0,3,5,"Two days earlier, the Kentucky Center for Investigative Reporting published a story detailing allegations that he sexually assaulted a 17-year-old girl in his basement in 2013.",1
1,7.0,3,6,"On Monday the paper published a graphic account quoting Maranda Richmond as saying that Johnson had sexually assaulted her in his basement on January 1, 2013.",1
1,7.0,3,7,"According to court documents, Richmond was living at Heart of Fire City Church accommodations.",1
1,7.0,3,8,"Richmond said the married lawmaker groped her and stuck his tongue in her mouth, then put his hand down her pants and slipped it inside her vagina.",1
1,7.0,3,9,"She said she begged him to stop, but Johnson kept telling her she would like it.",0
1,7.0,3,10,"Eventually, he left and she slipped away early that morning before he woke up.",1
1,7.0,3,11,Richmond went to the police.,0
1,7.0,3,12,"Records show investigators with the Louisville Metro Police Department recorded a phone call between Johnson and Richmond's father, Clifford, in which Johnson said he 'couldn't imagine doing that to Maranda.'",0
1,7.0,3,13,Police documents obtained by the Kentucky Center for Investigative Reporting show a detective closed the case because Richmond would not cooperate.,0
1,7.0,3,14,"Richmond denied this, saying she never once wanted to stop the investigation.",0
1,7.0,3,15,"Richmond was friends with Johnson's daughter, Sarah, and a member of the church where he was the pastor.",0
1,7.0,3,16,"The story prompted state leaders of both major political parties to call for his resignation, and authorities reopened the investigation that had been closed without charges.",0
1,7.0,3,17,The accusations came amid a sexual harassment scandal involving other Republican lawmakers at the state Capitol.,1
1,7.0,3,18,"Nationwide, a growing number of celebrities, politicians and businessmen have been accused of sexual misconduct in recent months, leading many to lose their jobs or resign.",0
1,7.0,3,19,"Johnson, who pastors a church in Louisville and has at times been called 'the pope', held a news conference from his pulpit on Tuesday, defiantly denying the allegations.",0
1,7.0,3,t,Wife to run for seat of Kentucky lawmaker who killed self,0
1,7.0,3,0,The widow of the Kentucky lawmaker who killed himself after a sexual assault allegation surfaced this week said she will run for his seat because he was pushed to suicide by 'high-tech lynching mobs'.,1
1,7.0,3,1,"In a statement on Thursday, the day after Dan Johnson's suicide, Rebecca Johnson said she has been fighting behind her husband for 30 years and 'his fight will go on.'",0
1,7.0,3,2,"'Dan is gone but the story of his life is far from over,' she said.",1
1,7.0,3,3,'These high-tech lynchings based on lies and half-truths can't be allowed to win the day.',1
1,7.0,3,4,"Johnson, who is best known for a racist comment likening Barack and Michelle Obama to monkeys, shot himself Wednesday night near a road in a secluded area.",0
1,7.0,3,5,"Two days earlier, the Kentucky Center for Investigative Reporting published a story detailing allegations that he sexually assaulted a 17-year-old girl in his basement in 2013.",0
1,7.0,3,6,"On Monday the paper published a graphic account quoting Maranda Richmond as saying that Johnson had sexually assaulted her in his basement on January 1, 2013.",0
1,7.0,3,7,"According to court documents, Richmond was living at Heart of Fire City Church accommodations.",0
1,7.0,3,8,"Richmond said the married lawmaker groped her and stuck his tongue in her mouth, then put his hand down her pants and slipped it inside her vagina.",1
1,7.0,3,9,"She said she begged him to stop, but Johnson kept telling her she would like it.",1
1,7.0,3,10,"Eventually, he left and she slipped away early that morning before he woke up.",1
1,7.0,3,11,Richmond went to the police.,1
1,7.0,3,12,"Records show investigators with the Louisville Metro Police Department recorded a phone call between Johnson and Richmond's father, Clifford, in which Johnson said he 'couldn't imagine doing that to Maranda.'",0
1,7.0,3,13,Police documents obtained by the Kentucky Center for Investigative Reporting show a detective closed the case because Richmond would not cooperate.,0
1,7.0,3,14,"Richmond denied this, saying she never once wanted to stop the investigation.",1
1,7.0,3,15,"Richmond was friends with Johnson's daughter, Sarah, and a member of the church where he was the pastor.",1
1,7.0,3,16,"The story prompted state leaders of both major political parties to call for his resignation, and authorities reopened the investigation that had been closed without charges.",0
1,7.0,3,17,The accusations came amid a sexual harassment scandal involving other Republican lawmakers at the state Capitol.,1
1,7.0,3,18,"Nationwide, a growing number of celebrities, politicians and businessmen have been accused of sexual misconduct in recent months, leading many to lose their jobs or resign.",0
1,7.0,3,19,"Johnson, who pastors a church in Louisville and has at times been called 'the pope', held a news conference from his pulpit on Tuesday, defiantly denying the allegations.",1
1,7.0,1,t,Wife to run for seat of Kentucky lawmaker who killed self,0
1,7.0,1,0,The widow of the Kentucky lawmaker who killed himself after a sexual assault allegation surfaced this week said she will run for his seat because he was pushed to suicide by 'high-tech lynching mobs'.,0
1,7.0,1,1,"In a statement on Thursday, the day after Dan Johnson's suicide, Rebecca Johnson said she has been fighting behind her husband for 30 years and 'his fight will go on.'",0
1,7.0,1,2,"'Dan is gone but the story of his life is far from over,' she said.",0
1,7.0,1,3,'These high-tech lynchings based on lies and half-truths can't be allowed to win the day.',0
1,7.0,1,4,"Johnson, who is best known for a racist comment likening Barack and Michelle Obama to monkeys, shot himself Wednesday night near a road in a secluded area.",0
1,7.0,1,5,"Two days earlier, the Kentucky Center for Investigative Reporting published a story detailing allegations that he sexually assaulted a 17-year-old girl in his basement in 2013.",0
1,7.0,1,6,"On Monday the paper published a graphic account quoting Maranda Richmond as saying that Johnson had sexually assaulted her in his basement on January 1, 2013.",0
1,7.0,1,7,"According to court documents, Richmond was living at Heart of Fire City Church accommodations.",0
1,7.0,1,8,"Richmond said the married lawmaker groped her and stuck his tongue in her mouth, then put his hand down her pants and slipped it inside her vagina.",0
1,7.0,1,9,"She said she begged him to stop, but Johnson kept telling her she would like it.",0
1,7.0,1,10,"Eventually, he left and she slipped away early that morning before he woke up.",0
1,7.0,1,11,Richmond went to the police.,0
1,7.0,1,12,"Records show investigators with the Louisville Metro Police Department recorded a phone call between Johnson and Richmond's father, Clifford, in which Johnson said he 'couldn't imagine doing that to Maranda.'",0
1,7.0,1,13,Police documents obtained by the Kentucky Center for Investigative Reporting show a detective closed the case because Richmond would not cooperate.,0
1,7.0,1,14,"Richmond denied this, saying she never once wanted to stop the investigation.",0
1,7.0,1,15,"Richmond was friends with Johnson's daughter, Sarah, and a member of the church where he was the pastor.",0
1,7.0,1,16,"The story prompted state leaders of both major political parties to call for his resignation, and authorities reopened the investigation that had been closed without charges.",0
1,7.0,1,17,The accusations came amid a sexual harassment scandal involving other Republican lawmakers at the state Capitol.,0
1,7.0,1,18,"Nationwide, a growing number of celebrities, politicians and businessmen have been accused of sexual misconduct in recent months, leading many to lose their jobs or resign.",0
1,7.0,1,19,"Johnson, who pastors a church in Louisville and has at times been called 'the pope', held a news conference from his pulpit on Tuesday, defiantly denying the allegations.",0
1,7.0,2,t,Wife to run for seat of Kentucky lawmaker who killed self,0
1,7.0,2,0,The widow of the Kentucky lawmaker who killed himself after a sexual assault allegation surfaced this week said she will run for his seat because he was pushed to suicide by 'high-tech lynching mobs'.,1
1,7.0,2,1,"In a statement on Thursday, the day after Dan Johnson's suicide, Rebecca Johnson said she has been fighting behind her husband for 30 years and 'his fight will go on.'",1
1,7.0,2,2,"'Dan is gone but the story of his life is far from over,' she said.",0
1,7.0,2,3,'These high-tech lynchings based on lies and half-truths can't be allowed to win the day.',0
1,7.0,2,4,"Johnson, who is best known for a racist comment likening Barack and Michelle Obama to monkeys, shot himself Wednesday night near a road in a secluded area.",1
1,7.0,2,5,"Two days earlier, the Kentucky Center for Investigative Reporting published a story detailing allegations that he sexually assaulted a 17-year-old girl in his basement in 2013.",1
1,7.0,2,6,"On Monday the paper published a graphic account quoting Maranda Richmond as saying that Johnson had sexually assaulted her in his basement on January 1, 2013.",0
1,7.0,2,7,"According to court documents, Richmond was living at Heart of Fire City Church accommodations.",1
1,7.0,2,8,"Richmond said the married lawmaker groped her and stuck his tongue in her mouth, then put his hand down her pants and slipped it inside her vagina.",1
1,7.0,2,9,"She said she begged him to stop, but Johnson kept telling her she would like it.",1
1,7.0,2,10,"Eventually, he left and she slipped away early that morning before he woke up.",1
1,7.0,2,11,Richmond went to the police.,1
1,7.0,2,12,"Records show investigators with the Louisville Metro Police Department recorded a phone call between Johnson and Richmond's father, Clifford, in which Johnson said he 'couldn't imagine doing that to Maranda.'",1
1,7.0,2,13,Police documents obtained by the Kentucky Center for Investigative Reporting show a detective closed the case because Richmond would not cooperate.,0
1,7.0,2,14,"Richmond denied this, saying she never once wanted to stop the investigation.",0
1,7.0,2,15,"Richmond was friends with Johnson's daughter, Sarah, and a member of the church where he was the pastor.",0
1,7.0,2,16,"The story prompted state leaders of both major political parties to call for his resignation, and authorities reopened the investigation that had been closed without charges.",0
1,7.0,2,17,The accusations came amid a sexual harassment scandal involving other Republican lawmakers at the state Capitol.,1
1,7.0,2,18,"Nationwide, a growing number of celebrities, politicians and businessmen have been accused of sexual misconduct in recent months, leading many to lose their jobs or resign.",0
1,7.0,2,19,"Johnson, who pastors a church in Louisville and has at times been called 'the pope', held a news conference from his pulpit on Tuesday, defiantly denying the allegations.",1
1,8.0,3,t,"Kentucky rep, gun-toting preacher commits suicide amid sexual assault accusations",0
1,8.0,3,0,"Kentucky state Rep. Dan Johnson, who had built a reputation for himself as a gun-toting, motorcycle-riding preacher, committed suicide on Wednesday following allegations that he molested an underage girl and other crimes.",0
1,8.0,3,1,"Details of Johnson's alleged misbehavior were uncovered by the Kentucky Center for Investigative Reporting, a Louisville-based journalism non-profit, in an expos챕 called The Pope's Long Con.",0
1,8.0,3,2,The report detailed Johnson as embroiled in a web of lies and deceit and described his role in a mysterious fire and the sexual misconduct.,0
1,8.0,3,3,"According to the report, Johnson allegedly molested a 17-year-old girl staying at a living area of the Heart of Fire City Church where he was a pastor.",0
1,8.0,3,4,The teen told authorities that he approached her on New Year's Eve in 2012 while she slept.,0
1,8.0,3,5,"He was drunk, started to kiss her and fondled her under her clothes.",0
1,8.0,3,6,"Although police did not charge him with a crime after the teen reported it in 2013, they re-opened an investigation into the matter on Tuesday.",1
1,8.0,3,7,"Following the news, the Republican Party of Kentucky and leaders of the House Republican Caucus called for Johnson to resign.",0
1,8.0,3,8,"Despite the calls, Johnson held a press conference where he refused to step down and then dismissed the report as ""fake news"" in a suicide note posted to Facebook.",0
1,8.0,3,9,Deputies with the Bullitt County Sheriff's Office found Johnson's body in front of his car on the bridge where he had killed himself.,0
1,8.0,3,10,The county coroner determined Johnson died of a self-inflicted gunshot wound to the head.,0
1,8.0,3,11,"The news report raised doubt about Johnson's personal history such as documents claiming he performed miracles on mission trips, set up safe zones during the 1992 LA riots, served as chaplain in the White House under Presidents Bill Clinton and Geor",1
1,8.0,3,12,"He boasted about these acts during his campaign last year, but no record or person could corroborate his story.",0
1,8.0,3,13,"The report also cast doubt on Johnson's claim that he witnessed the 9/11 attacks in New York, served as a clergy following the chaos and set up morgues in the rubble.",0
1,8.0,3,14,"To support his story, Johnson shared an image of him posing with then Mayor Rudy Giuliani at ground zero and state records listing him as receiving New York workers' compensation.",0
1,8.0,3,15,"Yet, city officials and public documents failed to support his narrative.",1
1,8.0,3,16,Johnson shared the aforementioned details with Guns.com in brief interviews and even appeared in the book We The People.,0
1,8.0,3,17,"In June 2016, Guns.com published his famous ""gun choir"" in a video in which he sang Amazing Grace with members of his congregation while sporting pistols and rifles.",0
1,8.0,3,18,"Michael Skoler, the president of Louisville Public Media, which owns the Kentucky Center for Investigative Reporting, released a statement saying how sorry they were to hear of Johnson's death.",0
1,8.0,3,19,"He defended his center's article: ""Our aim, as always, is to provide the public with fact-based, un3 reporting and hold public officials accountable for their actions.""",0
1,8.0,3,t,"Kentucky rep, gun-toting preacher commits suicide amid sexual assault accusations",1
1,8.0,3,0,"Kentucky state Rep. Dan Johnson, who had built a reputation for himself as a gun-toting, motorcycle-riding preacher, committed suicide on Wednesday following allegations that he molested an underage girl and other crimes.",1
1,8.0,3,1,"Details of Johnson's alleged misbehavior were uncovered by the Kentucky Center for Investigative Reporting, a Louisville-based journalism non-profit, in an expos챕 called The Pope's Long Con.",1
1,8.0,3,2,The report detailed Johnson as embroiled in a web of lies and deceit and described his role in a mysterious fire and the sexual misconduct.,1
1,8.0,3,3,"According to the report, Johnson allegedly molested a 17-year-old girl staying at a living area of the Heart of Fire City Church where he was a pastor.",1
1,8.0,3,4,The teen told authorities that he approached her on New Year's Eve in 2012 while she slept.,1
1,8.0,3,5,"He was drunk, started to kiss her and fondled her under her clothes.",1
1,8.0,3,6,"Although police did not charge him with a crime after the teen reported it in 2013, they re-opened an investigation into the matter on Tuesday.",1
1,8.0,3,7,"Following the news, the Republican Party of Kentucky and leaders of the House Republican Caucus called for Johnson to resign.",1
1,8.0,3,8,"Despite the calls, Johnson held a press conference where he refused to step down and then dismissed the report as ""fake news"" in a suicide note posted to Facebook.",1
1,8.0,3,9,Deputies with the Bullitt County Sheriff's Office found Johnson's body in front of his car on the bridge where he had killed himself.,1
1,8.0,3,10,The county coroner determined Johnson died of a self-inflicted gunshot wound to the head.,1
1,8.0,3,11,"The news report raised doubt about Johnson's personal history such as documents claiming he performed miracles on mission trips, set up safe zones during the 1992 LA riots, served as chaplain in the White House under Presidents Bill Clinton and Geor",0
1,8.0,3,12,"He boasted about these acts during his campaign last year, but no record or person could corroborate his story.",0
1,8.0,3,13,"The report also cast doubt on Johnson's claim that he witnessed the 9/11 attacks in New York, served as a clergy following the chaos and set up morgues in the rubble.",1
1,8.0,3,14,"To support his story, Johnson shared an image of him posing with then Mayor Rudy Giuliani at ground zero and state records listing him as receiving New York workers' compensation.",1
1,8.0,3,15,"Yet, city officials and public documents failed to support his narrative.",0
1,8.0,3,16,Johnson shared the aforementioned details with Guns.com in brief interviews and even appeared in the book We The People.,0
1,8.0,3,17,"In June 2016, Guns.com published his famous ""gun choir"" in a video in which he sang Amazing Grace with members of his congregation while sporting pistols and rifles.",0
1,8.0,3,18,"Michael Skoler, the president of Louisville Public Media, which owns the Kentucky Center for Investigative Reporting, released a statement saying how sorry they were to hear of Johnson's death.",0
1,8.0,3,19,"He defended his center's article: ""Our aim, as always, is to provide the public with fact-based, un3 reporting and hold public officials accountable for their actions.""",0
1,8.0,4,t,"Kentucky rep, gun-toting preacher commits suicide amid sexual assault accusations",1
1,8.0,4,0,"Kentucky state Rep. Dan Johnson, who had built a reputation for himself as a gun-toting, motorcycle-riding preacher, committed suicide on Wednesday following allegations that he molested an underage girl and other crimes.",1
1,8.0,4,1,"Details of Johnson's alleged misbehavior were uncovered by the Kentucky Center for Investigative Reporting, a Louisville-based journalism non-profit, in an expos챕 called The Pope's Long Con.",0
1,8.0,4,2,The report detailed Johnson as embroiled in a web of lies and deceit and described his role in a mysterious fire and the sexual misconduct.,1
1,8.0,4,3,"According to the report, Johnson allegedly molested a 17-year-old girl staying at a living area of the Heart of Fire City Church where he was a pastor.",0
1,8.0,4,4,The teen told authorities that he approached her on New Year's Eve in 2012 while she slept.,1
1,8.0,4,5,"He was drunk, started to kiss her and fondled her under her clothes.",1
1,8.0,4,6,"Although police did not charge him with a crime after the teen reported it in 2013, they re-opened an investigation into the matter on Tuesday.",0
1,8.0,4,7,"Following the news, the Republican Party of Kentucky and leaders of the House Republican Caucus called for Johnson to resign.",0
1,8.0,4,8,"Despite the calls, Johnson held a press conference where he refused to step down and then dismissed the report as ""fake news"" in a suicide note posted to Facebook.",0
1,8.0,4,9,Deputies with the Bullitt County Sheriff's Office found Johnson's body in front of his car on the bridge where he had killed himself.,0
1,8.0,4,10,The county coroner determined Johnson died of a self-inflicted gunshot wound to the head.,0
1,8.0,4,11,"The news report raised doubt about Johnson's personal history such as documents claiming he performed miracles on mission trips, set up safe zones during the 1992 LA riots, served as chaplain in the White House under Presidents Bill Clinton and Geor",0
1,8.0,4,12,"He boasted about these acts during his campaign last year, but no record or person could corroborate his story.",1
1,8.0,4,13,"The report also cast doubt on Johnson's claim that he witnessed the 9/11 attacks in New York, served as a clergy following the chaos and set up morgues in the rubble.",1
1,8.0,4,14,"To support his story, Johnson shared an image of him posing with then Mayor Rudy Giuliani at ground zero and state records listing him as receiving New York workers' compensation.",1
1,8.0,4,15,"Yet, city officials and public documents failed to support his narrative.",1
1,8.0,4,16,Johnson shared the aforementioned details with Guns.com in brief interviews and even appeared in the book We The People.,1
1,8.0,4,17,"In June 2016, Guns.com published his famous ""gun choir"" in a video in which he sang Amazing Grace with members of his congregation while sporting pistols and rifles.",1
1,8.0,4,18,"Michael Skoler, the president of Louisville Public Media, which owns the Kentucky Center for Investigative Reporting, released a statement saying how sorry they were to hear of Johnson's death.",0
1,8.0,4,19,"He defended his center's article: ""Our aim, as always, is to provide the public with fact-based, un3 reporting and hold public officials accountable for their actions.""",0
1,8.0,1,t,"Kentucky rep, gun-toting preacher commits suicide amid sexual assault accusations",1
1,8.0,1,0,"Kentucky state Rep. Dan Johnson, who had built a reputation for himself as a gun-toting, motorcycle-riding preacher, committed suicide on Wednesday following allegations that he molested an underage girl and other crimes.",1
1,8.0,1,1,"Details of Johnson's alleged misbehavior were uncovered by the Kentucky Center for Investigative Reporting, a Louisville-based journalism non-profit, in an expos챕 called The Pope's Long Con.",0
1,8.0,1,2,The report detailed Johnson as embroiled in a web of lies and deceit and described his role in a mysterious fire and the sexual misconduct.,0
1,8.0,1,3,"According to the report, Johnson allegedly molested a 17-year-old girl staying at a living area of the Heart of Fire City Church where he was a pastor.",0
1,8.0,1,4,The teen told authorities that he approached her on New Year's Eve in 2012 while she slept.,0
1,8.0,1,5,"He was drunk, started to kiss her and fondled her under her clothes.",0
1,8.0,1,6,"Although police did not charge him with a crime after the teen reported it in 2013, they re-opened an investigation into the matter on Tuesday.",0
1,8.0,1,7,"Following the news, the Republican Party of Kentucky and leaders of the House Republican Caucus called for Johnson to resign.",0
1,8.0,1,8,"Despite the calls, Johnson held a press conference where he refused to step down and then dismissed the report as ""fake news"" in a suicide note posted to Facebook.",0
1,8.0,1,9,Deputies with the Bullitt County Sheriff's Office found Johnson's body in front of his car on the bridge where he had killed himself.,0
1,8.0,1,10,The county coroner determined Johnson died of a self-inflicted gunshot wound to the head.,0
1,8.0,1,11,"The news report raised doubt about Johnson's personal history such as documents claiming he performed miracles on mission trips, set up safe zones during the 1992 LA riots, served as chaplain in the White House under Presidents Bill Clinton and Geor",0
1,8.0,1,12,"He boasted about these acts during his campaign last year, but no record or person could corroborate his story.",0
1,8.0,1,13,"The report also cast doubt on Johnson's claim that he witnessed the 9/11 attacks in New York, served as a clergy following the chaos and set up morgues in the rubble.",0
1,8.0,1,14,"To support his story, Johnson shared an image of him posing with then Mayor Rudy Giuliani at ground zero and state records listing him as receiving New York workers' compensation.",0
1,8.0,1,15,"Yet, city officials and public documents failed to support his narrative.",0
1,8.0,1,16,Johnson shared the aforementioned details with Guns.com in brief interviews and even appeared in the book We The People.,0
1,8.0,1,17,"In June 2016, Guns.com published his famous ""gun choir"" in a video in which he sang Amazing Grace with members of his congregation while sporting pistols and rifles.",0
1,8.0,1,18,"Michael Skoler, the president of Louisville Public Media, which owns the Kentucky Center for Investigative Reporting, released a statement saying how sorry they were to hear of Johnson's death.",0
1,8.0,1,19,"He defended his center's article: ""Our aim, as always, is to provide the public with fact-based, un3 reporting and hold public officials accountable for their actions.""",0
1,8.0,2,t,"Kentucky rep, gun-toting preacher commits suicide amid sexual assault accusations",0
1,8.0,2,0,"Kentucky state Rep. Dan Johnson, who had built a reputation for himself as a gun-toting, motorcycle-riding preacher, committed suicide on Wednesday following allegations that he molested an underage girl and other crimes.",1
1,8.0,2,1,"Details of Johnson's alleged misbehavior were uncovered by the Kentucky Center for Investigative Reporting, a Louisville-based journalism non-profit, in an expos챕 called The Pope's Long Con.",0
1,8.0,2,2,The report detailed Johnson as embroiled in a web of lies and deceit and described his role in a mysterious fire and the sexual misconduct.,0
1,8.0,2,3,"According to the report, Johnson allegedly molested a 17-year-old girl staying at a living area of the Heart of Fire City Church where he was a pastor.",0
1,8.0,2,4,The teen told authorities that he approached her on New Year's Eve in 2012 while she slept.,0
1,8.0,2,5,"He was drunk, started to kiss her and fondled her under her clothes.",1
1,8.0,2,6,"Although police did not charge him with a crime after the teen reported it in 2013, they re-opened an investigation into the matter on Tuesday.",1
1,8.0,2,7,"Following the news, the Republican Party of Kentucky and leaders of the House Republican Caucus called for Johnson to resign.",0
1,8.0,2,8,"Despite the calls, Johnson held a press conference where he refused to step down and then dismissed the report as ""fake news"" in a suicide note posted to Facebook.",0
1,8.0,2,9,Deputies with the Bullitt County Sheriff's Office found Johnson's body in front of his car on the bridge where he had killed himself.,0
1,8.0,2,10,The county coroner determined Johnson died of a self-inflicted gunshot wound to the head.,0
1,8.0,2,11,"The news report raised doubt about Johnson's personal history such as documents claiming he performed miracles on mission trips, set up safe zones during the 1992 LA riots, served as chaplain in the White House under Presidents Bill Clinton and Geor",1
1,8.0,2,12,"He boasted about these acts during his campaign last year, but no record or person could corroborate his story.",1
1,8.0,2,13,"The report also cast doubt on Johnson's claim that he witnessed the 9/11 attacks in New York, served as a clergy following the chaos and set up morgues in the rubble.",0
1,8.0,2,14,"To support his story, Johnson shared an image of him posing with then Mayor Rudy Giuliani at ground zero and state records listing him as receiving New York workers' compensation.",1
1,8.0,2,15,"Yet, city officials and public documents failed to support his narrative.",0
1,8.0,2,16,Johnson shared the aforementioned details with Guns.com in brief interviews and even appeared in the book We The People.,0
1,8.0,2,17,"In June 2016, Guns.com published his famous ""gun choir"" in a video in which he sang Amazing Grace with members of his congregation while sporting pistols and rifles.",0
1,8.0,2,18,"Michael Skoler, the president of Louisville Public Media, which owns the Kentucky Center for Investigative Reporting, released a statement saying how sorry they were to hear of Johnson's death.",1
1,8.0,2,19,"He defended his center's article: ""Our aim, as always, is to provide the public with fact-based, un3 reporting and hold public officials accountable for their actions.""",1
1,9.0,2,t,Kentucky Lawmaker Kills Self After Sexual Assault Allegations Made Public,0
1,9.0,2,0,"A Kentucky state representative committed suicide Wednesday, two days after allegations he sexually assaulted a teenage girl were made public.",0
1,9.0,2,1,"According to Sheriff Donnie Tinnell of Bullitt County, Republican Rep. Dan Johnson killed himself on a bridge in Mount Washington, Kentucky.",0
1,9.0,2,2,"The coroner said he ""died of a single gunshot wound"" and determined it was ""a probable suicide.""",1
1,9.0,2,3,Police were alerted after Johnson posted a suicide note on Facebook.,0
1,9.0,2,4,Officers pinged his cell phone and found his body next to his car.,0
1,9.0,2,5,The lawmaker's death comes after the Kentucky Center for Investigative reporting published an expose Monday detailing an allegation that Johnson had sexually assaulted a 17-year-old parishioner from the church where he was bishop.,1
1,9.0,2,6,The alleged incident occurred after a New Year's Eve party in 2012.,0
1,9.0,2,7,"The parishioner, now 21, said that in the early hours of Jan. 1, 2013, after a New Year's Eve party at the church, she and Mr. Johnson's daughter slept over at an apartment below the fellowship hall.",0
1,9.0,2,8,"After falling asleep on a sofa, she said, she woke up to find Mr. Johnson - who was drunk after going to a bar earlier in the night - kneeling over her.",0
1,9.0,2,9,"He proceeded to kiss her, grope her breasts under her shirt, put his hand down her pants and penetrate her with his finger, she said.",1
1,9.0,2,10,"The woman reported the assault to the Louisville Metro Police Department within months of the episode, but no charges were filed.",0
1,9.0,2,11,"However, her account was corroborated by family members, by her therapist's notes from the first half of 2013 and by Facebook messages she exchanged with Mr. Johnson, the Kentucky Center for Investigative Reporting wrote.",0
1,9.0,2,12,(New York Times),0
1,9.0,2,13,"Johnson denied the allegations earlier this week, saying at a press conference: ""This allegation concerning this lady, this young girl, absolutely has no merit, these are unfounded accusations, totally.""",0
1,9.0,2,14,"He went on to argue the allegation against him was, in part, politically motivated-that the woman was a supporter of Hillary Clinton who opposed his conservative beliefs.",0
1,9.0,2,15,"""This is an assault on all real people, there's no perfect people and you get into office and all of sudden political hacks come against you and start accusing you after you're in office,"" Johnson said.",0
1,9.0,2,16,"Mac Brown, chairman of the Republican Party of Kentucky, called on him to resign after the investigative report, which he called ""extensively sourced.""",0
1,9.0,2,17,"""[O]nce again find ourselves in a position where we must call for him to resign, this time, from the Kentucky General Assembly,"" Brown said in a statement.",0
1,9.0,3,t,Kentucky Lawmaker Kills Self After Sexual Assault Allegations Made Public,1
1,9.0,3,0,"A Kentucky state representative committed suicide Wednesday, two days after allegations he sexually assaulted a teenage girl were made public.",1
1,9.0,3,1,"According to Sheriff Donnie Tinnell of Bullitt County, Republican Rep. Dan Johnson killed himself on a bridge in Mount Washington, Kentucky.",0
1,9.0,3,2,"The coroner said he ""died of a single gunshot wound"" and determined it was ""a probable suicide.""",1
1,9.0,3,3,Police were alerted after Johnson posted a suicide note on Facebook.,1
1,9.0,3,4,Officers pinged his cell phone and found his body next to his car.,1
1,9.0,3,5,The lawmaker's death comes after the Kentucky Center for Investigative reporting published an expose Monday detailing an allegation that Johnson had sexually assaulted a 17-year-old parishioner from the church where he was bishop.,1
1,9.0,3,6,The alleged incident occurred after a New Year's Eve party in 2012.,0
1,9.0,3,7,"The parishioner, now 21, said that in the early hours of Jan. 1, 2013, after a New Year's Eve party at the church, she and Mr. Johnson's daughter slept over at an apartment below the fellowship hall.",0
1,9.0,3,8,"After falling asleep on a sofa, she said, she woke up to find Mr. Johnson - who was drunk after going to a bar earlier in the night - kneeling over her.",0
1,9.0,3,9,"He proceeded to kiss her, grope her breasts under her shirt, put his hand down her pants and penetrate her with his finger, she said.",1
1,9.0,3,10,"The woman reported the assault to the Louisville Metro Police Department within months of the episode, but no charges were filed.",1
1,9.0,3,11,"However, her account was corroborated by family members, by her therapist's notes from the first half of 2013 and by Facebook messages she exchanged with Mr. Johnson, the Kentucky Center for Investigative Reporting wrote.",1
1,9.0,3,12,(New York Times),0
1,9.0,3,13,"Johnson denied the allegations earlier this week, saying at a press conference: ""This allegation concerning this lady, this young girl, absolutely has no merit, these are unfounded accusations, totally.""",0
1,9.0,3,14,"He went on to argue the allegation against him was, in part, politically motivated-that the woman was a supporter of Hillary Clinton who opposed his conservative beliefs.",0
1,9.0,3,15,"""This is an assault on all real people, there's no perfect people and you get into office and all of sudden political hacks come against you and start accusing you after you're in office,"" Johnson said.",0
1,9.0,3,16,"Mac Brown, chairman of the Republican Party of Kentucky, called on him to resign after the investigative report, which he called ""extensively sourced.""",0
1,9.0,3,17,"""[O]nce again find ourselves in a position where we must call for him to resign, this time, from the Kentucky General Assembly,"" Brown said in a statement.",0
1,9.0,4,t,Kentucky Lawmaker Kills Self After Sexual Assault Allegations Made Public,0
1,9.0,4,0,"A Kentucky state representative committed suicide Wednesday, two days after allegations he sexually assaulted a teenage girl were made public.",0
1,9.0,4,1,"According to Sheriff Donnie Tinnell of Bullitt County, Republican Rep. Dan Johnson killed himself on a bridge in Mount Washington, Kentucky.",0
1,9.0,4,2,"The coroner said he ""died of a single gunshot wound"" and determined it was ""a probable suicide.""",0
1,9.0,4,3,Police were alerted after Johnson posted a suicide note on Facebook.,0
1,9.0,4,4,Officers pinged his cell phone and found his body next to his car.,0
1,9.0,4,5,The lawmaker's death comes after the Kentucky Center for Investigative reporting published an expose Monday detailing an allegation that Johnson had sexually assaulted a 17-year-old parishioner from the church where he was bishop.,1
1,9.0,4,6,The alleged incident occurred after a New Year's Eve party in 2012.,0
1,9.0,4,7,"The parishioner, now 21, said that in the early hours of Jan. 1, 2013, after a New Year's Eve party at the church, she and Mr. Johnson's daughter slept over at an apartment below the fellowship hall.",1
1,9.0,4,8,"After falling asleep on a sofa, she said, she woke up to find Mr. Johnson - who was drunk after going to a bar earlier in the night - kneeling over her.",1
1,9.0,4,9,"He proceeded to kiss her, grope her breasts under her shirt, put his hand down her pants and penetrate her with his finger, she said.",1
1,9.0,4,10,"The woman reported the assault to the Louisville Metro Police Department within months of the episode, but no charges were filed.",1
1,9.0,4,11,"However, her account was corroborated by family members, by her therapist's notes from the first half of 2013 and by Facebook messages she exchanged with Mr. Johnson, the Kentucky Center for Investigative Reporting wrote.",1
1,9.0,4,12,(New York Times),0
1,9.0,4,13,"Johnson denied the allegations earlier this week, saying at a press conference: ""This allegation concerning this lady, this young girl, absolutely has no merit, these are unfounded accusations, totally.""",0
1,9.0,4,14,"He went on to argue the allegation against him was, in part, politically motivated-that the woman was a supporter of Hillary Clinton who opposed his conservative beliefs.",0
1,9.0,4,15,"""This is an assault on all real people, there's no perfect people and you get into office and all of sudden political hacks come against you and start accusing you after you're in office,"" Johnson said.",0
1,9.0,4,16,"Mac Brown, chairman of the Republican Party of Kentucky, called on him to resign after the investigative report, which he called ""extensively sourced.""",0
1,9.0,4,17,"""[O]nce again find ourselves in a position where we must call for him to resign, this time, from the Kentucky General Assembly,"" Brown said in a statement.",0
1,9.0,1,t,Kentucky Lawmaker Kills Self After Sexual Assault Allegations Made Public,0
1,9.0,1,0,"A Kentucky state representative committed suicide Wednesday, two days after allegations he sexually assaulted a teenage girl were made public.",0
1,9.0,1,1,"According to Sheriff Donnie Tinnell of Bullitt County, Republican Rep. Dan Johnson killed himself on a bridge in Mount Washington, Kentucky.",0
1,9.0,1,2,"The coroner said he ""died of a single gunshot wound"" and determined it was ""a probable suicide.""",0
1,9.0,1,3,Police were alerted after Johnson posted a suicide note on Facebook.,0
1,9.0,1,4,Officers pinged his cell phone and found his body next to his car.,0
1,9.0,1,5,The lawmaker's death comes after the Kentucky Center for Investigative reporting published an expose Monday detailing an allegation that Johnson had sexually assaulted a 17-year-old parishioner from the church where he was bishop.,0
1,9.0,1,6,The alleged incident occurred after a New Year's Eve party in 2012.,0
1,9.0,1,7,"The parishioner, now 21, said that in the early hours of Jan. 1, 2013, after a New Year's Eve party at the church, she and Mr. Johnson's daughter slept over at an apartment below the fellowship hall.",0
1,9.0,1,8,"After falling asleep on a sofa, she said, she woke up to find Mr. Johnson - who was drunk after going to a bar earlier in the night - kneeling over her.",0
1,9.0,1,9,"He proceeded to kiss her, grope her breasts under her shirt, put his hand down her pants and penetrate her with his finger, she said.",0
1,9.0,1,10,"The woman reported the assault to the Louisville Metro Police Department within months of the episode, but no charges were filed.",0
1,9.0,1,11,"However, her account was corroborated by family members, by her therapist's notes from the first half of 2013 and by Facebook messages she exchanged with Mr. Johnson, the Kentucky Center for Investigative Reporting wrote.",0
1,9.0,1,12,(New York Times),0
1,9.0,1,13,"Johnson denied the allegations earlier this week, saying at a press conference: ""This allegation concerning this lady, this young girl, absolutely has no merit, these are unfounded accusations, totally.""",0
1,9.0,1,14,"He went on to argue the allegation against him was, in part, politically motivated-that the woman was a supporter of Hillary Clinton who opposed his conservative beliefs.",0
1,9.0,1,15,"""This is an assault on all real people, there's no perfect people and you get into office and all of sudden political hacks come against you and start accusing you after you're in office,"" Johnson said.",0
1,9.0,1,16,"Mac Brown, chairman of the Republican Party of Kentucky, called on him to resign after the investigative report, which he called ""extensively sourced.""",0
1,9.0,1,17,"""[O]nce again find ourselves in a position where we must call for him to resign, this time, from the Kentucky General Assembly,"" Brown said in a statement.",0
1,9.0,2,t,Kentucky Lawmaker Kills Self After Sexual Assault Allegations Made Public,0
1,9.0,2,0,"A Kentucky state representative committed suicide Wednesday, two days after allegations he sexually assaulted a teenage girl were made public.",0
1,9.0,2,1,"According to Sheriff Donnie Tinnell of Bullitt County, Republican Rep. Dan Johnson killed himself on a bridge in Mount Washington, Kentucky.",0
1,9.0,2,2,"The coroner said he ""died of a single gunshot wound"" and determined it was ""a probable suicide.""",1
1,9.0,2,3,Police were alerted after Johnson posted a suicide note on Facebook.,1
1,9.0,2,4,Officers pinged his cell phone and found his body next to his car.,1
1,9.0,2,5,The lawmaker's death comes after the Kentucky Center for Investigative reporting published an expose Monday detailing an allegation that Johnson had sexually assaulted a 17-year-old parishioner from the church where he was bishop.,0
1,9.0,2,6,The alleged incident occurred after a New Year's Eve party in 2012.,0
1,9.0,2,7,"The parishioner, now 21, said that in the early hours of Jan. 1, 2013, after a New Year's Eve party at the church, she and Mr. Johnson's daughter slept over at an apartment below the fellowship hall.",0
1,9.0,2,8,"After falling asleep on a sofa, she said, she woke up to find Mr. Johnson - who was drunk after going to a bar earlier in the night - kneeling over her.",1
1,9.0,2,9,"He proceeded to kiss her, grope her breasts under her shirt, put his hand down her pants and penetrate her with his finger, she said.",1
1,9.0,2,10,"The woman reported the assault to the Louisville Metro Police Department within months of the episode, but no charges were filed.",0
1,9.0,2,11,"However, her account was corroborated by family members, by her therapist's notes from the first half of 2013 and by Facebook messages she exchanged with Mr. Johnson, the Kentucky Center for Investigative Reporting wrote.",0
1,9.0,2,12,(New York Times),0
1,9.0,2,13,"Johnson denied the allegations earlier this week, saying at a press conference: ""This allegation concerning this lady, this young girl, absolutely has no merit, these are unfounded accusations, totally.""",1
1,9.0,2,14,"He went on to argue the allegation against him was, in part, politically motivated-that the woman was a supporter of Hillary Clinton who opposed his conservative beliefs.",0
1,9.0,2,15,"""This is an assault on all real people, there's no perfect people and you get into office and all of sudden political hacks come against you and start accusing you after you're in office,"" Johnson said.",1
1,9.0,2,16,"Mac Brown, chairman of the Republican Party of Kentucky, called on him to resign after the investigative report, which he called ""extensively sourced.""",1
1,9.0,2,17,"""[O]nce again find ourselves in a position where we must call for him to resign, this time, from the Kentucky General Assembly,"" Brown said in a statement.",1
1,10.0,2,t,Top US politician Dan Johnson kills himself following Facebook post slamming 'judge and jury fake news' after being accused of raping his daughter's 17-year-old pal,0
1,10.0,2,0,A TOP politician killed himself after leaving a Facebook post slamming accusations that he raped his daughter's teenage friend.,1
1,10.0,2,1,"Kentucky state representative Dan Johnson died of a single gunshot wound after stopping his car in a secluded part of Mount Washington, the coroner said.",0
1,10.0,2,2,"Johnson, also the leader of the Heart of Fire Church, denied the accusations reported by the Kentucky Center for Investigative Reporting.",0
1,10.0,2,3,"The story accused Johnson, a Republican who was a firm supporter of President Donald Trump, of having molested a member of his church.",1
1,10.0,2,4,The woman said she was aged 17 at the time of the alleged incident in the church basement.,0
1,10.0,2,5,She claimed Johnson crept into the room while she was sleeping beside his daughter and groped and penetrated her against her will.,0
1,10.0,2,6,Police had been searching for Johnson after someone read a post on his Facebook page and became concerned.,0
1,10.0,2,7,"In the post, written on Wednesday, Johnson paid tribute to his family, saying he had suffered post-traumatic stress disorder for 16 years - ""a sickness that will take my life"".",1
1,10.0,2,8,"He wrote: ""The accusations from NPR are false GOD and only GOD knows the truth, nothing is the way they make it out to be.",0
1,10.0,2,9,"AMERICA will not survive this type of judge and jury fake news.""",0
1,10.0,2,10,"At a press conference on Tuesday, Johnson linked the accusations to similar allegations against the Alabama Republican Roy Moore, who was defeated in a special Senate election that day, saying they were part of a nationwide strategy to defeat conser",0
1,10.0,2,11,"Michael Skoler, president of Louisville Public Media, which owns the Kentucky Center for Investigative Reporting, told the Washington Post everyone at the organisation is ""deeply sad.""",1
1,10.0,2,12,"Skoler added: ""Our aim, as always, is to provide the public with fact-based, un3 reporting and hold public officials accountable for their actions.",0
1,10.0,2,13,"""As part of our process, we reached out to Representative Johnson numerous times over the course of a seven-month investigation.",0
1,10.0,2,14,"""He declined requests to talk about our findings.""",0
1,10.0,2,15,Kentucky Republican Gov.,0
1,10.0,2,16,"Matt Bevin wrote on Twitter: ""Saddened to hear of tonight's death of KY Representative Dan Johnson.",1
1,10.0,2,17,"""My heart breaks for his family tonight ...",0
1,10.0,2,18,"These are heavy days in Frankfort and in America ... May God indeed shed His grace on us all ... We sure need it...""",0
1,10.0,2,19,We pay for your stories!,0
1,10.0,3,t,Top US politician Dan Johnson kills himself following Facebook post slamming 'judge and jury fake news' after being accused of raping his daughter's 17-year-old pal,1
1,10.0,3,0,A TOP politician killed himself after leaving a Facebook post slamming accusations that he raped his daughter's teenage friend.,0
1,10.0,3,1,"Kentucky state representative Dan Johnson died of a single gunshot wound after stopping his car in a secluded part of Mount Washington, the coroner said.",1
1,10.0,3,2,"Johnson, also the leader of the Heart of Fire Church, denied the accusations reported by the Kentucky Center for Investigative Reporting.",0
1,10.0,3,3,"The story accused Johnson, a Republican who was a firm supporter of President Donald Trump, of having molested a member of his church.",0
1,10.0,3,4,The woman said she was aged 17 at the time of the alleged incident in the church basement.,0
1,10.0,3,5,She claimed Johnson crept into the room while she was sleeping beside his daughter and groped and penetrated her against her will.,1
1,10.0,3,6,Police had been searching for Johnson after someone read a post on his Facebook page and became concerned.,1
1,10.0,3,7,"In the post, written on Wednesday, Johnson paid tribute to his family, saying he had suffered post-traumatic stress disorder for 16 years - ""a sickness that will take my life"".",1
1,10.0,3,8,"He wrote: ""The accusations from NPR are false GOD and only GOD knows the truth, nothing is the way they make it out to be.",0
1,10.0,3,9,"AMERICA will not survive this type of judge and jury fake news.""",0
1,10.0,3,10,"At a press conference on Tuesday, Johnson linked the accusations to similar allegations against the Alabama Republican Roy Moore, who was defeated in a special Senate election that day, saying they were part of a nationwide strategy to defeat conser",0
1,10.0,3,11,"Michael Skoler, president of Louisville Public Media, which owns the Kentucky Center for Investigative Reporting, told the Washington Post everyone at the organisation is ""deeply sad.""",0
1,10.0,3,12,"Skoler added: ""Our aim, as always, is to provide the public with fact-based, un3 reporting and hold public officials accountable for their actions.",0
1,10.0,3,13,"""As part of our process, we reached out to Representative Johnson numerous times over the course of a seven-month investigation.",0
1,10.0,3,14,"""He declined requests to talk about our findings.""",0
1,10.0,3,15,Kentucky Republican Gov.,0
1,10.0,3,16,"Matt Bevin wrote on Twitter: ""Saddened to hear of tonight's death of KY Representative Dan Johnson.",1
1,10.0,3,17,"""My heart breaks for his family tonight ...",0
1,10.0,3,18,"These are heavy days in Frankfort and in America ... May God indeed shed His grace on us all ... We sure need it...""",0
1,10.0,3,19,We pay for your stories!,0
1,10.0,4,t,Top US politician Dan Johnson kills himself following Facebook post slamming 'judge and jury fake news' after being accused of raping his daughter's 17-year-old pal,1
1,10.0,4,0,A TOP politician killed himself after leaving a Facebook post slamming accusations that he raped his daughter's teenage friend.,1
1,10.0,4,1,"Kentucky state representative Dan Johnson died of a single gunshot wound after stopping his car in a secluded part of Mount Washington, the coroner said.",0
1,10.0,4,2,"Johnson, also the leader of the Heart of Fire Church, denied the accusations reported by the Kentucky Center for Investigative Reporting.",0
1,10.0,4,3,"The story accused Johnson, a Republican who was a firm supporter of President Donald Trump, of having molested a member of his church.",1
1,10.0,4,4,The woman said she was aged 17 at the time of the alleged incident in the church basement.,0
1,10.0,4,5,She claimed Johnson crept into the room while she was sleeping beside his daughter and groped and penetrated her against her will.,1
1,10.0,4,6,Police had been searching for Johnson after someone read a post on his Facebook page and became concerned.,0
1,10.0,4,7,"In the post, written on Wednesday, Johnson paid tribute to his family, saying he had suffered post-traumatic stress disorder for 16 years - ""a sickness that will take my life"".",1
1,10.0,4,8,"He wrote: ""The accusations from NPR are false GOD and only GOD knows the truth, nothing is the way they make it out to be.",0
1,10.0,4,9,"AMERICA will not survive this type of judge and jury fake news.""",1
1,10.0,4,10,"At a press conference on Tuesday, Johnson linked the accusations to similar allegations against the Alabama Republican Roy Moore, who was defeated in a special Senate election that day, saying they were part of a nationwide strategy to defeat conser",1
1,10.0,4,11,"Michael Skoler, president of Louisville Public Media, which owns the Kentucky Center for Investigative Reporting, told the Washington Post everyone at the organisation is ""deeply sad.""",0
1,10.0,4,12,"Skoler added: ""Our aim, as always, is to provide the public with fact-based, un3 reporting and hold public officials accountable for their actions.",0
1,10.0,4,13,"""As part of our process, we reached out to Representative Johnson numerous times over the course of a seven-month investigation.",0
1,10.0,4,14,"""He declined requests to talk about our findings.""",1
1,10.0,4,15,Kentucky Republican Gov.,0
1,10.0,4,16,"Matt Bevin wrote on Twitter: ""Saddened to hear of tonight's death of KY Representative Dan Johnson.",0
1,10.0,4,17,"""My heart breaks for his family tonight ...",0
1,10.0,4,18,"These are heavy days in Frankfort and in America ... May God indeed shed His grace on us all ... We sure need it...""",0
1,10.0,4,19,We pay for your stories!,0
1,10.0,1,t,Top US politician Dan Johnson kills himself following Facebook post slamming 'judge and jury fake news' after being accused of raping his daughter's 17-year-old pal,0
1,10.0,1,0,A TOP politician killed himself after leaving a Facebook post slamming accusations that he raped his daughter's teenage friend.,0
1,10.0,1,1,"Kentucky state representative Dan Johnson died of a single gunshot wound after stopping his car in a secluded part of Mount Washington, the coroner said.",0
1,10.0,1,2,"Johnson, also the leader of the Heart of Fire Church, denied the accusations reported by the Kentucky Center for Investigative Reporting.",0
1,10.0,1,3,"The story accused Johnson, a Republican who was a firm supporter of President Donald Trump, of having molested a member of his church.",0
1,10.0,1,4,The woman said she was aged 17 at the time of the alleged incident in the church basement.,0
1,10.0,1,5,She claimed Johnson crept into the room while she was sleeping beside his daughter and groped and penetrated her against her will.,0
1,10.0,1,6,Police had been searching for Johnson after someone read a post on his Facebook page and became concerned.,0
1,10.0,1,7,"In the post, written on Wednesday, Johnson paid tribute to his family, saying he had suffered post-traumatic stress disorder for 16 years - ""a sickness that will take my life"".",0
1,10.0,1,8,"He wrote: ""The accusations from NPR are false GOD and only GOD knows the truth, nothing is the way they make it out to be.",0
1,10.0,1,9,"AMERICA will not survive this type of judge and jury fake news.""",0
1,10.0,1,10,"At a press conference on Tuesday, Johnson linked the accusations to similar allegations against the Alabama Republican Roy Moore, who was defeated in a special Senate election that day, saying they were part of a nationwide strategy to defeat conser",0
1,10.0,1,11,"Michael Skoler, president of Louisville Public Media, which owns the Kentucky Center for Investigative Reporting, told the Washington Post everyone at the organisation is ""deeply sad.""",0
1,10.0,1,12,"Skoler added: ""Our aim, as always, is to provide the public with fact-based, un3 reporting and hold public officials accountable for their actions.",0
1,10.0,1,13,"""As part of our process, we reached out to Representative Johnson numerous times over the course of a seven-month investigation.",0
1,10.0,1,14,"""He declined requests to talk about our findings.""",0
1,10.0,1,15,Kentucky Republican Gov.,0
1,10.0,1,16,"Matt Bevin wrote on Twitter: ""Saddened to hear of tonight's death of KY Representative Dan Johnson.",0
1,10.0,1,17,"""My heart breaks for his family tonight ...",0
1,10.0,1,18,"These are heavy days in Frankfort and in America ... May God indeed shed His grace on us all ... We sure need it...""",0
1,10.0,1,19,We pay for your stories!,0
1,10.0,3,t,Top US politician Dan Johnson kills himself following Facebook post slamming 'judge and jury fake news' after being accused of raping his daughter's 17-year-old pal,0
1,10.0,3,0,A TOP politician killed himself after leaving a Facebook post slamming accusations that he raped his daughter's teenage friend.,1
1,10.0,3,1,"Kentucky state representative Dan Johnson died of a single gunshot wound after stopping his car in a secluded part of Mount Washington, the coroner said.",1
1,10.0,3,2,"Johnson, also the leader of the Heart of Fire Church, denied the accusations reported by the Kentucky Center for Investigative Reporting.",0
1,10.0,3,3,"The story accused Johnson, a Republican who was a firm supporter of President Donald Trump, of having molested a member of his church.",1
1,10.0,3,4,The woman said she was aged 17 at the time of the alleged incident in the church basement.,0
1,10.0,3,5,She claimed Johnson crept into the room while she was sleeping beside his daughter and groped and penetrated her against her will.,1
1,10.0,3,6,Police had been searching for Johnson after someone read a post on his Facebook page and became concerned.,1
1,10.0,3,7,"In the post, written on Wednesday, Johnson paid tribute to his family, saying he had suffered post-traumatic stress disorder for 16 years - ""a sickness that will take my life"".",0
1,10.0,3,8,"He wrote: ""The accusations from NPR are false GOD and only GOD knows the truth, nothing is the way they make it out to be.",0
1,10.0,3,9,"AMERICA will not survive this type of judge and jury fake news.""",1
1,10.0,3,10,"At a press conference on Tuesday, Johnson linked the accusations to similar allegations against the Alabama Republican Roy Moore, who was defeated in a special Senate election that day, saying they were part of a nationwide strategy to defeat conser",1
1,10.0,3,11,"Michael Skoler, president of Louisville Public Media, which owns the Kentucky Center for Investigative Reporting, told the Washington Post everyone at the organisation is ""deeply sad.""",1
1,10.0,3,12,"Skoler added: ""Our aim, as always, is to provide the public with fact-based, un3 reporting and hold public officials accountable for their actions.",0
1,10.0,3,13,"""As part of our process, we reached out to Representative Johnson numerous times over the course of a seven-month investigation.",0
1,10.0,3,14,"""He declined requests to talk about our findings.""",1
1,10.0,3,15,Kentucky Republican Gov.,0
1,10.0,3,16,"Matt Bevin wrote on Twitter: ""Saddened to hear of tonight's death of KY Representative Dan Johnson.",0
1,10.0,3,17,"""My heart breaks for his family tonight ...",0
1,10.0,3,18,"These are heavy days in Frankfort and in America ... May God indeed shed His grace on us all ... We sure need it...""",0
1,10.0,3,19,We pay for your stories!,1
1,11.0,2,t,Kentucky Lawmaker Shoots Himself Following Sexual Harassment Allegations,0
1,11.0,2,0,"The Republican politician, a father of five, had previously battled bipartisan calls to resign following allegations of sexual assault.",1
1,11.0,2,1,"This Wednesday, Kentucky state representative Dan Johnson was found dead by a bridge in Mount Washington with a ""single gunshot wound"" to the head, according to Bullitt County Coroner Dave Billings.",0
1,11.0,2,2,"According to Billings, the nature of the injury indicates that the lawmaker's death was a ""probable suicide"", though the results of the autopsy are still pending.",0
1,11.0,2,3,"Kentucky police were searching for Johnson after they were made aware of a troubling, now-deleted Facebook post he had written, in which he addressed the sexual assault allegations that were made against him and said that he ""cannot handle it any lon",0
1,11.0,2,4,"""The accusations from NPR are false GOD and only GOD knows the truth, nothing is the way they make it out to be.",1
1,11.0,2,5,"AMERICA will not survive this type of judge and jury fake news,"" the post read.",1
1,11.0,2,6,"""IT Has Won This Life.",0
1,11.0,2,7,"BUT HEAVEN IS MY HOME.""",0
1,11.0,2,8,"Earlier this week, the Kentucky Center for Investigative Reporting (KyCIR) released an expose on the Republican lawmaker that featured sexual assault accusations by Maranda Richmond, a female friend of Johnson's daughter.",0
1,11.0,2,9,"Richmond accused Johnson of forcing himself on her as well as groping her breasts and genitals during a New Years Eve party in 2013, when she was 17 years old.",0
1,11.0,2,10,"The young woman claimed that she was woken up by Johnson, who forcefully kissed her, slipped his hands under her shirt and bra and then penetrated her vagina with his fingers.",1
1,11.0,2,11,"Following the KyCIR report, the state leaders of the Republican and Democratic parties called on Johnson to resign.",0
1,11.0,2,12,"Acting Speaker of the Kentucky House of Representatives David Osborne described the expose as ""compelling and deeply troubling.""",0
1,11.0,2,13,"Speaking to a press conference at his church this Tuesday, Johnson denied the accusations and declared that he will not resign.",0
1,11.0,2,14,"""This allegation concerning this lady, this young girl, absolutely has no merit, these are unfounded accusations, totally,"" Johnson said.",0
1,11.0,2,15,"Following his apparent suicide, KyCIR issued a statement, cited by the Washington Post, that the station was ""deeply sad"" to learn about Johnson's death.",0
1,11.0,2,16,"""Our Kentucky Center for Investigative Reporting released a report on Johnson this week.",0
1,11.0,2,17,"Our aim, as always, is to provide the public with fact-based, un3 reporting and hold public officials accountable for their actions,"" the statement read.",0
1,11.0,2,18,READ MORE: Trump Should Resign Over Accusations of Sexual Misconduct - US Senator,1
1,11.0,2,19,"Kentucky's Governor Matt Bevin tweeted that he was ""saddened to hear"" about the lawmaker's death.",0
1,11.0,4,t,Kentucky Lawmaker Shoots Himself Following Sexual Harassment Allegations,1
1,11.0,4,0,"The Republican politician, a father of five, had previously battled bipartisan calls to resign following allegations of sexual assault.",1
1,11.0,4,1,"This Wednesday, Kentucky state representative Dan Johnson was found dead by a bridge in Mount Washington with a ""single gunshot wound"" to the head, according to Bullitt County Coroner Dave Billings.",1
1,11.0,4,2,"According to Billings, the nature of the injury indicates that the lawmaker's death was a ""probable suicide"", though the results of the autopsy are still pending.",1
1,11.0,4,3,"Kentucky police were searching for Johnson after they were made aware of a troubling, now-deleted Facebook post he had written, in which he addressed the sexual assault allegations that were made against him and said that he ""cannot handle it any lon",1
1,11.0,4,4,"""The accusations from NPR are false GOD and only GOD knows the truth, nothing is the way they make it out to be.",1
1,11.0,4,5,"AMERICA will not survive this type of judge and jury fake news,"" the post read.",1
1,11.0,4,6,"""IT Has Won This Life.",1
1,11.0,4,7,"BUT HEAVEN IS MY HOME.""",0
1,11.0,4,8,"Earlier this week, the Kentucky Center for Investigative Reporting (KyCIR) released an expose on the Republican lawmaker that featured sexual assault accusations by Maranda Richmond, a female friend of Johnson's daughter.",1
1,11.0,4,9,"Richmond accused Johnson of forcing himself on her as well as groping her breasts and genitals during a New Years Eve party in 2013, when she was 17 years old.",1
1,11.0,4,10,"The young woman claimed that she was woken up by Johnson, who forcefully kissed her, slipped his hands under her shirt and bra and then penetrated her vagina with his fingers.",1
1,11.0,4,11,"Following the KyCIR report, the state leaders of the Republican and Democratic parties called on Johnson to resign.",1
1,11.0,4,12,"Acting Speaker of the Kentucky House of Representatives David Osborne described the expose as ""compelling and deeply troubling.""",1
1,11.0,4,13,"Speaking to a press conference at his church this Tuesday, Johnson denied the accusations and declared that he will not resign.",1
1,11.0,4,14,"""This allegation concerning this lady, this young girl, absolutely has no merit, these are unfounded accusations, totally,"" Johnson said.",1
1,11.0,4,15,"Following his apparent suicide, KyCIR issued a statement, cited by the Washington Post, that the station was ""deeply sad"" to learn about Johnson's death.",1
1,11.0,4,16,"""Our Kentucky Center for Investigative Reporting released a report on Johnson this week.",1
1,11.0,4,17,"Our aim, as always, is to provide the public with fact-based, un3 reporting and hold public officials accountable for their actions,"" the statement read.",1
1,11.0,4,18,READ MORE: Trump Should Resign Over Accusations of Sexual Misconduct - US Senator,1
1,11.0,4,19,"Kentucky's Governor Matt Bevin tweeted that he was ""saddened to hear"" about the lawmaker's death.",1
1,11.0,4,t,Kentucky Lawmaker Shoots Himself Following Sexual Harassment Allegations,1
1,11.0,4,0,"The Republican politician, a father of five, had previously battled bipartisan calls to resign following allegations of sexual assault.",1
1,11.0,4,1,"This Wednesday, Kentucky state representative Dan Johnson was found dead by a bridge in Mount Washington with a ""single gunshot wound"" to the head, according to Bullitt County Coroner Dave Billings.",1
1,11.0,4,2,"According to Billings, the nature of the injury indicates that the lawmaker's death was a ""probable suicide"", though the results of the autopsy are still pending.",1
1,11.0,4,3,"Kentucky police were searching for Johnson after they were made aware of a troubling, now-deleted Facebook post he had written, in which he addressed the sexual assault allegations that were made against him and said that he ""cannot handle it any lon",1
1,11.0,4,4,"""The accusations from NPR are false GOD and only GOD knows the truth, nothing is the way they make it out to be.",1
1,11.0,4,5,"AMERICA will not survive this type of judge and jury fake news,"" the post read.",1
1,11.0,4,6,"""IT Has Won This Life.",0
1,11.0,4,7,"BUT HEAVEN IS MY HOME.""",0
1,11.0,4,8,"Earlier this week, the Kentucky Center for Investigative Reporting (KyCIR) released an expose on the Republican lawmaker that featured sexual assault accusations by Maranda Richmond, a female friend of Johnson's daughter.",1
1,11.0,4,9,"Richmond accused Johnson of forcing himself on her as well as groping her breasts and genitals during a New Years Eve party in 2013, when she was 17 years old.",1
1,11.0,4,10,"The young woman claimed that she was woken up by Johnson, who forcefully kissed her, slipped his hands under her shirt and bra and then penetrated her vagina with his fingers.",1
1,11.0,4,11,"Following the KyCIR report, the state leaders of the Republican and Democratic parties called on Johnson to resign.",1
1,11.0,4,12,"Acting Speaker of the Kentucky House of Representatives David Osborne described the expose as ""compelling and deeply troubling.""",1
1,11.0,4,13,"Speaking to a press conference at his church this Tuesday, Johnson denied the accusations and declared that he will not resign.",1
1,11.0,4,14,"""This allegation concerning this lady, this young girl, absolutely has no merit, these are unfounded accusations, totally,"" Johnson said.",1
1,11.0,4,15,"Following his apparent suicide, KyCIR issued a statement, cited by the Washington Post, that the station was ""deeply sad"" to learn about Johnson's death.",1
1,11.0,4,16,"""Our Kentucky Center for Investigative Reporting released a report on Johnson this week.",0
1,11.0,4,17,"Our aim, as always, is to provide the public with fact-based, un3 reporting and hold public officials accountable for their actions,"" the statement read.",0
1,11.0,4,18,READ MORE: Trump Should Resign Over Accusations of Sexual Misconduct - US Senator,1
1,11.0,4,19,"Kentucky's Governor Matt Bevin tweeted that he was ""saddened to hear"" about the lawmaker's death.",1
1,11.0,3,t,Kentucky Lawmaker Shoots Himself Following Sexual Harassment Allegations,0
1,11.0,3,0,"The Republican politician, a father of five, had previously battled bipartisan calls to resign following allegations of sexual assault.",0
1,11.0,3,1,"This Wednesday, Kentucky state representative Dan Johnson was found dead by a bridge in Mount Washington with a ""single gunshot wound"" to the head, according to Bullitt County Coroner Dave Billings.",0
1,11.0,3,2,"According to Billings, the nature of the injury indicates that the lawmaker's death was a ""probable suicide"", though the results of the autopsy are still pending.",0
1,11.0,3,3,"Kentucky police were searching for Johnson after they were made aware of a troubling, now-deleted Facebook post he had written, in which he addressed the sexual assault allegations that were made against him and said that he ""cannot handle it any lon",0
1,11.0,3,4,"""The accusations from NPR are false GOD and only GOD knows the truth, nothing is the way they make it out to be.",1
1,11.0,3,5,"AMERICA will not survive this type of judge and jury fake news,"" the post read.",0
1,11.0,3,6,"""IT Has Won This Life.",1
1,11.0,3,7,"BUT HEAVEN IS MY HOME.""",1
1,11.0,3,8,"Earlier this week, the Kentucky Center for Investigative Reporting (KyCIR) released an expose on the Republican lawmaker that featured sexual assault accusations by Maranda Richmond, a female friend of Johnson's daughter.",1
1,11.0,3,9,"Richmond accused Johnson of forcing himself on her as well as groping her breasts and genitals during a New Years Eve party in 2013, when she was 17 years old.",0
1,11.0,3,10,"The young woman claimed that she was woken up by Johnson, who forcefully kissed her, slipped his hands under her shirt and bra and then penetrated her vagina with his fingers.",1
1,11.0,3,11,"Following the KyCIR report, the state leaders of the Republican and Democratic parties called on Johnson to resign.",1
1,11.0,3,12,"Acting Speaker of the Kentucky House of Representatives David Osborne described the expose as ""compelling and deeply troubling.""",1
1,11.0,3,13,"Speaking to a press conference at his church this Tuesday, Johnson denied the accusations and declared that he will not resign.",0
1,11.0,3,14,"""This allegation concerning this lady, this young girl, absolutely has no merit, these are unfounded accusations, totally,"" Johnson said.",1
1,11.0,3,15,"Following his apparent suicide, KyCIR issued a statement, cited by the Washington Post, that the station was ""deeply sad"" to learn about Johnson's death.",1
1,11.0,3,16,"""Our Kentucky Center for Investigative Reporting released a report on Johnson this week.",0
1,11.0,3,17,"Our aim, as always, is to provide the public with fact-based, un3 reporting and hold public officials accountable for their actions,"" the statement read.",0
1,11.0,3,18,READ MORE: Trump Should Resign Over Accusations of Sexual Misconduct - US Senator,0
1,11.0,3,19,"Kentucky's Governor Matt Bevin tweeted that he was ""saddened to hear"" about the lawmaker's death.",0
1,11.0,1,t,Kentucky Lawmaker Shoots Himself Following Sexual Harassment Allegations,1
1,11.0,1,0,"The Republican politician, a father of five, had previously battled bipartisan calls to resign following allegations of sexual assault.",0
1,11.0,1,1,"This Wednesday, Kentucky state representative Dan Johnson was found dead by a bridge in Mount Washington with a ""single gunshot wound"" to the head, according to Bullitt County Coroner Dave Billings.",0
1,11.0,1,2,"According to Billings, the nature of the injury indicates that the lawmaker's death was a ""probable suicide"", though the results of the autopsy are still pending.",0
1,11.0,1,3,"Kentucky police were searching for Johnson after they were made aware of a troubling, now-deleted Facebook post he had written, in which he addressed the sexual assault allegations that were made against him and said that he ""cannot handle it any lon",0
1,11.0,1,4,"""The accusations from NPR are false GOD and only GOD knows the truth, nothing is the way they make it out to be.",0
1,11.0,1,5,"AMERICA will not survive this type of judge and jury fake news,"" the post read.",1
1,11.0,1,6,"""IT Has Won This Life.",0
1,11.0,1,7,"BUT HEAVEN IS MY HOME.""",0
1,11.0,1,8,"Earlier this week, the Kentucky Center for Investigative Reporting (KyCIR) released an expose on the Republican lawmaker that featured sexual assault accusations by Maranda Richmond, a female friend of Johnson's daughter.",0
1,11.0,1,9,"Richmond accused Johnson of forcing himself on her as well as groping her breasts and genitals during a New Years Eve party in 2013, when she was 17 years old.",0
1,11.0,1,10,"The young woman claimed that she was woken up by Johnson, who forcefully kissed her, slipped his hands under her shirt and bra and then penetrated her vagina with his fingers.",0
1,11.0,1,11,"Following the KyCIR report, the state leaders of the Republican and Democratic parties called on Johnson to resign.",0
1,11.0,1,12,"Acting Speaker of the Kentucky House of Representatives David Osborne described the expose as ""compelling and deeply troubling.""",0
1,11.0,1,13,"Speaking to a press conference at his church this Tuesday, Johnson denied the accusations and declared that he will not resign.",1
1,11.0,1,14,"""This allegation concerning this lady, this young girl, absolutely has no merit, these are unfounded accusations, totally,"" Johnson said.",1
1,11.0,1,15,"Following his apparent suicide, KyCIR issued a statement, cited by the Washington Post, that the station was ""deeply sad"" to learn about Johnson's death.",0
1,11.0,1,16,"""Our Kentucky Center for Investigative Reporting released a report on Johnson this week.",0
1,11.0,1,17,"Our aim, as always, is to provide the public with fact-based, un3 reporting and hold public officials accountable for their actions,"" the statement read.",1
1,11.0,1,18,READ MORE: Trump Should Resign Over Accusations of Sexual Misconduct - US Senator,0
1,11.0,1,19,"Kentucky's Governor Matt Bevin tweeted that he was ""saddened to hear"" about the lawmaker's death.",0