id_event,id_article,article_bias,id_sentence,sentence_text,bias_score
2,12.0,2,t,Trump campaign consultant took data about millions of users without their knowledge,3
2,12.0,2,0,"Facebook's recent suspension of Cambridge Analytica, a data analytics firm that played a key role in President Trump's 2016 campaign, highlights the rapid rise of a company that claimed it had reached new heights in marrying the art of political pers",0
2,12.0,2,1,"Four years after the company began offering Republican political candidates the promise of groundbreaking tools for delivering political messages tailored to the psychological traits of voters, serious questions remain about its tactics and effective",2
2,12.0,2,2,What is clear is that the services Cambridge Analytica offered are increasingly coveted by modern political campaigns.,2
2,12.0,2,3,"Yet Facebook users had few indications of how their personal data was collected, refashioned and deployed on behalf of candidates.",2
2,12.0,2,4,"A Cambridge University professor working for Cambridge Analytica in 2014 created an app, called Thisisyourdigitallife, that offered personality predictions and billed itself on Facebook as ""a research app used by psychologists.""",1
2,12.0,2,5,"The professor, a Russian American named Aleksandr Kogan, used the app to gain access to demographic information - including the names of users, their ""likes,"" friend lists, and other data.",2
2,12.0,2,6,"Once obtained by Cambridge Analytica, political campaigns could use those profiles to target users with highly tailored messages, ads or fundraising requests.",1
2,12.0,2,7,"Facebook said 270,000 people downloaded the app.",1
2,12.0,2,8,"But people familiar with how such systems work - including a former Cambridge Analytica employee - said the app would have given Cambridge access to information on the friends of each of those people, a number that almost certainly reached into the t",2
2,12.0,2,9,"The Observer of London and the New York Times reported Saturday that Cambridge Analytica had gained access to information on 50 million Facebook users, citing internal documents and interviews with former employees and associates.",2
2,12.0,2,10,Facebook declined to confirm or deny this number.,2
2,12.0,2,11,"It issued a statement noting its past actions to limit access to this kind of personal information, which, until changes were made in 2014 and 2015, was routinely available about any users who did not explicitly act to prevent the release of what ""l",2
2,12.0,2,12,"""In 2014, after hearing feedback from the Facebook community, we made an update to ensure that each person decides what information they want to share about themselves, including their friend list,"" the statement said.",2
2,12.0,2,13,"Facebook on Friday banned Kogan, the parent company of Cambridge Analytica and a former Cambridge employee for improperly sharing the data and failing to destroy it after concerns arose about it in 2015.",1
2,12.0,2,14,"Facebook had asked the parties back then to certify they would not abuse data, but it did not take further action beyond that warning.",1
2,12.0,2,15,"Despite Facebook's concerns in 2015, the social network continued to work with Cambridge Analytica.",1
2,12.0,2,16,"During the presidential election, Facebook employees assisting Donald Trump's digital operation worked in the same office as Cambridge Analytica workers, according to a video by the BBC.",1
2,12.0,2,17,"One former Cambridge employee, Joseph Chancellor, continues to work at Facebook as a user-experience researcher, according to Facebook's public website.",2
2,12.0,2,18,Some critics said Facebook's actions on Friday were an insufficient response to a far-reaching data grab that had informed the decision-making of multiple political operations.,1
2,12.0,2,19,Trump's campaign paid Cambridge Analytica at least $6 million for data analysis in the final five months of a close election.,2
2,12.0,3,t,Trump campaign consultant took data about millions of users without their knowledge,2
2,12.0,3,0,"Facebook's recent suspension of Cambridge Analytica, a data analytics firm that played a key role in President Trump's 2016 campaign, highlights the rapid rise of a company that claimed it had reached new heights in marrying the art of political pers",2
2,12.0,3,1,"Four years after the company began offering Republican political candidates the promise of groundbreaking tools for delivering political messages tailored to the psychological traits of voters, serious questions remain about its tactics and effective",2
2,12.0,3,2,What is clear is that the services Cambridge Analytica offered are increasingly coveted by modern political campaigns.,3
2,12.0,3,3,"Yet Facebook users had few indications of how their personal data was collected, refashioned and deployed on behalf of candidates.",2
2,12.0,3,4,"A Cambridge University professor working for Cambridge Analytica in 2014 created an app, called Thisisyourdigitallife, that offered personality predictions and billed itself on Facebook as ""a research app used by psychologists.""",1
2,12.0,3,5,"The professor, a Russian American named Aleksandr Kogan, used the app to gain access to demographic information - including the names of users, their ""likes,"" friend lists, and other data.",2
2,12.0,3,6,"Once obtained by Cambridge Analytica, political campaigns could use those profiles to target users with highly tailored messages, ads or fundraising requests.",2
2,12.0,3,7,"Facebook said 270,000 people downloaded the app.",2
2,12.0,3,8,"But people familiar with how such systems work - including a former Cambridge Analytica employee - said the app would have given Cambridge access to information on the friends of each of those people, a number that almost certainly reached into the t",3
2,12.0,3,9,"The Observer of London and the New York Times reported Saturday that Cambridge Analytica had gained access to information on 50 million Facebook users, citing internal documents and interviews with former employees and associates.",2
2,12.0,3,10,Facebook declined to confirm or deny this number.,2
2,12.0,3,11,"It issued a statement noting its past actions to limit access to this kind of personal information, which, until changes were made in 2014 and 2015, was routinely available about any users who did not explicitly act to prevent the release of what ""l",2
2,12.0,3,12,"""In 2014, after hearing feedback from the Facebook community, we made an update to ensure that each person decides what information they want to share about themselves, including their friend list,"" the statement said.",1
2,12.0,3,13,"Facebook on Friday banned Kogan, the parent company of Cambridge Analytica and a former Cambridge employee for improperly sharing the data and failing to destroy it after concerns arose about it in 2015.",2
2,12.0,3,14,"Facebook had asked the parties back then to certify they would not abuse data, but it did not take further action beyond that warning.",2
2,12.0,3,15,"Despite Facebook's concerns in 2015, the social network continued to work with Cambridge Analytica.",2
2,12.0,3,16,"During the presidential election, Facebook employees assisting Donald Trump's digital operation worked in the same office as Cambridge Analytica workers, according to a video by the BBC.",2
2,12.0,3,17,"One former Cambridge employee, Joseph Chancellor, continues to work at Facebook as a user-experience researcher, according to Facebook's public website.",2
2,12.0,3,18,Some critics said Facebook's actions on Friday were an insufficient response to a far-reaching data grab that had informed the decision-making of multiple political operations.,3
2,12.0,3,19,Trump's campaign paid Cambridge Analytica at least $6 million for data analysis in the final five months of a close election.,2
2,12.0,3,t,Trump campaign consultant took data about millions of users without their knowledge,2
2,12.0,3,0,"Facebook's recent suspension of Cambridge Analytica, a data analytics firm that played a key role in President Trump's 2016 campaign, highlights the rapid rise of a company that claimed it had reached new heights in marrying the art of political pers",2
2,12.0,3,1,"Four years after the company began offering Republican political candidates the promise of groundbreaking tools for delivering political messages tailored to the psychological traits of voters, serious questions remain about its tactics and effective",2
2,12.0,3,2,What is clear is that the services Cambridge Analytica offered are increasingly coveted by modern political campaigns.,1
2,12.0,3,3,"Yet Facebook users had few indications of how their personal data was collected, refashioned and deployed on behalf of candidates.",1
2,12.0,3,4,"A Cambridge University professor working for Cambridge Analytica in 2014 created an app, called Thisisyourdigitallife, that offered personality predictions and billed itself on Facebook as ""a research app used by psychologists.""",1
2,12.0,3,5,"The professor, a Russian American named Aleksandr Kogan, used the app to gain access to demographic information - including the names of users, their ""likes,"" friend lists, and other data.",1
2,12.0,3,6,"Once obtained by Cambridge Analytica, political campaigns could use those profiles to target users with highly tailored messages, ads or fundraising requests.",1
2,12.0,3,7,"Facebook said 270,000 people downloaded the app.",1
2,12.0,3,8,"But people familiar with how such systems work - including a former Cambridge Analytica employee - said the app would have given Cambridge access to information on the friends of each of those people, a number that almost certainly reached into the t",2
2,12.0,3,9,"The Observer of London and the New York Times reported Saturday that Cambridge Analytica had gained access to information on 50 million Facebook users, citing internal documents and interviews with former employees and associates.",2
2,12.0,3,10,Facebook declined to confirm or deny this number.,2
2,12.0,3,11,"It issued a statement noting its past actions to limit access to this kind of personal information, which, until changes were made in 2014 and 2015, was routinely available about any users who did not explicitly act to prevent the release of what ""l",2
2,12.0,3,12,"""In 2014, after hearing feedback from the Facebook community, we made an update to ensure that each person decides what information they want to share about themselves, including their friend list,"" the statement said.",2
2,12.0,3,13,"Facebook on Friday banned Kogan, the parent company of Cambridge Analytica and a former Cambridge employee for improperly sharing the data and failing to destroy it after concerns arose about it in 2015.",2
2,12.0,3,14,"Facebook had asked the parties back then to certify they would not abuse data, but it did not take further action beyond that warning.",2
2,12.0,3,15,"Despite Facebook's concerns in 2015, the social network continued to work with Cambridge Analytica.",2
2,12.0,3,16,"During the presidential election, Facebook employees assisting Donald Trump's digital operation worked in the same office as Cambridge Analytica workers, according to a video by the BBC.",2
2,12.0,3,17,"One former Cambridge employee, Joseph Chancellor, continues to work at Facebook as a user-experience researcher, according to Facebook's public website.",2
2,12.0,3,18,Some critics said Facebook's actions on Friday were an insufficient response to a far-reaching data grab that had informed the decision-making of multiple political operations.,1
2,12.0,3,19,Trump's campaign paid Cambridge Analytica at least $6 million for data analysis in the final five months of a close election.,1
2,12.0,3,t,Trump campaign consultant took data about millions of users without their knowledge,2
2,12.0,3,0,"Facebook's recent suspension of Cambridge Analytica, a data analytics firm that played a key role in President Trump's 2016 campaign, highlights the rapid rise of a company that claimed it had reached new heights in marrying the art of political pers",1
2,12.0,3,1,"Four years after the company began offering Republican political candidates the promise of groundbreaking tools for delivering political messages tailored to the psychological traits of voters, serious questions remain about its tactics and effective",1
2,12.0,3,2,What is clear is that the services Cambridge Analytica offered are increasingly coveted by modern political campaigns.,1
2,12.0,3,3,"Yet Facebook users had few indications of how their personal data was collected, refashioned and deployed on behalf of candidates.",2
2,12.0,3,4,"A Cambridge University professor working for Cambridge Analytica in 2014 created an app, called Thisisyourdigitallife, that offered personality predictions and billed itself on Facebook as ""a research app used by psychologists.""",2
2,12.0,3,5,"The professor, a Russian American named Aleksandr Kogan, used the app to gain access to demographic information - including the names of users, their ""likes,"" friend lists, and other data.",1
2,12.0,3,6,"Once obtained by Cambridge Analytica, political campaigns could use those profiles to target users with highly tailored messages, ads or fundraising requests.",2
2,12.0,3,7,"Facebook said 270,000 people downloaded the app.",1
2,12.0,3,8,"But people familiar with how such systems work - including a former Cambridge Analytica employee - said the app would have given Cambridge access to information on the friends of each of those people, a number that almost certainly reached into the t",2
2,12.0,3,9,"The Observer of London and the New York Times reported Saturday that Cambridge Analytica had gained access to information on 50 million Facebook users, citing internal documents and interviews with former employees and associates.",1
2,12.0,3,10,Facebook declined to confirm or deny this number.,2
2,12.0,3,11,"It issued a statement noting its past actions to limit access to this kind of personal information, which, until changes were made in 2014 and 2015, was routinely available about any users who did not explicitly act to prevent the release of what ""l",2
2,12.0,3,12,"""In 2014, after hearing feedback from the Facebook community, we made an update to ensure that each person decides what information they want to share about themselves, including their friend list,"" the statement said.",2
2,12.0,3,13,"Facebook on Friday banned Kogan, the parent company of Cambridge Analytica and a former Cambridge employee for improperly sharing the data and failing to destroy it after concerns arose about it in 2015.",3
2,12.0,3,14,"Facebook had asked the parties back then to certify they would not abuse data, but it did not take further action beyond that warning.",1
2,12.0,3,15,"Despite Facebook's concerns in 2015, the social network continued to work with Cambridge Analytica.",2
2,12.0,3,16,"During the presidential election, Facebook employees assisting Donald Trump's digital operation worked in the same office as Cambridge Analytica workers, according to a video by the BBC.",2
2,12.0,3,17,"One former Cambridge employee, Joseph Chancellor, continues to work at Facebook as a user-experience researcher, according to Facebook's public website.",1
2,12.0,3,18,Some critics said Facebook's actions on Friday were an insufficient response to a far-reaching data grab that had informed the decision-making of multiple political operations.,1
2,12.0,3,19,Trump's campaign paid Cambridge Analytica at least $6 million for data analysis in the final five months of a close election.,1
2,12.0,2,t,Trump campaign consultant took data about millions of users without their knowledge,2
2,12.0,2,0,"Facebook's recent suspension of Cambridge Analytica, a data analytics firm that played a key role in President Trump's 2016 campaign, highlights the rapid rise of a company that claimed it had reached new heights in marrying the art of political pers",2
2,12.0,2,1,"Four years after the company began offering Republican political candidates the promise of groundbreaking tools for delivering political messages tailored to the psychological traits of voters, serious questions remain about its tactics and effective",1
2,12.0,2,2,What is clear is that the services Cambridge Analytica offered are increasingly coveted by modern political campaigns.,0
2,12.0,2,3,"Yet Facebook users had few indications of how their personal data was collected, refashioned and deployed on behalf of candidates.",1
2,12.0,2,4,"A Cambridge University professor working for Cambridge Analytica in 2014 created an app, called Thisisyourdigitallife, that offered personality predictions and billed itself on Facebook as ""a research app used by psychologists.""",1
2,12.0,2,5,"The professor, a Russian American named Aleksandr Kogan, used the app to gain access to demographic information - including the names of users, their ""likes,"" friend lists, and other data.",2
2,12.0,2,6,"Once obtained by Cambridge Analytica, political campaigns could use those profiles to target users with highly tailored messages, ads or fundraising requests.",1
2,12.0,2,7,"Facebook said 270,000 people downloaded the app.",0
2,12.0,2,8,"But people familiar with how such systems work - including a former Cambridge Analytica employee - said the app would have given Cambridge access to information on the friends of each of those people, a number that almost certainly reached into the t",1
2,12.0,2,9,"The Observer of London and the New York Times reported Saturday that Cambridge Analytica had gained access to information on 50 million Facebook users, citing internal documents and interviews with former employees and associates.",2
2,12.0,2,10,Facebook declined to confirm or deny this number.,1
2,12.0,2,11,"It issued a statement noting its past actions to limit access to this kind of personal information, which, until changes were made in 2014 and 2015, was routinely available about any users who did not explicitly act to prevent the release of what ""l",2
2,12.0,2,12,"""In 2014, after hearing feedback from the Facebook community, we made an update to ensure that each person decides what information they want to share about themselves, including their friend list,"" the statement said.",2
2,12.0,2,13,"Facebook on Friday banned Kogan, the parent company of Cambridge Analytica and a former Cambridge employee for improperly sharing the data and failing to destroy it after concerns arose about it in 2015.",1
2,12.0,2,14,"Facebook had asked the parties back then to certify they would not abuse data, but it did not take further action beyond that warning.",0
2,12.0,2,15,"Despite Facebook's concerns in 2015, the social network continued to work with Cambridge Analytica.",1
2,12.0,2,16,"During the presidential election, Facebook employees assisting Donald Trump's digital operation worked in the same office as Cambridge Analytica workers, according to a video by the BBC.",2
2,12.0,2,17,"One former Cambridge employee, Joseph Chancellor, continues to work at Facebook as a user-experience researcher, according to Facebook's public website.",1
2,12.0,2,18,Some critics said Facebook's actions on Friday were an insufficient response to a far-reaching data grab that had informed the decision-making of multiple political operations.,2
2,12.0,2,19,Trump's campaign paid Cambridge Analytica at least $6 million for data analysis in the final five months of a close election.,1
2,13.0,2,t,Data Firm Tied to Trump Campaign Talked Business With Russians,1
2,13.0,2,0,"Lukoil was interested in how data was used to target American voters, according to two former company insiders who said there were at least three meetings with Lukoil executives in London and Turkey.",1
2,13.0,2,1,"SCL and Lukoil denied that the talks were political in nature, and SCL also said there were no meetings in London.",2
2,13.0,2,2,The contacts took place as Cambridge Analytica was building a roster of Republican political clients in the United States - and harvesting the Facebook profiles of over 50 million users to develop tools it said could analyze voters' behavior.,1
2,13.0,2,3,"Cambridge Analytica also included extensive questions about Russia's president, Vladimir V. Putin, in surveys it was carrying out in American focus groups in 2014.",1
2,13.0,2,4,"It is not clear what - or which client - prompted the line of questioning, which asked for views on topics ranging from Mr. Putin's popularity to Russian expansionism.",1
2,13.0,2,5,"On two promotional documents obtained by The New York Times, SCL said it did business in Russia.",1
2,13.0,2,6,"In both documents, the country is highlighted on world maps that specify the location of SCL clients, with one of the maps noting that the clients were for the firm's elections division.",1
2,13.0,2,7,"In a statement, SCL said an employee had done ""commercial work"" about 25 years ago ""for a private company in Russia.""",1
2,13.0,2,8,Cambridge Analytica has been a political flash point since its role in the Trump campaign attracted scrutiny after the election.,1
2,13.0,2,9,"While Mr. Nix's firm turned over some records to the House Permanent Select Committee on Intelligence during its investigation of Russian interference, Democrats on the committee want a fuller review.",1
2,13.0,2,10,"""It is imperative to interview a broader range of individuals employed by or linked to Cambridge Analytica,"" they said in a report this month.",1
2,13.0,2,11,"Asked about the Russian oil company, a spokesman for SCL said that in 2014 the firm's commercial division ""discussed helping Lukoil Turkey better engage with its loyalty-card customers at gas stations.""",2
2,13.0,2,12,The spokesman said SCL was not ultimately hired.,1
2,13.0,2,13,"Arash Repac, chief executive of Lukoil Eurasia Petrol, offered a different explanation for the talks.",1
2,13.0,2,14,He said that a meeting he attended with SCL in Turkey involved a promotional campaign with local soccer teams.,1
2,13.0,2,15,"""We needed somebody to guide us with the customer data that we were collecting,"" he wrote in response to a question from The Times.",1
2,13.0,2,16,"""Even though our campaign went ahead, we decided not to cooperate with SCL.",1
2,13.0,2,17,"No contracts were signed.""",1
2,13.0,2,18,"But Christopher Wylie, who helped found Cambridge Analytica and develop the company's voter-profiling technology, said Lukoil showed interest in how the company used data to tailor messaging to American voters.",1
2,13.0,2,19,"""I remember being super confused,"" said Mr. Wylie, who took part in one of the Lukoil meetings.",2
2,13.0,3,t,Data Firm Tied to Trump Campaign Talked Business With Russians,2
2,13.0,3,0,"Lukoil was interested in how data was used to target American voters, according to two former company insiders who said there were at least three meetings with Lukoil executives in London and Turkey.",2
2,13.0,3,1,"SCL and Lukoil denied that the talks were political in nature, and SCL also said there were no meetings in London.",3
2,13.0,3,2,The contacts took place as Cambridge Analytica was building a roster of Republican political clients in the United States - and harvesting the Facebook profiles of over 50 million users to develop tools it said could analyze voters' behavior.,2
2,13.0,3,3,"Cambridge Analytica also included extensive questions about Russia's president, Vladimir V. Putin, in surveys it was carrying out in American focus groups in 2014.",2
2,13.0,3,4,"It is not clear what - or which client - prompted the line of questioning, which asked for views on topics ranging from Mr. Putin's popularity to Russian expansionism.",2
2,13.0,3,5,"On two promotional documents obtained by The New York Times, SCL said it did business in Russia.",2
2,13.0,3,6,"In both documents, the country is highlighted on world maps that specify the location of SCL clients, with one of the maps noting that the clients were for the firm's elections division.",2
2,13.0,3,7,"In a statement, SCL said an employee had done ""commercial work"" about 25 years ago ""for a private company in Russia.""",2
2,13.0,3,8,Cambridge Analytica has been a political flash point since its role in the Trump campaign attracted scrutiny after the election.,2
2,13.0,3,9,"While Mr. Nix's firm turned over some records to the House Permanent Select Committee on Intelligence during its investigation of Russian interference, Democrats on the committee want a fuller review.",1
2,13.0,3,10,"""It is imperative to interview a broader range of individuals employed by or linked to Cambridge Analytica,"" they said in a report this month.",2
2,13.0,3,11,"Asked about the Russian oil company, a spokesman for SCL said that in 2014 the firm's commercial division ""discussed helping Lukoil Turkey better engage with its loyalty-card customers at gas stations.""",2
2,13.0,3,12,The spokesman said SCL was not ultimately hired.,2
2,13.0,3,13,"Arash Repac, chief executive of Lukoil Eurasia Petrol, offered a different explanation for the talks.",2
2,13.0,3,14,He said that a meeting he attended with SCL in Turkey involved a promotional campaign with local soccer teams.,2
2,13.0,3,15,"""We needed somebody to guide us with the customer data that we were collecting,"" he wrote in response to a question from The Times.",2
2,13.0,3,16,"""Even though our campaign went ahead, we decided not to cooperate with SCL.",2
2,13.0,3,17,"No contracts were signed.""",2
2,13.0,3,18,"But Christopher Wylie, who helped found Cambridge Analytica and develop the company's voter-profiling technology, said Lukoil showed interest in how the company used data to tailor messaging to American voters.",2
2,13.0,3,19,"""I remember being super confused,"" said Mr. Wylie, who took part in one of the Lukoil meetings.",2
2,13.0,3,t,Data Firm Tied to Trump Campaign Talked Business With Russians,2
2,13.0,3,0,"Lukoil was interested in how data was used to target American voters, according to two former company insiders who said there were at least three meetings with Lukoil executives in London and Turkey.",3
2,13.0,3,1,"SCL and Lukoil denied that the talks were political in nature, and SCL also said there were no meetings in London.",3
2,13.0,3,2,The contacts took place as Cambridge Analytica was building a roster of Republican political clients in the United States - and harvesting the Facebook profiles of over 50 million users to develop tools it said could analyze voters' behavior.,3
2,13.0,3,3,"Cambridge Analytica also included extensive questions about Russia's president, Vladimir V. Putin, in surveys it was carrying out in American focus groups in 2014.",2
2,13.0,3,4,"It is not clear what - or which client - prompted the line of questioning, which asked for views on topics ranging from Mr. Putin's popularity to Russian expansionism.",2
2,13.0,3,5,"On two promotional documents obtained by The New York Times, SCL said it did business in Russia.",2
2,13.0,3,6,"In both documents, the country is highlighted on world maps that specify the location of SCL clients, with one of the maps noting that the clients were for the firm's elections division.",2
2,13.0,3,7,"In a statement, SCL said an employee had done ""commercial work"" about 25 years ago ""for a private company in Russia.""",2
2,13.0,3,8,Cambridge Analytica has been a political flash point since its role in the Trump campaign attracted scrutiny after the election.,2
2,13.0,3,9,"While Mr. Nix's firm turned over some records to the House Permanent Select Committee on Intelligence during its investigation of Russian interference, Democrats on the committee want a fuller review.",2
2,13.0,3,10,"""It is imperative to interview a broader range of individuals employed by or linked to Cambridge Analytica,"" they said in a report this month.",2
2,13.0,3,11,"Asked about the Russian oil company, a spokesman for SCL said that in 2014 the firm's commercial division ""discussed helping Lukoil Turkey better engage with its loyalty-card customers at gas stations.""",3
2,13.0,3,12,The spokesman said SCL was not ultimately hired.,2
2,13.0,3,13,"Arash Repac, chief executive of Lukoil Eurasia Petrol, offered a different explanation for the talks.",2
2,13.0,3,14,He said that a meeting he attended with SCL in Turkey involved a promotional campaign with local soccer teams.,3
2,13.0,3,15,"""We needed somebody to guide us with the customer data that we were collecting,"" he wrote in response to a question from The Times.",2
2,13.0,3,16,"""Even though our campaign went ahead, we decided not to cooperate with SCL.",2
2,13.0,3,17,"No contracts were signed.""",2
2,13.0,3,18,"But Christopher Wylie, who helped found Cambridge Analytica and develop the company's voter-profiling technology, said Lukoil showed interest in how the company used data to tailor messaging to American voters.",2
2,13.0,3,19,"""I remember being super confused,"" said Mr. Wylie, who took part in one of the Lukoil meetings.",2
2,13.0,2,t,Data Firm Tied to Trump Campaign Talked Business With Russians,2
2,13.0,2,0,"Lukoil was interested in how data was used to target American voters, according to two former company insiders who said there were at least three meetings with Lukoil executives in London and Turkey.",1
2,13.0,2,1,"SCL and Lukoil denied that the talks were political in nature, and SCL also said there were no meetings in London.",2
2,13.0,2,2,The contacts took place as Cambridge Analytica was building a roster of Republican political clients in the United States - and harvesting the Facebook profiles of over 50 million users to develop tools it said could analyze voters' behavior.,2
2,13.0,2,3,"Cambridge Analytica also included extensive questions about Russia's president, Vladimir V. Putin, in surveys it was carrying out in American focus groups in 2014.",1
2,13.0,2,4,"It is not clear what - or which client - prompted the line of questioning, which asked for views on topics ranging from Mr. Putin's popularity to Russian expansionism.",1
2,13.0,2,5,"On two promotional documents obtained by The New York Times, SCL said it did business in Russia.",1
2,13.0,2,6,"In both documents, the country is highlighted on world maps that specify the location of SCL clients, with one of the maps noting that the clients were for the firm's elections division.",1
2,13.0,2,7,"In a statement, SCL said an employee had done ""commercial work"" about 25 years ago ""for a private company in Russia.""",2
2,13.0,2,8,Cambridge Analytica has been a political flash point since its role in the Trump campaign attracted scrutiny after the election.,1
2,13.0,2,9,"While Mr. Nix's firm turned over some records to the House Permanent Select Committee on Intelligence during its investigation of Russian interference, Democrats on the committee want a fuller review.",2
2,13.0,2,10,"""It is imperative to interview a broader range of individuals employed by or linked to Cambridge Analytica,"" they said in a report this month.",1
2,13.0,2,11,"Asked about the Russian oil company, a spokesman for SCL said that in 2014 the firm's commercial division ""discussed helping Lukoil Turkey better engage with its loyalty-card customers at gas stations.""",3
2,13.0,2,12,The spokesman said SCL was not ultimately hired.,2
2,13.0,2,13,"Arash Repac, chief executive of Lukoil Eurasia Petrol, offered a different explanation for the talks.",2
2,13.0,2,14,He said that a meeting he attended with SCL in Turkey involved a promotional campaign with local soccer teams.,2
2,13.0,2,15,"""We needed somebody to guide us with the customer data that we were collecting,"" he wrote in response to a question from The Times.",2
2,13.0,2,16,"""Even though our campaign went ahead, we decided not to cooperate with SCL.",2
2,13.0,2,17,"No contracts were signed.""",1
2,13.0,2,18,"But Christopher Wylie, who helped found Cambridge Analytica and develop the company's voter-profiling technology, said Lukoil showed interest in how the company used data to tailor messaging to American voters.",1
2,13.0,2,19,"""I remember being super confused,"" said Mr. Wylie, who took part in one of the Lukoil meetings.",1
2,13.0,1,t,Data Firm Tied to Trump Campaign Talked Business With Russians,1
2,13.0,1,0,"Lukoil was interested in how data was used to target American voters, according to two former company insiders who said there were at least three meetings with Lukoil executives in London and Turkey.",1
2,13.0,1,1,"SCL and Lukoil denied that the talks were political in nature, and SCL also said there were no meetings in London.",2
2,13.0,1,2,The contacts took place as Cambridge Analytica was building a roster of Republican political clients in the United States - and harvesting the Facebook profiles of over 50 million users to develop tools it said could analyze voters' behavior.,1
2,13.0,1,3,"Cambridge Analytica also included extensive questions about Russia's president, Vladimir V. Putin, in surveys it was carrying out in American focus groups in 2014.",1
2,13.0,1,4,"It is not clear what - or which client - prompted the line of questioning, which asked for views on topics ranging from Mr. Putin's popularity to Russian expansionism.",2
2,13.0,1,5,"On two promotional documents obtained by The New York Times, SCL said it did business in Russia.",0
2,13.0,1,6,"In both documents, the country is highlighted on world maps that specify the location of SCL clients, with one of the maps noting that the clients were for the firm's elections division.",1
2,13.0,1,7,"In a statement, SCL said an employee had done ""commercial work"" about 25 years ago ""for a private company in Russia.""",2
2,13.0,1,8,Cambridge Analytica has been a political flash point since its role in the Trump campaign attracted scrutiny after the election.,1
2,13.0,1,9,"While Mr. Nix's firm turned over some records to the House Permanent Select Committee on Intelligence during its investigation of Russian interference, Democrats on the committee want a fuller review.",1
2,13.0,1,10,"""It is imperative to interview a broader range of individuals employed by or linked to Cambridge Analytica,"" they said in a report this month.",0
2,13.0,1,11,"Asked about the Russian oil company, a spokesman for SCL said that in 2014 the firm's commercial division ""discussed helping Lukoil Turkey better engage with its loyalty-card customers at gas stations.""",2
2,13.0,1,12,The spokesman said SCL was not ultimately hired.,2
2,13.0,1,13,"Arash Repac, chief executive of Lukoil Eurasia Petrol, offered a different explanation for the talks.",1
2,13.0,1,14,He said that a meeting he attended with SCL in Turkey involved a promotional campaign with local soccer teams.,0
2,13.0,1,15,"""We needed somebody to guide us with the customer data that we were collecting,"" he wrote in response to a question from The Times.",1
2,13.0,1,16,"""Even though our campaign went ahead, we decided not to cooperate with SCL.",0
2,13.0,1,17,"No contracts were signed.""",1
2,13.0,1,18,"But Christopher Wylie, who helped found Cambridge Analytica and develop the company's voter-profiling technology, said Lukoil showed interest in how the company used data to tailor messaging to American voters.",1
2,13.0,1,19,"""I remember being super confused,"" said Mr. Wylie, who took part in one of the Lukoil meetings.",2
2,14.0,1,t,Senate Judiciary Dem calls on Zuckerberg to testify before committee,2
2,14.0,1,0,Sen. Amy Klobuchar Amy Jean KlobucharOvernight Health Care: Trump eases rules on insurance outside ObamaCare | HHS office on religious rights gets 300 complaints in a month | GOP chair eyes opioid bill vote by Memorial Day Overnight Regulation: Trump,2
2,14.0,1,1,"""Facebook breach: This is a major breach that must be investigated.",1
2,14.0,1,2,It's clear these platforms can't police themselves.,2
2,14.0,1,3,I've called for more transparency & accountability for online political ads.,0
2,14.0,1,4,"They say ""trust us.""",0
2,14.0,1,5,"Mark Zuckerberg needs to testify before Senate Judiciary,"" Klobuchar, a member of the committee, wrote on Twitter.",0
2,14.0,1,6,"Her comment came in response to the news that  Cambridge Analytica, the data firm used by the Trump campaign, obtained private information of more than 50 million people without their permission for campaign uses.",2
2,14.0,1,7,It was also reported that senior members of Cambridge Analytica met with Russian business executives ahead of the 2016 campaign.,2
2,14.0,1,8,Facebook suspended the group on Friday for not fully deleting all of the data it had obtained.,2
2,14.0,1,9,Klobucar also said that Cambridge Analytica taking data on Facebook users is further justification for regulating technology companies via her Honest Ads Act.,2
2,14.0,1,10,"She introduced the bill in late 2017, which would hold internet platforms like Facebook to similar political ad disclosure standards as radio, TV and print outlets.",2
2,14.0,1,11,"Sen. Mark Warner Mark Robert WarnerLawmakers worry about rise of fake video technology Mueller indictment reveals sophisticated Russian manipulation effort GOP cautious, Dems strident in reaction to new indictments MORE (D-Va.) who co-sponsored the ",0
2,14.0,1,12,"""Whether it's allowing Russians to purchase political ads, or extensive micro-targeting based on ill-gotten user data, it's clear that, left unregulated, this market will continue to be prone to deception and lacking in transparency,"" he said in a s",1
2,14.0,1,13,"""This is another strong indication of the need for Congress to quickly pass the Honest Ads Act to bring transparency and accountability to online political advertisements.""",2
2,14.0,1,14,"Facebook's general counsel, Colin Stretch, testified in front of the Judiciary Committee alongside top lawyers from Google and Twitter, at the end of October about Russian manipulation on its platform.",1
2,14.0,1,15,"At the time, some lawmakers said that they would also like to see top executives from the firm appear before Congress.",0
2,14.0,1,16,"The social media platform has already been under increased scrutiny after it was revealed that Russian actors potentially linked to Russia spent $100,000 on political advertisements on the site during the presidential campaign.",1
2,14.0,1,17,Facebook has been cooperating with investigators.,1
2,14.0,1,18,The information about the ads was handed to Congress and special counsel Robert Mueller Robert Swan MuellerSasse: US should applaud choice of Mueller to lead Russia probe MORE for their investigations into Russian interference in the election.,2
2,14.0,3,t,Senate Judiciary Dem calls on Zuckerberg to testify before committee,2
2,14.0,3,0,Sen. Amy Klobuchar Amy Jean KlobucharOvernight Health Care: Trump eases rules on insurance outside ObamaCare | HHS office on religious rights gets 300 complaints in a month | GOP chair eyes opioid bill vote by Memorial Day Overnight Regulation: Trump,2
2,14.0,3,1,"""Facebook breach: This is a major breach that must be investigated.",2
2,14.0,3,2,It's clear these platforms can't police themselves.,2
2,14.0,3,3,I've called for more transparency & accountability for online political ads.,2
2,14.0,3,4,"They say ""trust us.""",3
2,14.0,3,5,"Mark Zuckerberg needs to testify before Senate Judiciary,"" Klobuchar, a member of the committee, wrote on Twitter.",2
2,14.0,3,6,"Her comment came in response to the news that  Cambridge Analytica, the data firm used by the Trump campaign, obtained private information of more than 50 million people without their permission for campaign uses.",2
2,14.0,3,7,It was also reported that senior members of Cambridge Analytica met with Russian business executives ahead of the 2016 campaign.,1
2,14.0,3,8,Facebook suspended the group on Friday for not fully deleting all of the data it had obtained.,2
2,14.0,3,9,Klobucar also said that Cambridge Analytica taking data on Facebook users is further justification for regulating technology companies via her Honest Ads Act.,2
2,14.0,3,10,"She introduced the bill in late 2017, which would hold internet platforms like Facebook to similar political ad disclosure standards as radio, TV and print outlets.",2
2,14.0,3,11,"Sen. Mark Warner Mark Robert WarnerLawmakers worry about rise of fake video technology Mueller indictment reveals sophisticated Russian manipulation effort GOP cautious, Dems strident in reaction to new indictments MORE (D-Va.) who co-sponsored the ",2
2,14.0,3,12,"""Whether it's allowing Russians to purchase political ads, or extensive micro-targeting based on ill-gotten user data, it's clear that, left unregulated, this market will continue to be prone to deception and lacking in transparency,"" he said in a s",2
2,14.0,3,13,"""This is another strong indication of the need for Congress to quickly pass the Honest Ads Act to bring transparency and accountability to online political advertisements.""",1
2,14.0,3,14,"Facebook's general counsel, Colin Stretch, testified in front of the Judiciary Committee alongside top lawyers from Google and Twitter, at the end of October about Russian manipulation on its platform.",2
2,14.0,3,15,"At the time, some lawmakers said that they would also like to see top executives from the firm appear before Congress.",2
2,14.0,3,16,"The social media platform has already been under increased scrutiny after it was revealed that Russian actors potentially linked to Russia spent $100,000 on political advertisements on the site during the presidential campaign.",2
2,14.0,3,17,Facebook has been cooperating with investigators.,2
2,14.0,3,18,The information about the ads was handed to Congress and special counsel Robert Mueller Robert Swan MuellerSasse: US should applaud choice of Mueller to lead Russia probe MORE for their investigations into Russian interference in the election.,2
2,14.0,2,t,Senate Judiciary Dem calls on Zuckerberg to testify before committee,2
2,14.0,2,0,Sen. Amy Klobuchar Amy Jean KlobucharOvernight Health Care: Trump eases rules on insurance outside ObamaCare | HHS office on religious rights gets 300 complaints in a month | GOP chair eyes opioid bill vote by Memorial Day Overnight Regulation: Trump,3
2,14.0,2,1,"""Facebook breach: This is a major breach that must be investigated.",1
2,14.0,2,2,It's clear these platforms can't police themselves.,1
2,14.0,2,3,I've called for more transparency & accountability for online political ads.,1
2,14.0,2,4,"They say ""trust us.""",2
2,14.0,2,5,"Mark Zuckerberg needs to testify before Senate Judiciary,"" Klobuchar, a member of the committee, wrote on Twitter.",2
2,14.0,2,6,"Her comment came in response to the news that  Cambridge Analytica, the data firm used by the Trump campaign, obtained private information of more than 50 million people without their permission for campaign uses.",2
2,14.0,2,7,It was also reported that senior members of Cambridge Analytica met with Russian business executives ahead of the 2016 campaign.,2
2,14.0,2,8,Facebook suspended the group on Friday for not fully deleting all of the data it had obtained.,1
2,14.0,2,9,Klobucar also said that Cambridge Analytica taking data on Facebook users is further justification for regulating technology companies via her Honest Ads Act.,2
2,14.0,2,10,"She introduced the bill in late 2017, which would hold internet platforms like Facebook to similar political ad disclosure standards as radio, TV and print outlets.",2
2,14.0,2,11,"Sen. Mark Warner Mark Robert WarnerLawmakers worry about rise of fake video technology Mueller indictment reveals sophisticated Russian manipulation effort GOP cautious, Dems strident in reaction to new indictments MORE (D-Va.) who co-sponsored the ",2
2,14.0,2,12,"""Whether it's allowing Russians to purchase political ads, or extensive micro-targeting based on ill-gotten user data, it's clear that, left unregulated, this market will continue to be prone to deception and lacking in transparency,"" he said in a s",1
2,14.0,2,13,"""This is another strong indication of the need for Congress to quickly pass the Honest Ads Act to bring transparency and accountability to online political advertisements.""",1
2,14.0,2,14,"Facebook's general counsel, Colin Stretch, testified in front of the Judiciary Committee alongside top lawyers from Google and Twitter, at the end of October about Russian manipulation on its platform.",2
2,14.0,2,15,"At the time, some lawmakers said that they would also like to see top executives from the firm appear before Congress.",1
2,14.0,2,16,"The social media platform has already been under increased scrutiny after it was revealed that Russian actors potentially linked to Russia spent $100,000 on political advertisements on the site during the presidential campaign.",2
2,14.0,2,17,Facebook has been cooperating with investigators.,2
2,14.0,2,18,The information about the ads was handed to Congress and special counsel Robert Mueller Robert Swan MuellerSasse: US should applaud choice of Mueller to lead Russia probe MORE for their investigations into Russian interference in the election.,2
2,14.0,3,t,Senate Judiciary Dem calls on Zuckerberg to testify before committee,0
2,14.0,3,0,Sen. Amy Klobuchar Amy Jean KlobucharOvernight Health Care: Trump eases rules on insurance outside ObamaCare | HHS office on religious rights gets 300 complaints in a month | GOP chair eyes opioid bill vote by Memorial Day Overnight Regulation: Trump,0
2,14.0,3,1,"""Facebook breach: This is a major breach that must be investigated.",2
2,14.0,3,2,It's clear these platforms can't police themselves.,2
2,14.0,3,3,I've called for more transparency & accountability for online political ads.,1
2,14.0,3,4,"They say ""trust us.""",1
2,14.0,3,5,"Mark Zuckerberg needs to testify before Senate Judiciary,"" Klobuchar, a member of the committee, wrote on Twitter.",2
2,14.0,3,6,"Her comment came in response to the news that  Cambridge Analytica, the data firm used by the Trump campaign, obtained private information of more than 50 million people without their permission for campaign uses.",1
2,14.0,3,7,It was also reported that senior members of Cambridge Analytica met with Russian business executives ahead of the 2016 campaign.,1
2,14.0,3,8,Facebook suspended the group on Friday for not fully deleting all of the data it had obtained.,2
2,14.0,3,9,Klobucar also said that Cambridge Analytica taking data on Facebook users is further justification for regulating technology companies via her Honest Ads Act.,2
2,14.0,3,10,"She introduced the bill in late 2017, which would hold internet platforms like Facebook to similar political ad disclosure standards as radio, TV and print outlets.",1
2,14.0,3,11,"Sen. Mark Warner Mark Robert WarnerLawmakers worry about rise of fake video technology Mueller indictment reveals sophisticated Russian manipulation effort GOP cautious, Dems strident in reaction to new indictments MORE (D-Va.) who co-sponsored the ",1
2,14.0,3,12,"""Whether it's allowing Russians to purchase political ads, or extensive micro-targeting based on ill-gotten user data, it's clear that, left unregulated, this market will continue to be prone to deception and lacking in transparency,"" he said in a s",1
2,14.0,3,13,"""This is another strong indication of the need for Congress to quickly pass the Honest Ads Act to bring transparency and accountability to online political advertisements.""",1
2,14.0,3,14,"Facebook's general counsel, Colin Stretch, testified in front of the Judiciary Committee alongside top lawyers from Google and Twitter, at the end of October about Russian manipulation on its platform.",2
2,14.0,3,15,"At the time, some lawmakers said that they would also like to see top executives from the firm appear before Congress.",2
2,14.0,3,16,"The social media platform has already been under increased scrutiny after it was revealed that Russian actors potentially linked to Russia spent $100,000 on political advertisements on the site during the presidential campaign.",2
2,14.0,3,17,Facebook has been cooperating with investigators.,2
2,14.0,3,18,The information about the ads was handed to Congress and special counsel Robert Mueller Robert Swan MuellerSasse: US should applaud choice of Mueller to lead Russia probe MORE for their investigations into Russian interference in the election.,1
2,14.0,3,t,Senate Judiciary Dem calls on Zuckerberg to testify before committee,1
2,14.0,3,0,Sen. Amy Klobuchar Amy Jean KlobucharOvernight Health Care: Trump eases rules on insurance outside ObamaCare | HHS office on religious rights gets 300 complaints in a month | GOP chair eyes opioid bill vote by Memorial Day Overnight Regulation: Trump,0
2,14.0,3,1,"""Facebook breach: This is a major breach that must be investigated.",1
2,14.0,3,2,It's clear these platforms can't police themselves.,1
2,14.0,3,3,I've called for more transparency & accountability for online political ads.,2
2,14.0,3,4,"They say ""trust us.""",1
2,14.0,3,5,"Mark Zuckerberg needs to testify before Senate Judiciary,"" Klobuchar, a member of the committee, wrote on Twitter.",2
2,14.0,3,6,"Her comment came in response to the news that  Cambridge Analytica, the data firm used by the Trump campaign, obtained private information of more than 50 million people without their permission for campaign uses.",0
2,14.0,3,7,It was also reported that senior members of Cambridge Analytica met with Russian business executives ahead of the 2016 campaign.,1
2,14.0,3,8,Facebook suspended the group on Friday for not fully deleting all of the data it had obtained.,1
2,14.0,3,9,Klobucar also said that Cambridge Analytica taking data on Facebook users is further justification for regulating technology companies via her Honest Ads Act.,2
2,14.0,3,10,"She introduced the bill in late 2017, which would hold internet platforms like Facebook to similar political ad disclosure standards as radio, TV and print outlets.",2
2,14.0,3,11,"Sen. Mark Warner Mark Robert WarnerLawmakers worry about rise of fake video technology Mueller indictment reveals sophisticated Russian manipulation effort GOP cautious, Dems strident in reaction to new indictments MORE (D-Va.) who co-sponsored the ",1
2,14.0,3,12,"""Whether it's allowing Russians to purchase political ads, or extensive micro-targeting based on ill-gotten user data, it's clear that, left unregulated, this market will continue to be prone to deception and lacking in transparency,"" he said in a s",1
2,14.0,3,13,"""This is another strong indication of the need for Congress to quickly pass the Honest Ads Act to bring transparency and accountability to online political advertisements.""",2
2,14.0,3,14,"Facebook's general counsel, Colin Stretch, testified in front of the Judiciary Committee alongside top lawyers from Google and Twitter, at the end of October about Russian manipulation on its platform.",1
2,14.0,3,15,"At the time, some lawmakers said that they would also like to see top executives from the firm appear before Congress.",0
2,14.0,3,16,"The social media platform has already been under increased scrutiny after it was revealed that Russian actors potentially linked to Russia spent $100,000 on political advertisements on the site during the presidential campaign.",1
2,14.0,3,17,Facebook has been cooperating with investigators.,1
2,14.0,3,18,The information about the ads was handed to Congress and special counsel Robert Mueller Robert Swan MuellerSasse: US should applaud choice of Mueller to lead Russia probe MORE for their investigations into Russian interference in the election.,2
2,15.0,2,t,Trump-linked Cambridge Analytica tapped 50M Facebook profiles,1
2,15.0,2,0,A data analysis firm employed by President Donald Trump's 2016 campaign tapped the Facebook profiles of more than 50 million users without their permission.,1
2,15.0,2,1,"The move allowed Cambridge Analytica to capitalize on the private social media activity of a large portion of the U.S. electorate, developing techniques that underpinned its work on President Trump's campaign in 2016, according to two major reports o",1
2,15.0,2,2,"One of the largest data leaks in Facebook history allowed Cambridge Analytica, which had ties to Trump campaign strategist Steve Bannon, to develop techniques that formed the basis of its work on the Trump campaign, The New York Times and The Guardia",1
2,15.0,2,3,"Facebook said it has suspended Cambridge Analytica- it has also suspended University of Cambridge psychology professor Aleksandr Kogan who created the harvesting app in question; and another individual, Christopher Wylie of Eunoia Technologies (previ",2
2,15.0,2,4,"Wylie, former Cambride Analytica worker, turned whistleblower has become a focal point in the illegitimate acquisitions of the 50million Facebook profiles and user data.",1
2,15.0,2,5,"Wylie, who is now just 28-years-old, and arguably a tech prodigy, told the Guardian he has a paper trail of the harvested 50million-user data, along with receipts, invoices, emails and legal letters - that all support how between June and August of 2",1
2,15.0,2,6,"Most damning of all, in 2014, he had a letter from Facebook's own lawyers admitting that Cambridge Analytica had acquired the data illegitimately.",1
2,15.0,2,7,"By opening up his records during the time of his employment with Cambridge Analytica, he is breaking a non-disclosure agreement and risks being sued.",2
2,15.0,2,8,"Additionally, he is breaking the confidence of Steve Bannon and Robert Mercer, the CEO of Cambridge Analytica.",1
2,15.0,2,9,"In 2014, Bannon had become a board member for Cambridge Analytica, and went on to become Trump's chief campaign strategist.",1
2,15.0,2,10,Facebook said it suspended Cambridge Analytica over allegations that it kept the improperly obtained user data after telling Facebook it had been deleted.,1
2,15.0,2,11,"In a blog post, Facebook explained that Cambridge Analytica had years ago received user data from a Facebook app that purported to be a psychological research tool, though the firm was not authorized to have the information.",1
2,15.0,2,12,"Cambridge Analytica later certified in 2015 that it had destroyed the information it had received, according to Facebook, although the social network said it received reports 'several days ago' that not all the data was deleted.",2
2,15.0,2,13,Facebook says it is investigating.,1
2,15.0,2,14,Cambridge Analytica denied wrongdoing in a statement.,2
2,15.0,2,15,"It said the parent company's SCL Elections unit hired Kogan to undertake 'a large scale research project in the U.S.,' but subsequently deleted all data it received from Kogan's company after learning that Kogan had obtained data in violation of Fac",2
2,15.0,2,16,"According to Cambridge Analytica's parent company, SCL Elections, the firm said none of Kogan's data was used in its 2016 election work for the 'avoidance of doubt.'",1
2,15.0,2,17,Kogan did not immediately reply to an emailed request for comment.,1
2,15.0,2,18,Wylie could not immediately be located.,1
2,15.0,2,19,"The Facebook blog post, written by deputy general counsel Paul Grewal, cited the 'public prominence' of Cambridge Analytica, called the alleged data retention an 'unacceptable violation of trust' and said the social network will take legal action if",1
2,15.0,3,t,Trump-linked Cambridge Analytica tapped 50M Facebook profiles,2
2,15.0,3,0,A data analysis firm employed by President Donald Trump's 2016 campaign tapped the Facebook profiles of more than 50 million users without their permission.,2
2,15.0,3,1,"The move allowed Cambridge Analytica to capitalize on the private social media activity of a large portion of the U.S. electorate, developing techniques that underpinned its work on President Trump's campaign in 2016, according to two major reports o",1
2,15.0,3,2,"One of the largest data leaks in Facebook history allowed Cambridge Analytica, which had ties to Trump campaign strategist Steve Bannon, to develop techniques that formed the basis of its work on the Trump campaign, The New York Times and The Guardia",2
2,15.0,3,3,"Facebook said it has suspended Cambridge Analytica- it has also suspended University of Cambridge psychology professor Aleksandr Kogan who created the harvesting app in question; and another individual, Christopher Wylie of Eunoia Technologies (previ",2
2,15.0,3,4,"Wylie, former Cambride Analytica worker, turned whistleblower has become a focal point in the illegitimate acquisitions of the 50million Facebook profiles and user data.",3
2,15.0,3,5,"Wylie, who is now just 28-years-old, and arguably a tech prodigy, told the Guardian he has a paper trail of the harvested 50million-user data, along with receipts, invoices, emails and legal letters - that all support how between June and August of 2",2
2,15.0,3,6,"Most damning of all, in 2014, he had a letter from Facebook's own lawyers admitting that Cambridge Analytica had acquired the data illegitimately.",2
2,15.0,3,7,"By opening up his records during the time of his employment with Cambridge Analytica, he is breaking a non-disclosure agreement and risks being sued.",2
2,15.0,3,8,"Additionally, he is breaking the confidence of Steve Bannon and Robert Mercer, the CEO of Cambridge Analytica.",1
2,15.0,3,9,"In 2014, Bannon had become a board member for Cambridge Analytica, and went on to become Trump's chief campaign strategist.",2
2,15.0,3,10,Facebook said it suspended Cambridge Analytica over allegations that it kept the improperly obtained user data after telling Facebook it had been deleted.,2
2,15.0,3,11,"In a blog post, Facebook explained that Cambridge Analytica had years ago received user data from a Facebook app that purported to be a psychological research tool, though the firm was not authorized to have the information.",1
2,15.0,3,12,"Cambridge Analytica later certified in 2015 that it had destroyed the information it had received, according to Facebook, although the social network said it received reports 'several days ago' that not all the data was deleted.",2
2,15.0,3,13,Facebook says it is investigating.,2
2,15.0,3,14,Cambridge Analytica denied wrongdoing in a statement.,3
2,15.0,3,15,"It said the parent company's SCL Elections unit hired Kogan to undertake 'a large scale research project in the U.S.,' but subsequently deleted all data it received from Kogan's company after learning that Kogan had obtained data in violation of Fac",2
2,15.0,3,16,"According to Cambridge Analytica's parent company, SCL Elections, the firm said none of Kogan's data was used in its 2016 election work for the 'avoidance of doubt.'",1
2,15.0,3,17,Kogan did not immediately reply to an emailed request for comment.,2
2,15.0,3,18,Wylie could not immediately be located.,2
2,15.0,3,19,"The Facebook blog post, written by deputy general counsel Paul Grewal, cited the 'public prominence' of Cambridge Analytica, called the alleged data retention an 'unacceptable violation of trust' and said the social network will take legal action if",2
2,15.0,3,t,Trump-linked Cambridge Analytica tapped 50M Facebook profiles,3
2,15.0,3,0,A data analysis firm employed by President Donald Trump's 2016 campaign tapped the Facebook profiles of more than 50 million users without their permission.,3
2,15.0,3,1,"The move allowed Cambridge Analytica to capitalize on the private social media activity of a large portion of the U.S. electorate, developing techniques that underpinned its work on President Trump's campaign in 2016, according to two major reports o",3
2,15.0,3,2,"One of the largest data leaks in Facebook history allowed Cambridge Analytica, which had ties to Trump campaign strategist Steve Bannon, to develop techniques that formed the basis of its work on the Trump campaign, The New York Times and The Guardia",3
2,15.0,3,3,"Facebook said it has suspended Cambridge Analytica- it has also suspended University of Cambridge psychology professor Aleksandr Kogan who created the harvesting app in question; and another individual, Christopher Wylie of Eunoia Technologies (previ",1
2,15.0,3,4,"Wylie, former Cambride Analytica worker, turned whistleblower has become a focal point in the illegitimate acquisitions of the 50million Facebook profiles and user data.",1
2,15.0,3,5,"Wylie, who is now just 28-years-old, and arguably a tech prodigy, told the Guardian he has a paper trail of the harvested 50million-user data, along with receipts, invoices, emails and legal letters - that all support how between June and August of 2",2
2,15.0,3,6,"Most damning of all, in 2014, he had a letter from Facebook's own lawyers admitting that Cambridge Analytica had acquired the data illegitimately.",3
2,15.0,3,7,"By opening up his records during the time of his employment with Cambridge Analytica, he is breaking a non-disclosure agreement and risks being sued.",3
2,15.0,3,8,"Additionally, he is breaking the confidence of Steve Bannon and Robert Mercer, the CEO of Cambridge Analytica.",2
2,15.0,3,9,"In 2014, Bannon had become a board member for Cambridge Analytica, and went on to become Trump's chief campaign strategist.",0
2,15.0,3,10,Facebook said it suspended Cambridge Analytica over allegations that it kept the improperly obtained user data after telling Facebook it had been deleted.,1
2,15.0,3,11,"In a blog post, Facebook explained that Cambridge Analytica had years ago received user data from a Facebook app that purported to be a psychological research tool, though the firm was not authorized to have the information.",1
2,15.0,3,12,"Cambridge Analytica later certified in 2015 that it had destroyed the information it had received, according to Facebook, although the social network said it received reports 'several days ago' that not all the data was deleted.",2
2,15.0,3,13,Facebook says it is investigating.,0
2,15.0,3,14,Cambridge Analytica denied wrongdoing in a statement.,1
2,15.0,3,15,"It said the parent company's SCL Elections unit hired Kogan to undertake 'a large scale research project in the U.S.,' but subsequently deleted all data it received from Kogan's company after learning that Kogan had obtained data in violation of Fac",2
2,15.0,3,16,"According to Cambridge Analytica's parent company, SCL Elections, the firm said none of Kogan's data was used in its 2016 election work for the 'avoidance of doubt.'",1
2,15.0,3,17,Kogan did not immediately reply to an emailed request for comment.,3
2,15.0,3,18,Wylie could not immediately be located.,2
2,15.0,3,19,"The Facebook blog post, written by deputy general counsel Paul Grewal, cited the 'public prominence' of Cambridge Analytica, called the alleged data retention an 'unacceptable violation of trust' and said the social network will take legal action if",2
2,15.0,3,t,Trump-linked Cambridge Analytica tapped 50M Facebook profiles,1
2,15.0,3,0,A data analysis firm employed by President Donald Trump's 2016 campaign tapped the Facebook profiles of more than 50 million users without their permission.,2
2,15.0,3,1,"The move allowed Cambridge Analytica to capitalize on the private social media activity of a large portion of the U.S. electorate, developing techniques that underpinned its work on President Trump's campaign in 2016, according to two major reports o",2
2,15.0,3,2,"One of the largest data leaks in Facebook history allowed Cambridge Analytica, which had ties to Trump campaign strategist Steve Bannon, to develop techniques that formed the basis of its work on the Trump campaign, The New York Times and The Guardia",2
2,15.0,3,3,"Facebook said it has suspended Cambridge Analytica- it has also suspended University of Cambridge psychology professor Aleksandr Kogan who created the harvesting app in question; and another individual, Christopher Wylie of Eunoia Technologies (previ",1
2,15.0,3,4,"Wylie, former Cambride Analytica worker, turned whistleblower has become a focal point in the illegitimate acquisitions of the 50million Facebook profiles and user data.",1
2,15.0,3,5,"Wylie, who is now just 28-years-old, and arguably a tech prodigy, told the Guardian he has a paper trail of the harvested 50million-user data, along with receipts, invoices, emails and legal letters - that all support how between June and August of 2",2
2,15.0,3,6,"Most damning of all, in 2014, he had a letter from Facebook's own lawyers admitting that Cambridge Analytica had acquired the data illegitimately.",1
2,15.0,3,7,"By opening up his records during the time of his employment with Cambridge Analytica, he is breaking a non-disclosure agreement and risks being sued.",1
2,15.0,3,8,"Additionally, he is breaking the confidence of Steve Bannon and Robert Mercer, the CEO of Cambridge Analytica.",2
2,15.0,3,9,"In 2014, Bannon had become a board member for Cambridge Analytica, and went on to become Trump's chief campaign strategist.",1
2,15.0,3,10,Facebook said it suspended Cambridge Analytica over allegations that it kept the improperly obtained user data after telling Facebook it had been deleted.,2
2,15.0,3,11,"In a blog post, Facebook explained that Cambridge Analytica had years ago received user data from a Facebook app that purported to be a psychological research tool, though the firm was not authorized to have the information.",1
2,15.0,3,12,"Cambridge Analytica later certified in 2015 that it had destroyed the information it had received, according to Facebook, although the social network said it received reports 'several days ago' that not all the data was deleted.",2
2,15.0,3,13,Facebook says it is investigating.,3
2,15.0,3,14,Cambridge Analytica denied wrongdoing in a statement.,1
2,15.0,3,15,"It said the parent company's SCL Elections unit hired Kogan to undertake 'a large scale research project in the U.S.,' but subsequently deleted all data it received from Kogan's company after learning that Kogan had obtained data in violation of Fac",1
2,15.0,3,16,"According to Cambridge Analytica's parent company, SCL Elections, the firm said none of Kogan's data was used in its 2016 election work for the 'avoidance of doubt.'",1
2,15.0,3,17,Kogan did not immediately reply to an emailed request for comment.,1
2,15.0,3,18,Wylie could not immediately be located.,0
2,15.0,3,19,"The Facebook blog post, written by deputy general counsel Paul Grewal, cited the 'public prominence' of Cambridge Analytica, called the alleged data retention an 'unacceptable violation of trust' and said the social network will take legal action if",1
2,15.0,3,t,Trump-linked Cambridge Analytica tapped 50M Facebook profiles,1
2,15.0,3,0,A data analysis firm employed by President Donald Trump's 2016 campaign tapped the Facebook profiles of more than 50 million users without their permission.,0
2,15.0,3,1,"The move allowed Cambridge Analytica to capitalize on the private social media activity of a large portion of the U.S. electorate, developing techniques that underpinned its work on President Trump's campaign in 2016, according to two major reports o",0
2,15.0,3,2,"One of the largest data leaks in Facebook history allowed Cambridge Analytica, which had ties to Trump campaign strategist Steve Bannon, to develop techniques that formed the basis of its work on the Trump campaign, The New York Times and The Guardia",1
2,15.0,3,3,"Facebook said it has suspended Cambridge Analytica- it has also suspended University of Cambridge psychology professor Aleksandr Kogan who created the harvesting app in question; and another individual, Christopher Wylie of Eunoia Technologies (previ",2
2,15.0,3,4,"Wylie, former Cambride Analytica worker, turned whistleblower has become a focal point in the illegitimate acquisitions of the 50million Facebook profiles and user data.",2
2,15.0,3,5,"Wylie, who is now just 28-years-old, and arguably a tech prodigy, told the Guardian he has a paper trail of the harvested 50million-user data, along with receipts, invoices, emails and legal letters - that all support how between June and August of 2",1
2,15.0,3,6,"Most damning of all, in 2014, he had a letter from Facebook's own lawyers admitting that Cambridge Analytica had acquired the data illegitimately.",1
2,15.0,3,7,"By opening up his records during the time of his employment with Cambridge Analytica, he is breaking a non-disclosure agreement and risks being sued.",2
2,15.0,3,8,"Additionally, he is breaking the confidence of Steve Bannon and Robert Mercer, the CEO of Cambridge Analytica.",2
2,15.0,3,9,"In 2014, Bannon had become a board member for Cambridge Analytica, and went on to become Trump's chief campaign strategist.",1
2,15.0,3,10,Facebook said it suspended Cambridge Analytica over allegations that it kept the improperly obtained user data after telling Facebook it had been deleted.,1
2,15.0,3,11,"In a blog post, Facebook explained that Cambridge Analytica had years ago received user data from a Facebook app that purported to be a psychological research tool, though the firm was not authorized to have the information.",0
2,15.0,3,12,"Cambridge Analytica later certified in 2015 that it had destroyed the information it had received, according to Facebook, although the social network said it received reports 'several days ago' that not all the data was deleted.",2
2,15.0,3,13,Facebook says it is investigating.,2
2,15.0,3,14,Cambridge Analytica denied wrongdoing in a statement.,1
2,15.0,3,15,"It said the parent company's SCL Elections unit hired Kogan to undertake 'a large scale research project in the U.S.,' but subsequently deleted all data it received from Kogan's company after learning that Kogan had obtained data in violation of Fac",1
2,15.0,3,16,"According to Cambridge Analytica's parent company, SCL Elections, the firm said none of Kogan's data was used in its 2016 election work for the 'avoidance of doubt.'",2
2,15.0,3,17,Kogan did not immediately reply to an emailed request for comment.,0
2,15.0,3,18,Wylie could not immediately be located.,2
2,15.0,3,19,"The Facebook blog post, written by deputy general counsel Paul Grewal, cited the 'public prominence' of Cambridge Analytica, called the alleged data retention an 'unacceptable violation of trust' and said the social network will take legal action if",1
2,16.0,3,t,Facebook faces new calls for regulation,2
2,16.0,3,0,Facebook faces new calls for regulation from within US Congress and was hit with questions about personal data safeguards after reports that a political consultant gained inappropriate access to 50 million users' data starting in 2014.,2
2,16.0,3,1,"Facebook disclosed the issue in a blog post on Friday, hours before media reports that conservative-leaning Cambridge Analytica, a data company known for its work on Donald Trump's 2016 presidential campaign, was given access to the data and may not ",3
2,16.0,3,2,"The scrutiny presented a new threat to Facebook's reputation, which was already under attack over Russia's alleged use of Facebook tools to sway American voters before and after the 2016 US elections.",2
2,16.0,3,3,"""It's clear these platforms can't police themselves,"" Democratic US Senator Amy Klobuchar tweeted.",2
2,16.0,3,4,"""They say 'trust us.'",2
2,16.0,3,5,"Mark Zuckerberg needs to testify before Senate Judiciary,"" she added, referring to Facebook's CEO and a committee she sits on.",2
2,16.0,3,6,"Facebook said the root of the problem was that researchers and Cambridge Analytica lied to it and abused its policies, but critics have thrown the blame at Facebook as well, demanding answers on behalf of users and calling for new regulation.",2
2,16.0,3,7,"Facebook insisted the data was misused but not stolen, because users gave permission, sparking a debate about what constitutes a hack that must be disclosed to customers.",2
2,16.0,3,8,"""The lid is being opened on the black box of Facebook's data practices, and the picture is not pretty,"" said Frank Pasquale, a University of Maryland law professor who has written about Silicon Valley's use of data.",2
2,16.0,3,9,Pasquale said Facebook's response that data had not technically been stolen seemed to obfuscate the central issue that data was apparently used in a way contrary to the expectations of users.,2
2,16.0,3,10,"Democratic US Senator Mark Warner said the episode bolstered the need for new regulations about internet advertising, describing the industry as the ""Wild West.""",2
2,16.0,3,11,"""Whether it's allowing Russians to purchase political ads, or extensive micro-targeting based on ill-gotten user data, it's clear that, left unregulated, this market will continue to be prone to deception and lacking in transparency,"" he said.",1
2,16.0,3,12,"With Republicans controlling the Senate's majority, though, it was not clear if Klobuchar and Warner would prevail.",2
2,16.0,3,13,"The New York Times and London's Observer reported that private information from more than 50 million Facebook users improperly ended up in the hands of Cambridge Analytica, and the information has not been deleted despite Facebook's demands beginnin",2
2,16.0,3,14,"Some 270,000 people allowed use of their data by a researcher, who scraped the data of all their friends as well, a move allowed by Facebook until 2015.",2
2,16.0,3,15,"The researcher sold the data to Cambridge, which was against Facebook rules, the newspapers said.",0
2,16.0,3,16,Cambridge Analytica worked on Trump's 2016 campaign.,2
2,16.0,3,17,"A Trump campaign official said, though, that it used Republican data sources, not Cambridge Analytica, for its voter information.",2
2,16.0,3,18,"Facebook, in a series of written statements, said its policies had been broken by Cambridge Analytica and researchers and that it was exploring legal action.",2
2,16.0,3,19,Cambridge Analytica in turn said it had deleted all the data and that the company supplying it had been responsible for obtaining it.,2
2,16.0,2,t,Facebook faces new calls for regulation,1
2,16.0,2,0,Facebook faces new calls for regulation from within US Congress and was hit with questions about personal data safeguards after reports that a political consultant gained inappropriate access to 50 million users' data starting in 2014.,1
2,16.0,2,1,"Facebook disclosed the issue in a blog post on Friday, hours before media reports that conservative-leaning Cambridge Analytica, a data company known for its work on Donald Trump's 2016 presidential campaign, was given access to the data and may not ",1
2,16.0,2,2,"The scrutiny presented a new threat to Facebook's reputation, which was already under attack over Russia's alleged use of Facebook tools to sway American voters before and after the 2016 US elections.",1
2,16.0,2,3,"""It's clear these platforms can't police themselves,"" Democratic US Senator Amy Klobuchar tweeted.",1
2,16.0,2,4,"""They say 'trust us.'",1
2,16.0,2,5,"Mark Zuckerberg needs to testify before Senate Judiciary,"" she added, referring to Facebook's CEO and a committee she sits on.",1
2,16.0,2,6,"Facebook said the root of the problem was that researchers and Cambridge Analytica lied to it and abused its policies, but critics have thrown the blame at Facebook as well, demanding answers on behalf of users and calling for new regulation.",1
2,16.0,2,7,"Facebook insisted the data was misused but not stolen, because users gave permission, sparking a debate about what constitutes a hack that must be disclosed to customers.",1
2,16.0,2,8,"""The lid is being opened on the black box of Facebook's data practices, and the picture is not pretty,"" said Frank Pasquale, a University of Maryland law professor who has written about Silicon Valley's use of data.",1
2,16.0,2,9,Pasquale said Facebook's response that data had not technically been stolen seemed to obfuscate the central issue that data was apparently used in a way contrary to the expectations of users.,1
2,16.0,2,10,"Democratic US Senator Mark Warner said the episode bolstered the need for new regulations about internet advertising, describing the industry as the ""Wild West.""",1
2,16.0,2,11,"""Whether it's allowing Russians to purchase political ads, or extensive micro-targeting based on ill-gotten user data, it's clear that, left unregulated, this market will continue to be prone to deception and lacking in transparency,"" he said.",1
2,16.0,2,12,"With Republicans controlling the Senate's majority, though, it was not clear if Klobuchar and Warner would prevail.",1
2,16.0,2,13,"The New York Times and London's Observer reported that private information from more than 50 million Facebook users improperly ended up in the hands of Cambridge Analytica, and the information has not been deleted despite Facebook's demands beginnin",1
2,16.0,2,14,"Some 270,000 people allowed use of their data by a researcher, who scraped the data of all their friends as well, a move allowed by Facebook until 2015.",1
2,16.0,2,15,"The researcher sold the data to Cambridge, which was against Facebook rules, the newspapers said.",1
2,16.0,2,16,Cambridge Analytica worked on Trump's 2016 campaign.,1
2,16.0,2,17,"A Trump campaign official said, though, that it used Republican data sources, not Cambridge Analytica, for its voter information.",1
2,16.0,2,18,"Facebook, in a series of written statements, said its policies had been broken by Cambridge Analytica and researchers and that it was exploring legal action.",1
2,16.0,2,19,Cambridge Analytica in turn said it had deleted all the data and that the company supplying it had been responsible for obtaining it.,1
2,16.0,3,t,Facebook faces new calls for regulation,0
2,16.0,3,0,Facebook faces new calls for regulation from within US Congress and was hit with questions about personal data safeguards after reports that a political consultant gained inappropriate access to 50 million users' data starting in 2014.,1
2,16.0,3,1,"Facebook disclosed the issue in a blog post on Friday, hours before media reports that conservative-leaning Cambridge Analytica, a data company known for its work on Donald Trump's 2016 presidential campaign, was given access to the data and may not ",1
2,16.0,3,2,"The scrutiny presented a new threat to Facebook's reputation, which was already under attack over Russia's alleged use of Facebook tools to sway American voters before and after the 2016 US elections.",1
2,16.0,3,3,"""It's clear these platforms can't police themselves,"" Democratic US Senator Amy Klobuchar tweeted.",0
2,16.0,3,4,"""They say 'trust us.'",0
2,16.0,3,5,"Mark Zuckerberg needs to testify before Senate Judiciary,"" she added, referring to Facebook's CEO and a committee she sits on.",1
2,16.0,3,6,"Facebook said the root of the problem was that researchers and Cambridge Analytica lied to it and abused its policies, but critics have thrown the blame at Facebook as well, demanding answers on behalf of users and calling for new regulation.",1
2,16.0,3,7,"Facebook insisted the data was misused but not stolen, because users gave permission, sparking a debate about what constitutes a hack that must be disclosed to customers.",1
2,16.0,3,8,"""The lid is being opened on the black box of Facebook's data practices, and the picture is not pretty,"" said Frank Pasquale, a University of Maryland law professor who has written about Silicon Valley's use of data.",0
2,16.0,3,9,Pasquale said Facebook's response that data had not technically been stolen seemed to obfuscate the central issue that data was apparently used in a way contrary to the expectations of users.,0
2,16.0,3,10,"Democratic US Senator Mark Warner said the episode bolstered the need for new regulations about internet advertising, describing the industry as the ""Wild West.""",0
2,16.0,3,11,"""Whether it's allowing Russians to purchase political ads, or extensive micro-targeting based on ill-gotten user data, it's clear that, left unregulated, this market will continue to be prone to deception and lacking in transparency,"" he said.",0
2,16.0,3,12,"With Republicans controlling the Senate's majority, though, it was not clear if Klobuchar and Warner would prevail.",0
2,16.0,3,13,"The New York Times and London's Observer reported that private information from more than 50 million Facebook users improperly ended up in the hands of Cambridge Analytica, and the information has not been deleted despite Facebook's demands beginnin",1
2,16.0,3,14,"Some 270,000 people allowed use of their data by a researcher, who scraped the data of all their friends as well, a move allowed by Facebook until 2015.",1
2,16.0,3,15,"The researcher sold the data to Cambridge, which was against Facebook rules, the newspapers said.",2
2,16.0,3,16,Cambridge Analytica worked on Trump's 2016 campaign.,1
2,16.0,3,17,"A Trump campaign official said, though, that it used Republican data sources, not Cambridge Analytica, for its voter information.",2
2,16.0,3,18,"Facebook, in a series of written statements, said its policies had been broken by Cambridge Analytica and researchers and that it was exploring legal action.",1
2,16.0,3,19,Cambridge Analytica in turn said it had deleted all the data and that the company supplying it had been responsible for obtaining it.,1
2,16.0,2,t,Facebook faces new calls for regulation,0
2,16.0,2,0,Facebook faces new calls for regulation from within US Congress and was hit with questions about personal data safeguards after reports that a political consultant gained inappropriate access to 50 million users' data starting in 2014.,1
2,16.0,2,1,"Facebook disclosed the issue in a blog post on Friday, hours before media reports that conservative-leaning Cambridge Analytica, a data company known for its work on Donald Trump's 2016 presidential campaign, was given access to the data and may not ",1
2,16.0,2,2,"The scrutiny presented a new threat to Facebook's reputation, which was already under attack over Russia's alleged use of Facebook tools to sway American voters before and after the 2016 US elections.",1
2,16.0,2,3,"""It's clear these platforms can't police themselves,"" Democratic US Senator Amy Klobuchar tweeted.",1
2,16.0,2,4,"""They say 'trust us.'",2
2,16.0,2,5,"Mark Zuckerberg needs to testify before Senate Judiciary,"" she added, referring to Facebook's CEO and a committee she sits on.",2
2,16.0,2,6,"Facebook said the root of the problem was that researchers and Cambridge Analytica lied to it and abused its policies, but critics have thrown the blame at Facebook as well, demanding answers on behalf of users and calling for new regulation.",2
2,16.0,2,7,"Facebook insisted the data was misused but not stolen, because users gave permission, sparking a debate about what constitutes a hack that must be disclosed to customers.",1
2,16.0,2,8,"""The lid is being opened on the black box of Facebook's data practices, and the picture is not pretty,"" said Frank Pasquale, a University of Maryland law professor who has written about Silicon Valley's use of data.",2
2,16.0,2,9,Pasquale said Facebook's response that data had not technically been stolen seemed to obfuscate the central issue that data was apparently used in a way contrary to the expectations of users.,1
2,16.0,2,10,"Democratic US Senator Mark Warner said the episode bolstered the need for new regulations about internet advertising, describing the industry as the ""Wild West.""",1
2,16.0,2,11,"""Whether it's allowing Russians to purchase political ads, or extensive micro-targeting based on ill-gotten user data, it's clear that, left unregulated, this market will continue to be prone to deception and lacking in transparency,"" he said.",1
2,16.0,2,12,"With Republicans controlling the Senate's majority, though, it was not clear if Klobuchar and Warner would prevail.",3
2,16.0,2,13,"The New York Times and London's Observer reported that private information from more than 50 million Facebook users improperly ended up in the hands of Cambridge Analytica, and the information has not been deleted despite Facebook's demands beginnin",2
2,16.0,2,14,"Some 270,000 people allowed use of their data by a researcher, who scraped the data of all their friends as well, a move allowed by Facebook until 2015.",1
2,16.0,2,15,"The researcher sold the data to Cambridge, which was against Facebook rules, the newspapers said.",1
2,16.0,2,16,Cambridge Analytica worked on Trump's 2016 campaign.,0
2,16.0,2,17,"A Trump campaign official said, though, that it used Republican data sources, not Cambridge Analytica, for its voter information.",1
2,16.0,2,18,"Facebook, in a series of written statements, said its policies had been broken by Cambridge Analytica and researchers and that it was exploring legal action.",1
2,16.0,2,19,Cambridge Analytica in turn said it had deleted all the data and that the company supplying it had been responsible for obtaining it.,1
2,16.0,3,t,Facebook faces new calls for regulation,0
2,16.0,3,0,Facebook faces new calls for regulation from within US Congress and was hit with questions about personal data safeguards after reports that a political consultant gained inappropriate access to 50 million users' data starting in 2014.,2
2,16.0,3,1,"Facebook disclosed the issue in a blog post on Friday, hours before media reports that conservative-leaning Cambridge Analytica, a data company known for its work on Donald Trump's 2016 presidential campaign, was given access to the data and may not ",3
2,16.0,3,2,"The scrutiny presented a new threat to Facebook's reputation, which was already under attack over Russia's alleged use of Facebook tools to sway American voters before and after the 2016 US elections.",2
2,16.0,3,3,"""It's clear these platforms can't police themselves,"" Democratic US Senator Amy Klobuchar tweeted.",1
2,16.0,3,4,"""They say 'trust us.'",0
2,16.0,3,5,"Mark Zuckerberg needs to testify before Senate Judiciary,"" she added, referring to Facebook's CEO and a committee she sits on.",1
2,16.0,3,6,"Facebook said the root of the problem was that researchers and Cambridge Analytica lied to it and abused its policies, but critics have thrown the blame at Facebook as well, demanding answers on behalf of users and calling for new regulation.",1
2,16.0,3,7,"Facebook insisted the data was misused but not stolen, because users gave permission, sparking a debate about what constitutes a hack that must be disclosed to customers.",0
2,16.0,3,8,"""The lid is being opened on the black box of Facebook's data practices, and the picture is not pretty,"" said Frank Pasquale, a University of Maryland law professor who has written about Silicon Valley's use of data.",1
2,16.0,3,9,Pasquale said Facebook's response that data had not technically been stolen seemed to obfuscate the central issue that data was apparently used in a way contrary to the expectations of users.,0
2,16.0,3,10,"Democratic US Senator Mark Warner said the episode bolstered the need for new regulations about internet advertising, describing the industry as the ""Wild West.""",1
2,16.0,3,11,"""Whether it's allowing Russians to purchase political ads, or extensive micro-targeting based on ill-gotten user data, it's clear that, left unregulated, this market will continue to be prone to deception and lacking in transparency,"" he said.",1
2,16.0,3,12,"With Republicans controlling the Senate's majority, though, it was not clear if Klobuchar and Warner would prevail.",0
2,16.0,3,13,"The New York Times and London's Observer reported that private information from more than 50 million Facebook users improperly ended up in the hands of Cambridge Analytica, and the information has not been deleted despite Facebook's demands beginnin",2
2,16.0,3,14,"Some 270,000 people allowed use of their data by a researcher, who scraped the data of all their friends as well, a move allowed by Facebook until 2015.",2
2,16.0,3,15,"The researcher sold the data to Cambridge, which was against Facebook rules, the newspapers said.",3
2,16.0,3,16,Cambridge Analytica worked on Trump's 2016 campaign.,0
2,16.0,3,17,"A Trump campaign official said, though, that it used Republican data sources, not Cambridge Analytica, for its voter information.",1
2,16.0,3,18,"Facebook, in a series of written statements, said its policies had been broken by Cambridge Analytica and researchers and that it was exploring legal action.",0
2,16.0,3,19,Cambridge Analytica in turn said it had deleted all the data and that the company supplying it had been responsible for obtaining it.,0
2,17.0,3,t,Trump-linked Cambridge Analytica suspended from Facebook after 'harvesting 50 million profiles',2
2,17.0,3,0,A data analytics firm that worked with Donald Trump's election team has been suspended from Facebook amid claims it harvested 50 million profiles from the social media site.,2
2,17.0,3,1,Cambridge Analytica got information from an academic who was asking Facebook users to fill out surveys via an app as it sought to develop an effective campaigning tool.,2
2,17.0,3,2,"Around 270,000 Facebook users download the app but it allowed for information about hundreds of their online friends to be obtained without consent, a whistleblower claimed.",2
2,17.0,3,3,"Christopher Wylie, the former research director at Cambridge Analytica, went public about the alleged behaviour after admitting regret over his involvement.",2
2,17.0,3,4,"""It allowed us to move into the hearts and minds of American voters in a way that had never been done before,"" Mr Wylie told Channel 4 News.",2
2,17.0,3,5,"Elizabeth Denham, the Information Commissioner, said she would be ""investigating the circumstances in which Facebook data may have been illegally acquired and used"".",2
2,17.0,2,t,Trump-linked Cambridge Analytica suspended from Facebook after 'harvesting 50 million profiles',1
2,17.0,2,0,A data analytics firm that worked with Donald Trump's election team has been suspended from Facebook amid claims it harvested 50 million profiles from the social media site.,1
2,17.0,2,1,Cambridge Analytica got information from an academic who was asking Facebook users to fill out surveys via an app as it sought to develop an effective campaigning tool.,1
2,17.0,2,2,"Around 270,000 Facebook users download the app but it allowed for information about hundreds of their online friends to be obtained without consent, a whistleblower claimed.",1
2,17.0,2,3,"Christopher Wylie, the former research director at Cambridge Analytica, went public about the alleged behaviour after admitting regret over his involvement.",1
2,17.0,2,4,"""It allowed us to move into the hearts and minds of American voters in a way that had never been done before,"" Mr Wylie told Channel 4 News.",1
2,17.0,2,5,"Elizabeth Denham, the Information Commissioner, said she would be ""investigating the circumstances in which Facebook data may have been illegally acquired and used"".",1
2,17.0,1,t,Trump-linked Cambridge Analytica suspended from Facebook after 'harvesting 50 million profiles',2
2,17.0,1,0,A data analytics firm that worked with Donald Trump's election team has been suspended from Facebook amid claims it harvested 50 million profiles from the social media site.,1
2,17.0,1,1,Cambridge Analytica got information from an academic who was asking Facebook users to fill out surveys via an app as it sought to develop an effective campaigning tool.,1
2,17.0,1,2,"Around 270,000 Facebook users download the app but it allowed for information about hundreds of their online friends to be obtained without consent, a whistleblower claimed.",0
2,17.0,1,3,"Christopher Wylie, the former research director at Cambridge Analytica, went public about the alleged behaviour after admitting regret over his involvement.",0
2,17.0,1,4,"""It allowed us to move into the hearts and minds of American voters in a way that had never been done before,"" Mr Wylie told Channel 4 News.",0
2,17.0,1,5,"Elizabeth Denham, the Information Commissioner, said she would be ""investigating the circumstances in which Facebook data may have been illegally acquired and used"".",1
2,17.0,2,t,Trump-linked Cambridge Analytica suspended from Facebook after 'harvesting 50 million profiles',1
2,17.0,2,0,A data analytics firm that worked with Donald Trump's election team has been suspended from Facebook amid claims it harvested 50 million profiles from the social media site.,1
2,17.0,2,1,Cambridge Analytica got information from an academic who was asking Facebook users to fill out surveys via an app as it sought to develop an effective campaigning tool.,2
2,17.0,2,2,"Around 270,000 Facebook users download the app but it allowed for information about hundreds of their online friends to be obtained without consent, a whistleblower claimed.",1
2,17.0,2,3,"Christopher Wylie, the former research director at Cambridge Analytica, went public about the alleged behaviour after admitting regret over his involvement.",2
2,17.0,2,4,"""It allowed us to move into the hearts and minds of American voters in a way that had never been done before,"" Mr Wylie told Channel 4 News.",2
2,17.0,2,5,"Elizabeth Denham, the Information Commissioner, said she would be ""investigating the circumstances in which Facebook data may have been illegally acquired and used"".",1
2,17.0,2,t,Trump-linked Cambridge Analytica suspended from Facebook after 'harvesting 50 million profiles',0
2,17.0,2,0,A data analytics firm that worked with Donald Trump's election team has been suspended from Facebook amid claims it harvested 50 million profiles from the social media site.,0
2,17.0,2,1,Cambridge Analytica got information from an academic who was asking Facebook users to fill out surveys via an app as it sought to develop an effective campaigning tool.,0
2,17.0,2,2,"Around 270,000 Facebook users download the app but it allowed for information about hundreds of their online friends to be obtained without consent, a whistleblower claimed.",0
2,17.0,2,3,"Christopher Wylie, the former research director at Cambridge Analytica, went public about the alleged behaviour after admitting regret over his involvement.",0
2,17.0,2,4,"""It allowed us to move into the hearts and minds of American voters in a way that had never been done before,"" Mr Wylie told Channel 4 News.",1
2,17.0,2,5,"Elizabeth Denham, the Information Commissioner, said she would be ""investigating the circumstances in which Facebook data may have been illegally acquired and used"".",1
2,18.0,3,t,Maura Healey to probe Brit data firm,3
2,18.0,3,0,"Massachusetts Attorney General Maura Healey is launching a probe into British-based Cambridge Analytica, a data-analysis firm that worked for President Trump's 2016 campaign, over allegations that it held onto improperly obtained user data after tell",2
2,18.0,3,1,"""Massachusetts residents deserve answers immediately from Facebook and Cambridge Analytica,"" Healey said in a post on Twitter yesterday.",2
2,18.0,3,2,"""We are launching an investigation.""",2
2,18.0,3,3,"Healey's office has already reached out to Facebook to determine what data was accessed, how it was used, and whether Bay State residents were impacted.",2
2,18.0,3,4,Healey's announcement came hours after the social network issued a blog post explaining its decision to suspended the firm.,2
2,18.0,3,5,"Years ago, Facebook said, Cambridge Analytica received user data from a Facebook app that purported to be a psychological research tool, though the firm wasn't authorized to have that information.",2
2,18.0,3,6,"About 270,000 people downloaded the app and shared their personal details with it, Facebook said.",2
2,18.0,3,7,"Cambridge Analytica later certified in 2015 that it had destroyed the information that it received, according to Facebook, although the social network said it received reports ""several days ago"" that not all of the data was deleted.",2
2,18.0,3,8,"While it investigates the matter, Facebook has also suspended the access of Cambridge Analytica's parent company, Strategic Communication Laboratories; the academic who created the app in question, a University of Cambridge psychology professor named",2
2,18.0,3,9,Exactly why the handling of this data warranted both suspension and Facebook's unusual public explanation of the move wasn't clear.,2
2,18.0,3,10,"The blog post, written by Facebook deputy general counsel Paul Grewal, cited the ""public prominence"" of Cambridge Analytica, called the alleged data retention an ""unacceptable violation of trust"" and said the social network will take legal action if",2
2,18.0,3,11,"In a statement, a Cambridge Analytica spokesman denied any wrongdoing.",2
2,18.0,3,12,"He said the parent company's SCL Elections unit hired Kogan to undertake ""a large-scale research project in the U.S.,"" but later learned that he had obtained data in violation of Facebook policies, and subsequently deleted all data it received from ",2
2,18.0,3,13,"For the ""avoidance of doubt,"" the spokesman said, none of Kogan's data was used in Cambridge Analytica's 2016 election work.",2
2,18.0,3,14,Kogan did not immediately reply to an emailed request for comment.,2
2,18.0,3,15,Wylie could not immediately be located.,2
2,18.0,3,16,Cambridge Analytica CEO Alexander Nix also disclosed in November that the company reached out to WikiLeaks founder Julian Assange during the campaign to request emails related to the Hillary Clinton campaign.,2
2,18.0,3,17,Nix said Assange said no.,2
2,18.0,2,t,Maura Healey to probe Brit data firm,1
2,18.0,2,0,"Massachusetts Attorney General Maura Healey is launching a probe into British-based Cambridge Analytica, a data-analysis firm that worked for President Trump's 2016 campaign, over allegations that it held onto improperly obtained user data after tell",1
2,18.0,2,1,"""Massachusetts residents deserve answers immediately from Facebook and Cambridge Analytica,"" Healey said in a post on Twitter yesterday.",1
2,18.0,2,2,"""We are launching an investigation.""",1
2,18.0,2,3,"Healey's office has already reached out to Facebook to determine what data was accessed, how it was used, and whether Bay State residents were impacted.",1
2,18.0,2,4,Healey's announcement came hours after the social network issued a blog post explaining its decision to suspended the firm.,1
2,18.0,2,5,"Years ago, Facebook said, Cambridge Analytica received user data from a Facebook app that purported to be a psychological research tool, though the firm wasn't authorized to have that information.",1
2,18.0,2,6,"About 270,000 people downloaded the app and shared their personal details with it, Facebook said.",1
2,18.0,2,7,"Cambridge Analytica later certified in 2015 that it had destroyed the information that it received, according to Facebook, although the social network said it received reports ""several days ago"" that not all of the data was deleted.",1
2,18.0,2,8,"While it investigates the matter, Facebook has also suspended the access of Cambridge Analytica's parent company, Strategic Communication Laboratories; the academic who created the app in question, a University of Cambridge psychology professor named",1
2,18.0,2,9,Exactly why the handling of this data warranted both suspension and Facebook's unusual public explanation of the move wasn't clear.,1
2,18.0,2,10,"The blog post, written by Facebook deputy general counsel Paul Grewal, cited the ""public prominence"" of Cambridge Analytica, called the alleged data retention an ""unacceptable violation of trust"" and said the social network will take legal action if",1
2,18.0,2,11,"In a statement, a Cambridge Analytica spokesman denied any wrongdoing.",1
2,18.0,2,12,"He said the parent company's SCL Elections unit hired Kogan to undertake ""a large-scale research project in the U.S.,"" but later learned that he had obtained data in violation of Facebook policies, and subsequently deleted all data it received from ",1
2,18.0,2,13,"For the ""avoidance of doubt,"" the spokesman said, none of Kogan's data was used in Cambridge Analytica's 2016 election work.",1
2,18.0,2,14,Kogan did not immediately reply to an emailed request for comment.,1
2,18.0,2,15,Wylie could not immediately be located.,1
2,18.0,2,16,Cambridge Analytica CEO Alexander Nix also disclosed in November that the company reached out to WikiLeaks founder Julian Assange during the campaign to request emails related to the Hillary Clinton campaign.,1
2,18.0,2,17,Nix said Assange said no.,1
2,18.0,3,t,Maura Healey to probe Brit data firm,1
2,18.0,3,0,"Massachusetts Attorney General Maura Healey is launching a probe into British-based Cambridge Analytica, a data-analysis firm that worked for President Trump's 2016 campaign, over allegations that it held onto improperly obtained user data after tell",1
2,18.0,3,1,"""Massachusetts residents deserve answers immediately from Facebook and Cambridge Analytica,"" Healey said in a post on Twitter yesterday.",0
2,18.0,3,2,"""We are launching an investigation.""",0
2,18.0,3,3,"Healey's office has already reached out to Facebook to determine what data was accessed, how it was used, and whether Bay State residents were impacted.",1
2,18.0,3,4,Healey's announcement came hours after the social network issued a blog post explaining its decision to suspended the firm.,0
2,18.0,3,5,"Years ago, Facebook said, Cambridge Analytica received user data from a Facebook app that purported to be a psychological research tool, though the firm wasn't authorized to have that information.",1
2,18.0,3,6,"About 270,000 people downloaded the app and shared their personal details with it, Facebook said.",2
2,18.0,3,7,"Cambridge Analytica later certified in 2015 that it had destroyed the information that it received, according to Facebook, although the social network said it received reports ""several days ago"" that not all of the data was deleted.",0
2,18.0,3,8,"While it investigates the matter, Facebook has also suspended the access of Cambridge Analytica's parent company, Strategic Communication Laboratories; the academic who created the app in question, a University of Cambridge psychology professor named",0
2,18.0,3,9,Exactly why the handling of this data warranted both suspension and Facebook's unusual public explanation of the move wasn't clear.,0
2,18.0,3,10,"The blog post, written by Facebook deputy general counsel Paul Grewal, cited the ""public prominence"" of Cambridge Analytica, called the alleged data retention an ""unacceptable violation of trust"" and said the social network will take legal action if",1
2,18.0,3,11,"In a statement, a Cambridge Analytica spokesman denied any wrongdoing.",2
2,18.0,3,12,"He said the parent company's SCL Elections unit hired Kogan to undertake ""a large-scale research project in the U.S.,"" but later learned that he had obtained data in violation of Facebook policies, and subsequently deleted all data it received from ",2
2,18.0,3,13,"For the ""avoidance of doubt,"" the spokesman said, none of Kogan's data was used in Cambridge Analytica's 2016 election work.",1
2,18.0,3,14,Kogan did not immediately reply to an emailed request for comment.,1
2,18.0,3,15,Wylie could not immediately be located.,1
2,18.0,3,16,Cambridge Analytica CEO Alexander Nix also disclosed in November that the company reached out to WikiLeaks founder Julian Assange during the campaign to request emails related to the Hillary Clinton campaign.,0
2,18.0,3,17,Nix said Assange said no.,0
2,18.0,2,t,Maura Healey to probe Brit data firm,0
2,18.0,2,0,"Massachusetts Attorney General Maura Healey is launching a probe into British-based Cambridge Analytica, a data-analysis firm that worked for President Trump's 2016 campaign, over allegations that it held onto improperly obtained user data after tell",0
2,18.0,2,1,"""Massachusetts residents deserve answers immediately from Facebook and Cambridge Analytica,"" Healey said in a post on Twitter yesterday.",1
2,18.0,2,2,"""We are launching an investigation.""",1
2,18.0,2,3,"Healey's office has already reached out to Facebook to determine what data was accessed, how it was used, and whether Bay State residents were impacted.",1
2,18.0,2,4,Healey's announcement came hours after the social network issued a blog post explaining its decision to suspended the firm.,1
2,18.0,2,5,"Years ago, Facebook said, Cambridge Analytica received user data from a Facebook app that purported to be a psychological research tool, though the firm wasn't authorized to have that information.",1
2,18.0,2,6,"About 270,000 people downloaded the app and shared their personal details with it, Facebook said.",1
2,18.0,2,7,"Cambridge Analytica later certified in 2015 that it had destroyed the information that it received, according to Facebook, although the social network said it received reports ""several days ago"" that not all of the data was deleted.",2
2,18.0,2,8,"While it investigates the matter, Facebook has also suspended the access of Cambridge Analytica's parent company, Strategic Communication Laboratories; the academic who created the app in question, a University of Cambridge psychology professor named",2
2,18.0,2,9,Exactly why the handling of this data warranted both suspension and Facebook's unusual public explanation of the move wasn't clear.,2
2,18.0,2,10,"The blog post, written by Facebook deputy general counsel Paul Grewal, cited the ""public prominence"" of Cambridge Analytica, called the alleged data retention an ""unacceptable violation of trust"" and said the social network will take legal action if",1
2,18.0,2,11,"In a statement, a Cambridge Analytica spokesman denied any wrongdoing.",2
2,18.0,2,12,"He said the parent company's SCL Elections unit hired Kogan to undertake ""a large-scale research project in the U.S.,"" but later learned that he had obtained data in violation of Facebook policies, and subsequently deleted all data it received from ",2
2,18.0,2,13,"For the ""avoidance of doubt,"" the spokesman said, none of Kogan's data was used in Cambridge Analytica's 2016 election work.",2
2,18.0,2,14,Kogan did not immediately reply to an emailed request for comment.,1
2,18.0,2,15,Wylie could not immediately be located.,1
2,18.0,2,16,Cambridge Analytica CEO Alexander Nix also disclosed in November that the company reached out to WikiLeaks founder Julian Assange during the campaign to request emails related to the Hillary Clinton campaign.,1
2,18.0,2,17,Nix said Assange said no.,0
2,18.0,2,t,Maura Healey to probe Brit data firm,0
2,18.0,2,0,"Massachusetts Attorney General Maura Healey is launching a probe into British-based Cambridge Analytica, a data-analysis firm that worked for President Trump's 2016 campaign, over allegations that it held onto improperly obtained user data after tell",0
2,18.0,2,1,"""Massachusetts residents deserve answers immediately from Facebook and Cambridge Analytica,"" Healey said in a post on Twitter yesterday.",0
2,18.0,2,2,"""We are launching an investigation.""",0
2,18.0,2,3,"Healey's office has already reached out to Facebook to determine what data was accessed, how it was used, and whether Bay State residents were impacted.",0
2,18.0,2,4,Healey's announcement came hours after the social network issued a blog post explaining its decision to suspended the firm.,2
2,18.0,2,5,"Years ago, Facebook said, Cambridge Analytica received user data from a Facebook app that purported to be a psychological research tool, though the firm wasn't authorized to have that information.",0
2,18.0,2,6,"About 270,000 people downloaded the app and shared their personal details with it, Facebook said.",0
2,18.0,2,7,"Cambridge Analytica later certified in 2015 that it had destroyed the information that it received, according to Facebook, although the social network said it received reports ""several days ago"" that not all of the data was deleted.",0
2,18.0,2,8,"While it investigates the matter, Facebook has also suspended the access of Cambridge Analytica's parent company, Strategic Communication Laboratories; the academic who created the app in question, a University of Cambridge psychology professor named",0
2,18.0,2,9,Exactly why the handling of this data warranted both suspension and Facebook's unusual public explanation of the move wasn't clear.,0
2,18.0,2,10,"The blog post, written by Facebook deputy general counsel Paul Grewal, cited the ""public prominence"" of Cambridge Analytica, called the alleged data retention an ""unacceptable violation of trust"" and said the social network will take legal action if",3
2,18.0,2,11,"In a statement, a Cambridge Analytica spokesman denied any wrongdoing.",0
2,18.0,2,12,"He said the parent company's SCL Elections unit hired Kogan to undertake ""a large-scale research project in the U.S.,"" but later learned that he had obtained data in violation of Facebook policies, and subsequently deleted all data it received from ",1
2,18.0,2,13,"For the ""avoidance of doubt,"" the spokesman said, none of Kogan's data was used in Cambridge Analytica's 2016 election work.",0
2,18.0,2,14,Kogan did not immediately reply to an emailed request for comment.,0
2,18.0,2,15,Wylie could not immediately be located.,0
2,18.0,2,16,Cambridge Analytica CEO Alexander Nix also disclosed in November that the company reached out to WikiLeaks founder Julian Assange during the campaign to request emails related to the Hillary Clinton campaign.,0
2,18.0,2,17,Nix said Assange said no.,0
2,19.0,3,t,"Facebook, Establishment Media Spar over Data Obtained by Cambridge Analytica",2
2,19.0,3,0,"Facebook recently banned Strategic Communication Laboratories, the parent company of Cambridge Analytica, from using their platform.",2
2,19.0,3,1,"According to Facebook, the data analytics firm - which played a key role in the Trump and Brexit campaigns - improperly obtained user data from University of Cambridge psychologist Aleksandr Kogan.",2
2,19.0,3,2,"Although Kogan obtained the data from Facebook in accordance with their policies, the social media company claims that he then passed the data to Cambridge Analytica, and to Christopher Wylie, an employee of Eunoia Technologies.",2
2,19.0,3,3,Kogan and Wylie have also been banned from Facebook.,2
2,19.0,3,4,"Facebook conceded that Kogan ""gained access to this information in a legitimate way and through the proper channels that governed all developers on Facebook at that time,"" but said that by passing the data to third parties ""he did not subsequently ab",2
2,19.0,3,5,"Nevertheless, The Observer, a British newspaper owned by the left-leaning Guardian Media Group, claimed that Cambridge Analytica's use of the data constituted ""one of the tech giant's biggest ever data breaches.""",2
2,19.0,3,6,"The New York Times also framed the incident as a ""breach"" and a ""data leak.""",2
2,19.0,3,7,Facebook strongly disputes this version of events.,2
2,19.0,3,8,"According to The Observer, the social media giant's lawyers warned the newspaper that their claims were ""false and defamatory,"" and reserved their legal position.",2
2,19.0,3,9,"The New York Times and Observer stories are based on the testimony of Christopher Wylie, a former Cambridge Analytica employee who left the company in 2014 - two years before the 2016 election.",2
2,19.0,3,10,"When asked if his use of Facebook data constituted a ""hack,"" Wylie told The Observer that he assumed that it was all ""entirely legal and above board.""",2
2,19.0,3,11,Cambridge Analytica CEO Alexander Nix was previously questioned by British politicians on his company's role in Brexit at the Trump campaign.,2
2,19.0,3,12,"Nix has said that his company uses ""data and technology to engage with voters in a more informed and relevant way.",2
2,19.0,3,13,"That can only be good for politics and democracy.""",2
2,19.0,3,14,The company is partially owned by the family of hedge fund manager Robert Mercer.,2
2,19.0,3,15,Former Breitbart News executive director Stephen K. Bannon previously worked as vice president of Cambridge Analytica's board.,2
2,19.0,3,16,The company worked for the presidential campaigns of both Sen. Ted Cruz and Donald Trump.,2
2,19.0,3,17,"In a statement, Cambridge Analytica denied that they had knowingly breached Facebook's terms of service.",2
2,19.0,3,18,"""Cambridge Analytica fully complies with Facebook's terms of service and is currently in touch with Facebook following its recent statement that it had suspended the company from its platform, in order to resolve this matter as quickly as possible"" ",2
2,19.0,3,19,"""Cambridge Analytica's Commercial and Political divisions use social media platforms for outward marketing, delivering data-led and creative content to targeted audiences.",2
2,19.0,2,t,"Facebook, Establishment Media Spar over Data Obtained by Cambridge Analytica",1
2,19.0,2,0,"Facebook recently banned Strategic Communication Laboratories, the parent company of Cambridge Analytica, from using their platform.",1
2,19.0,2,1,"According to Facebook, the data analytics firm - which played a key role in the Trump and Brexit campaigns - improperly obtained user data from University of Cambridge psychologist Aleksandr Kogan.",1
2,19.0,2,2,"Although Kogan obtained the data from Facebook in accordance with their policies, the social media company claims that he then passed the data to Cambridge Analytica, and to Christopher Wylie, an employee of Eunoia Technologies.",1
2,19.0,2,3,Kogan and Wylie have also been banned from Facebook.,1
2,19.0,2,4,"Facebook conceded that Kogan ""gained access to this information in a legitimate way and through the proper channels that governed all developers on Facebook at that time,"" but said that by passing the data to third parties ""he did not subsequently ab",1
2,19.0,2,5,"Nevertheless, The Observer, a British newspaper owned by the left-leaning Guardian Media Group, claimed that Cambridge Analytica's use of the data constituted ""one of the tech giant's biggest ever data breaches.""",1
2,19.0,2,6,"The New York Times also framed the incident as a ""breach"" and a ""data leak.""",1
2,19.0,2,7,Facebook strongly disputes this version of events.,1
2,19.0,2,8,"According to The Observer, the social media giant's lawyers warned the newspaper that their claims were ""false and defamatory,"" and reserved their legal position.",1
2,19.0,2,9,"The New York Times and Observer stories are based on the testimony of Christopher Wylie, a former Cambridge Analytica employee who left the company in 2014 - two years before the 2016 election.",1
2,19.0,2,10,"When asked if his use of Facebook data constituted a ""hack,"" Wylie told The Observer that he assumed that it was all ""entirely legal and above board.""",1
2,19.0,2,11,Cambridge Analytica CEO Alexander Nix was previously questioned by British politicians on his company's role in Brexit at the Trump campaign.,1
2,19.0,2,12,"Nix has said that his company uses ""data and technology to engage with voters in a more informed and relevant way.",1
2,19.0,2,13,"That can only be good for politics and democracy.""",1
2,19.0,2,14,The company is partially owned by the family of hedge fund manager Robert Mercer.,1
2,19.0,2,15,Former Breitbart News executive director Stephen K. Bannon previously worked as vice president of Cambridge Analytica's board.,1
2,19.0,2,16,The company worked for the presidential campaigns of both Sen. Ted Cruz and Donald Trump.,1
2,19.0,2,17,"In a statement, Cambridge Analytica denied that they had knowingly breached Facebook's terms of service.",1
2,19.0,2,18,"""Cambridge Analytica fully complies with Facebook's terms of service and is currently in touch with Facebook following its recent statement that it had suspended the company from its platform, in order to resolve this matter as quickly as possible"" ",1
2,19.0,2,19,"""Cambridge Analytica's Commercial and Political divisions use social media platforms for outward marketing, delivering data-led and creative content to targeted audiences.",1
2,19.0,2,t,"Facebook, Establishment Media Spar over Data Obtained by Cambridge Analytica",0
2,19.0,2,0,"Facebook recently banned Strategic Communication Laboratories, the parent company of Cambridge Analytica, from using their platform.",1
2,19.0,2,1,"According to Facebook, the data analytics firm - which played a key role in the Trump and Brexit campaigns - improperly obtained user data from University of Cambridge psychologist Aleksandr Kogan.",2
2,19.0,2,2,"Although Kogan obtained the data from Facebook in accordance with their policies, the social media company claims that he then passed the data to Cambridge Analytica, and to Christopher Wylie, an employee of Eunoia Technologies.",1
2,19.0,2,3,Kogan and Wylie have also been banned from Facebook.,0
2,19.0,2,4,"Facebook conceded that Kogan ""gained access to this information in a legitimate way and through the proper channels that governed all developers on Facebook at that time,"" but said that by passing the data to third parties ""he did not subsequently ab",0
2,19.0,2,5,"Nevertheless, The Observer, a British newspaper owned by the left-leaning Guardian Media Group, claimed that Cambridge Analytica's use of the data constituted ""one of the tech giant's biggest ever data breaches.""",1
2,19.0,2,6,"The New York Times also framed the incident as a ""breach"" and a ""data leak.""",0
2,19.0,2,7,Facebook strongly disputes this version of events.,0
2,19.0,2,8,"According to The Observer, the social media giant's lawyers warned the newspaper that their claims were ""false and defamatory,"" and reserved their legal position.",1
2,19.0,2,9,"The New York Times and Observer stories are based on the testimony of Christopher Wylie, a former Cambridge Analytica employee who left the company in 2014 - two years before the 2016 election.",1
2,19.0,2,10,"When asked if his use of Facebook data constituted a ""hack,"" Wylie told The Observer that he assumed that it was all ""entirely legal and above board.""",2
2,19.0,2,11,Cambridge Analytica CEO Alexander Nix was previously questioned by British politicians on his company's role in Brexit at the Trump campaign.,1
2,19.0,2,12,"Nix has said that his company uses ""data and technology to engage with voters in a more informed and relevant way.",2
2,19.0,2,13,"That can only be good for politics and democracy.""",0
2,19.0,2,14,The company is partially owned by the family of hedge fund manager Robert Mercer.,1
2,19.0,2,15,Former Breitbart News executive director Stephen K. Bannon previously worked as vice president of Cambridge Analytica's board.,1
2,19.0,2,16,The company worked for the presidential campaigns of both Sen. Ted Cruz and Donald Trump.,2
2,19.0,2,17,"In a statement, Cambridge Analytica denied that they had knowingly breached Facebook's terms of service.",1
2,19.0,2,18,"""Cambridge Analytica fully complies with Facebook's terms of service and is currently in touch with Facebook following its recent statement that it had suspended the company from its platform, in order to resolve this matter as quickly as possible"" ",0
2,19.0,2,19,"""Cambridge Analytica's Commercial and Political divisions use social media platforms for outward marketing, delivering data-led and creative content to targeted audiences.",1
2,19.0,3,t,"Facebook, Establishment Media Spar over Data Obtained by Cambridge Analytica",0
2,19.0,3,0,"Facebook recently banned Strategic Communication Laboratories, the parent company of Cambridge Analytica, from using their platform.",1
2,19.0,3,1,"According to Facebook, the data analytics firm - which played a key role in the Trump and Brexit campaigns - improperly obtained user data from University of Cambridge psychologist Aleksandr Kogan.",1
2,19.0,3,2,"Although Kogan obtained the data from Facebook in accordance with their policies, the social media company claims that he then passed the data to Cambridge Analytica, and to Christopher Wylie, an employee of Eunoia Technologies.",1
2,19.0,3,3,Kogan and Wylie have also been banned from Facebook.,2
2,19.0,3,4,"Facebook conceded that Kogan ""gained access to this information in a legitimate way and through the proper channels that governed all developers on Facebook at that time,"" but said that by passing the data to third parties ""he did not subsequently ab",1
2,19.0,3,5,"Nevertheless, The Observer, a British newspaper owned by the left-leaning Guardian Media Group, claimed that Cambridge Analytica's use of the data constituted ""one of the tech giant's biggest ever data breaches.""",1
2,19.0,3,6,"The New York Times also framed the incident as a ""breach"" and a ""data leak.""",2
2,19.0,3,7,Facebook strongly disputes this version of events.,2
2,19.0,3,8,"According to The Observer, the social media giant's lawyers warned the newspaper that their claims were ""false and defamatory,"" and reserved their legal position.",1
2,19.0,3,9,"The New York Times and Observer stories are based on the testimony of Christopher Wylie, a former Cambridge Analytica employee who left the company in 2014 - two years before the 2016 election.",1
2,19.0,3,10,"When asked if his use of Facebook data constituted a ""hack,"" Wylie told The Observer that he assumed that it was all ""entirely legal and above board.""",1
2,19.0,3,11,Cambridge Analytica CEO Alexander Nix was previously questioned by British politicians on his company's role in Brexit at the Trump campaign.,2
2,19.0,3,12,"Nix has said that his company uses ""data and technology to engage with voters in a more informed and relevant way.",2
2,19.0,3,13,"That can only be good for politics and democracy.""",2
2,19.0,3,14,The company is partially owned by the family of hedge fund manager Robert Mercer.,1
2,19.0,3,15,Former Breitbart News executive director Stephen K. Bannon previously worked as vice president of Cambridge Analytica's board.,1
2,19.0,3,16,The company worked for the presidential campaigns of both Sen. Ted Cruz and Donald Trump.,1
2,19.0,3,17,"In a statement, Cambridge Analytica denied that they had knowingly breached Facebook's terms of service.",1
2,19.0,3,18,"""Cambridge Analytica fully complies with Facebook's terms of service and is currently in touch with Facebook following its recent statement that it had suspended the company from its platform, in order to resolve this matter as quickly as possible"" ",3
2,19.0,3,19,"""Cambridge Analytica's Commercial and Political divisions use social media platforms for outward marketing, delivering data-led and creative content to targeted audiences.",1
2,19.0,2,t,"Facebook, Establishment Media Spar over Data Obtained by Cambridge Analytica",0
2,19.0,2,0,"Facebook recently banned Strategic Communication Laboratories, the parent company of Cambridge Analytica, from using their platform.",0
2,19.0,2,1,"According to Facebook, the data analytics firm - which played a key role in the Trump and Brexit campaigns - improperly obtained user data from University of Cambridge psychologist Aleksandr Kogan.",0
2,19.0,2,2,"Although Kogan obtained the data from Facebook in accordance with their policies, the social media company claims that he then passed the data to Cambridge Analytica, and to Christopher Wylie, an employee of Eunoia Technologies.",0
2,19.0,2,3,Kogan and Wylie have also been banned from Facebook.,2
2,19.0,2,4,"Facebook conceded that Kogan ""gained access to this information in a legitimate way and through the proper channels that governed all developers on Facebook at that time,"" but said that by passing the data to third parties ""he did not subsequently ab",2
2,19.0,2,5,"Nevertheless, The Observer, a British newspaper owned by the left-leaning Guardian Media Group, claimed that Cambridge Analytica's use of the data constituted ""one of the tech giant's biggest ever data breaches.""",1
2,19.0,2,6,"The New York Times also framed the incident as a ""breach"" and a ""data leak.""",1
2,19.0,2,7,Facebook strongly disputes this version of events.,1
2,19.0,2,8,"According to The Observer, the social media giant's lawyers warned the newspaper that their claims were ""false and defamatory,"" and reserved their legal position.",1
2,19.0,2,9,"The New York Times and Observer stories are based on the testimony of Christopher Wylie, a former Cambridge Analytica employee who left the company in 2014 - two years before the 2016 election.",1
2,19.0,2,10,"When asked if his use of Facebook data constituted a ""hack,"" Wylie told The Observer that he assumed that it was all ""entirely legal and above board.""",1
2,19.0,2,11,Cambridge Analytica CEO Alexander Nix was previously questioned by British politicians on his company's role in Brexit at the Trump campaign.,0
2,19.0,2,12,"Nix has said that his company uses ""data and technology to engage with voters in a more informed and relevant way.",0
2,19.0,2,13,"That can only be good for politics and democracy.""",0
2,19.0,2,14,The company is partially owned by the family of hedge fund manager Robert Mercer.,0
2,19.0,2,15,Former Breitbart News executive director Stephen K. Bannon previously worked as vice president of Cambridge Analytica's board.,0
2,19.0,2,16,The company worked for the presidential campaigns of both Sen. Ted Cruz and Donald Trump.,0
2,19.0,2,17,"In a statement, Cambridge Analytica denied that they had knowingly breached Facebook's terms of service.",1
2,19.0,2,18,"""Cambridge Analytica fully complies with Facebook's terms of service and is currently in touch with Facebook following its recent statement that it had suspended the company from its platform, in order to resolve this matter as quickly as possible"" ",1
2,19.0,2,19,"""Cambridge Analytica's Commercial and Political divisions use social media platforms for outward marketing, delivering data-led and creative content to targeted audiences.",0
2,20.0,3,t,Trump Campaign Purloined Data Of 50 Million Facebook Users,2
2,20.0,3,0,"Cambridge Analytica, the Trump campaign's data firm, harvested private information from more than 50 million unwitting Facebook users in what is being described as one of the largest data breaches in the social media giant's history.",2
2,20.0,3,1,"That data - taken without authorization - was used to build a digital operation that guided Trump's campaign for the presidency, according to a pair of bombshell reports published Saturday by the New York Times and The Observer of London.",2
2,20.0,3,2,The revelation that a firm working for a U.S. presidential candidate stole personal data from millions of Americans has sparked outcry across the country.,2
2,20.0,3,3,"Within hours of being published, the explosive reports had already prompted at least one state attorney general to launch an investigation into the allegedly fraudulent practices.",2
2,20.0,3,4,"But Trump, whose campaign paid Cambridge Analytica nearly $6 million for its work, has not said a word about the massive scandal engulfing the data company that the campaign once touted as integral to Trump's victory.",2
2,20.0,3,5,"His silence on the matter raises a host of startling questions, particularly given that he has already started making moves to organize his re-election campaign - and until he says otherwise, it's reasonable to wonder if he plans to rely on the firm ",2
2,20.0,3,6,The Trump campaign hired Cambridge Analytica in June 2016.,2
2,20.0,3,7,"Jared Kushner, who was in charge of overseeing then-candidate Trump's digital operations, brought the data firm into the campaign - a decision that was reportedly cheered on by Steve Bannon, a former vice president of Cambridge Analytica.",2
2,20.0,3,8,"The data firm, which has always been shrouded in secrecy, later came under scrutiny amid a number of alarming revelations, including a report that Cambridge Analytica's CEO had reached outto WikiLeaks founder Julian Assange in an effort to obtain Hil",2
2,20.0,3,9,"In another instance, Cambridge Analytica reportedly offered to help WikiLeaks organize emails that had been hacked from the DNC and Clinton campaign chairman John Podesta to make them more accessible to readers.",2
2,20.0,3,10,"Amid all of these revelations, Trump has remained silent.",2
2,20.0,3,11,"While his campaign has quietly tried to distance itself from the data firm, no one has given any indication that they have a problem with the allegedly fraudulent - and potentially illegal - practices that were used to help Trump win the presidency.",2
2,20.0,3,12,"And if Trump doesn't see a problem with the company's practices, there's no reason to believe that he won't use them again in 2020 - that is, if special counsel Robert Mueller's investigation doesn't put an end to them first.",2
2,20.0,2,t,Trump Campaign Purloined Data Of 50 Million Facebook Users,1
2,20.0,2,0,"Cambridge Analytica, the Trump campaign's data firm, harvested private information from more than 50 million unwitting Facebook users in what is being described as one of the largest data breaches in the social media giant's history.",1
2,20.0,2,1,"That data - taken without authorization - was used to build a digital operation that guided Trump's campaign for the presidency, according to a pair of bombshell reports published Saturday by the New York Times and The Observer of London.",1
2,20.0,2,2,The revelation that a firm working for a U.S. presidential candidate stole personal data from millions of Americans has sparked outcry across the country.,1
2,20.0,2,3,"Within hours of being published, the explosive reports had already prompted at least one state attorney general to launch an investigation into the allegedly fraudulent practices.",1
2,20.0,2,4,"But Trump, whose campaign paid Cambridge Analytica nearly $6 million for its work, has not said a word about the massive scandal engulfing the data company that the campaign once touted as integral to Trump's victory.",1
2,20.0,2,5,"His silence on the matter raises a host of startling questions, particularly given that he has already started making moves to organize his re-election campaign - and until he says otherwise, it's reasonable to wonder if he plans to rely on the firm ",1
2,20.0,2,6,The Trump campaign hired Cambridge Analytica in June 2016.,1
2,20.0,2,7,"Jared Kushner, who was in charge of overseeing then-candidate Trump's digital operations, brought the data firm into the campaign - a decision that was reportedly cheered on by Steve Bannon, a former vice president of Cambridge Analytica.",1
2,20.0,2,8,"The data firm, which has always been shrouded in secrecy, later came under scrutiny amid a number of alarming revelations, including a report that Cambridge Analytica's CEO had reached outto WikiLeaks founder Julian Assange in an effort to obtain Hil",1
2,20.0,2,9,"In another instance, Cambridge Analytica reportedly offered to help WikiLeaks organize emails that had been hacked from the DNC and Clinton campaign chairman John Podesta to make them more accessible to readers.",1
2,20.0,2,10,"Amid all of these revelations, Trump has remained silent.",1
2,20.0,2,11,"While his campaign has quietly tried to distance itself from the data firm, no one has given any indication that they have a problem with the allegedly fraudulent - and potentially illegal - practices that were used to help Trump win the presidency.",1
2,20.0,2,12,"And if Trump doesn't see a problem with the company's practices, there's no reason to believe that he won't use them again in 2020 - that is, if special counsel Robert Mueller's investigation doesn't put an end to them first.",1
2,20.0,2,t,Trump Campaign Purloined Data Of 50 Million Facebook Users,1
2,20.0,2,0,"Cambridge Analytica, the Trump campaign's data firm, harvested private information from more than 50 million unwitting Facebook users in what is being described as one of the largest data breaches in the social media giant's history.",3
2,20.0,2,1,"That data - taken without authorization - was used to build a digital operation that guided Trump's campaign for the presidency, according to a pair of bombshell reports published Saturday by the New York Times and The Observer of London.",3
2,20.0,2,2,The revelation that a firm working for a U.S. presidential candidate stole personal data from millions of Americans has sparked outcry across the country.,1
2,20.0,2,3,"Within hours of being published, the explosive reports had already prompted at least one state attorney general to launch an investigation into the allegedly fraudulent practices.",0
2,20.0,2,4,"But Trump, whose campaign paid Cambridge Analytica nearly $6 million for its work, has not said a word about the massive scandal engulfing the data company that the campaign once touted as integral to Trump's victory.",2
2,20.0,2,5,"His silence on the matter raises a host of startling questions, particularly given that he has already started making moves to organize his re-election campaign - and until he says otherwise, it's reasonable to wonder if he plans to rely on the firm ",1
2,20.0,2,6,The Trump campaign hired Cambridge Analytica in June 2016.,0
2,20.0,2,7,"Jared Kushner, who was in charge of overseeing then-candidate Trump's digital operations, brought the data firm into the campaign - a decision that was reportedly cheered on by Steve Bannon, a former vice president of Cambridge Analytica.",0
2,20.0,2,8,"The data firm, which has always been shrouded in secrecy, later came under scrutiny amid a number of alarming revelations, including a report that Cambridge Analytica's CEO had reached outto WikiLeaks founder Julian Assange in an effort to obtain Hil",2
2,20.0,2,9,"In another instance, Cambridge Analytica reportedly offered to help WikiLeaks organize emails that had been hacked from the DNC and Clinton campaign chairman John Podesta to make them more accessible to readers.",2
2,20.0,2,10,"Amid all of these revelations, Trump has remained silent.",1
2,20.0,2,11,"While his campaign has quietly tried to distance itself from the data firm, no one has given any indication that they have a problem with the allegedly fraudulent - and potentially illegal - practices that were used to help Trump win the presidency.",1
2,20.0,2,12,"And if Trump doesn't see a problem with the company's practices, there's no reason to believe that he won't use them again in 2020 - that is, if special counsel Robert Mueller's investigation doesn't put an end to them first.",1
2,20.0,3,t,Trump Campaign Purloined Data Of 50 Million Facebook Users,2
2,20.0,3,0,"Cambridge Analytica, the Trump campaign's data firm, harvested private information from more than 50 million unwitting Facebook users in what is being described as one of the largest data breaches in the social media giant's history.",2
2,20.0,3,1,"That data - taken without authorization - was used to build a digital operation that guided Trump's campaign for the presidency, according to a pair of bombshell reports published Saturday by the New York Times and The Observer of London.",2
2,20.0,3,2,The revelation that a firm working for a U.S. presidential candidate stole personal data from millions of Americans has sparked outcry across the country.,2
2,20.0,3,3,"Within hours of being published, the explosive reports had already prompted at least one state attorney general to launch an investigation into the allegedly fraudulent practices.",2
2,20.0,3,4,"But Trump, whose campaign paid Cambridge Analytica nearly $6 million for its work, has not said a word about the massive scandal engulfing the data company that the campaign once touted as integral to Trump's victory.",1
2,20.0,3,5,"His silence on the matter raises a host of startling questions, particularly given that he has already started making moves to organize his re-election campaign - and until he says otherwise, it's reasonable to wonder if he plans to rely on the firm ",1
2,20.0,3,6,The Trump campaign hired Cambridge Analytica in June 2016.,1
2,20.0,3,7,"Jared Kushner, who was in charge of overseeing then-candidate Trump's digital operations, brought the data firm into the campaign - a decision that was reportedly cheered on by Steve Bannon, a former vice president of Cambridge Analytica.",2
2,20.0,3,8,"The data firm, which has always been shrouded in secrecy, later came under scrutiny amid a number of alarming revelations, including a report that Cambridge Analytica's CEO had reached outto WikiLeaks founder Julian Assange in an effort to obtain Hil",1
2,20.0,3,9,"In another instance, Cambridge Analytica reportedly offered to help WikiLeaks organize emails that had been hacked from the DNC and Clinton campaign chairman John Podesta to make them more accessible to readers.",2
2,20.0,3,10,"Amid all of these revelations, Trump has remained silent.",1
2,20.0,3,11,"While his campaign has quietly tried to distance itself from the data firm, no one has given any indication that they have a problem with the allegedly fraudulent - and potentially illegal - practices that were used to help Trump win the presidency.",1
2,20.0,3,12,"And if Trump doesn't see a problem with the company's practices, there's no reason to believe that he won't use them again in 2020 - that is, if special counsel Robert Mueller's investigation doesn't put an end to them first.",1
2,20.0,4,t,Trump Campaign Purloined Data Of 50 Million Facebook Users,0
2,20.0,4,0,"Cambridge Analytica, the Trump campaign's data firm, harvested private information from more than 50 million unwitting Facebook users in what is being described as one of the largest data breaches in the social media giant's history.",0
2,20.0,4,1,"That data - taken without authorization - was used to build a digital operation that guided Trump's campaign for the presidency, according to a pair of bombshell reports published Saturday by the New York Times and The Observer of London.",1
2,20.0,4,2,The revelation that a firm working for a U.S. presidential candidate stole personal data from millions of Americans has sparked outcry across the country.,1
2,20.0,4,3,"Within hours of being published, the explosive reports had already prompted at least one state attorney general to launch an investigation into the allegedly fraudulent practices.",2
2,20.0,4,4,"But Trump, whose campaign paid Cambridge Analytica nearly $6 million for its work, has not said a word about the massive scandal engulfing the data company that the campaign once touted as integral to Trump's victory.",2
2,20.0,4,5,"His silence on the matter raises a host of startling questions, particularly given that he has already started making moves to organize his re-election campaign - and until he says otherwise, it's reasonable to wonder if he plans to rely on the firm ",2
2,20.0,4,6,The Trump campaign hired Cambridge Analytica in June 2016.,1
2,20.0,4,7,"Jared Kushner, who was in charge of overseeing then-candidate Trump's digital operations, brought the data firm into the campaign - a decision that was reportedly cheered on by Steve Bannon, a former vice president of Cambridge Analytica.",2
2,20.0,4,8,"The data firm, which has always been shrouded in secrecy, later came under scrutiny amid a number of alarming revelations, including a report that Cambridge Analytica's CEO had reached outto WikiLeaks founder Julian Assange in an effort to obtain Hil",2
2,20.0,4,9,"In another instance, Cambridge Analytica reportedly offered to help WikiLeaks organize emails that had been hacked from the DNC and Clinton campaign chairman John Podesta to make them more accessible to readers.",2
2,20.0,4,10,"Amid all of these revelations, Trump has remained silent.",3
2,20.0,4,11,"While his campaign has quietly tried to distance itself from the data firm, no one has given any indication that they have a problem with the allegedly fraudulent - and potentially illegal - practices that were used to help Trump win the presidency.",2
2,20.0,4,12,"And if Trump doesn't see a problem with the company's practices, there's no reason to believe that he won't use them again in 2020 - that is, if special counsel Robert Mueller's investigation doesn't put an end to them first.",2
2,21.0,3,t,Facebook user data breach as '50 MILLION profiles were used to predict and influence US voters',2
2,21.0,3,0,A DATA analysis firm employed by President Donald Trump's 2016 campaign reportedly tapped the Facebook profiles of more than 50 million users without their permission.,2
2,21.0,3,1,"The data leak allowed Cambridge Analytica, which had ties to Trump campaign strategist Steve Bannon, to capitalise on social media activity of a large portion of the U.S. electorate, The New York Times and The Guardian reported.",2
2,21.0,3,2,Facebook said it suspended Cambridge Analytica over allegations that it kept the improperly obtained user data after telling Facebook it had been deleted.,1
2,21.0,3,3,"In a blog post, the social network explained that the firm had received user data from a Facebook app that purported to be a psychological research tool, though the firm was not authorised to have the information.",2
2,21.0,3,4,"Roughly 270,000 people downloaded and shared personal details with the app.",2
2,21.0,3,5,"Cambridge Analytica later certified in 2015 that it had destroyed the information it had received, according to Facebook, although the social network said it received reports ""several days ago"" that not all the data was deleted.",2
2,21.0,3,6,Facebook says it is investigating.,2
2,21.0,3,7,"Facebook has also suspended the access of Cambridge Analytica's parent company, Strategic Communication Laboratories; University of Cambridge psychology professor Aleksandr Kogan, the academic who created the app in question; and another individual, ",2
2,21.0,3,8,"Cambridge Analytica denied wrongdoing in a statement, saying the parent company's SCL Elections unit hired Kogan to undertake ""a large scale research project in the US,"" but subsequently deleted all data it received from Kogan's company after learnin",2
2,21.0,3,9,"The firm said none of Kogan's data was used in its 2016 election work for the ""avoidance of doubt.""",2
2,21.0,3,10,Kogan did not immediately reply to an emailed request for comment.,1
2,21.0,3,11,Wylie could not immediately be located.,2
2,21.0,3,12,Cambridge Analytica - which claims to build psychological profiles based on personal details from millions of Americans to categorise individual voters - is best known for its political work during the 2016 US presidential campaign.,2
2,21.0,3,13,"But Trump's campaign Saturday denied using the firm's data, saying it relied on the Republican National Committee for its data.",2
2,21.0,3,14,"The firm had secured a $15 million investment from billionaire Robert Mercer - who supported the Trump campaign - and wooed Bannon with the promise of tools that could identify the personalities of American voters and influence their behaviour, it's",2
2,21.0,3,15,"But Cambridge Analytica did not have the data to make its new products work, so the firm harvested private information from the Facebook profiles of more than 50 million users without their permission.",2
2,21.0,3,16,A representative for Bannon did not immediately respond to an email seeking comment.,2
2,21.0,3,17,The company has surfaced in the U.S. probes into Russian interference in the 2016 presidential election.,2
2,21.0,3,18,British officials are also investigating the firm in connection with the June 2016 EU referendum.,2
2,21.0,3,19,We pay for your stories!,2
2,21.0,3,t,Facebook user data breach as '50 MILLION profiles were used to predict and influence US voters',3
2,21.0,3,0,A DATA analysis firm employed by President Donald Trump's 2016 campaign reportedly tapped the Facebook profiles of more than 50 million users without their permission.,3
2,21.0,3,1,"The data leak allowed Cambridge Analytica, which had ties to Trump campaign strategist Steve Bannon, to capitalise on social media activity of a large portion of the U.S. electorate, The New York Times and The Guardian reported.",2
2,21.0,3,2,Facebook said it suspended Cambridge Analytica over allegations that it kept the improperly obtained user data after telling Facebook it had been deleted.,3
2,21.0,3,3,"In a blog post, the social network explained that the firm had received user data from a Facebook app that purported to be a psychological research tool, though the firm was not authorised to have the information.",2
2,21.0,3,4,"Roughly 270,000 people downloaded and shared personal details with the app.",1
2,21.0,3,5,"Cambridge Analytica later certified in 2015 that it had destroyed the information it had received, according to Facebook, although the social network said it received reports ""several days ago"" that not all the data was deleted.",2
2,21.0,3,6,Facebook says it is investigating.,3
2,21.0,3,7,"Facebook has also suspended the access of Cambridge Analytica's parent company, Strategic Communication Laboratories; University of Cambridge psychology professor Aleksandr Kogan, the academic who created the app in question; and another individual, ",3
2,21.0,3,8,"Cambridge Analytica denied wrongdoing in a statement, saying the parent company's SCL Elections unit hired Kogan to undertake ""a large scale research project in the US,"" but subsequently deleted all data it received from Kogan's company after learnin",3
2,21.0,3,9,"The firm said none of Kogan's data was used in its 2016 election work for the ""avoidance of doubt.""",3
2,21.0,3,10,Kogan did not immediately reply to an emailed request for comment.,2
2,21.0,3,11,Wylie could not immediately be located.,1
2,21.0,3,12,Cambridge Analytica - which claims to build psychological profiles based on personal details from millions of Americans to categorise individual voters - is best known for its political work during the 2016 US presidential campaign.,2
2,21.0,3,13,"But Trump's campaign Saturday denied using the firm's data, saying it relied on the Republican National Committee for its data.",2
2,21.0,3,14,"The firm had secured a $15 million investment from billionaire Robert Mercer - who supported the Trump campaign - and wooed Bannon with the promise of tools that could identify the personalities of American voters and influence their behaviour, it's",3
2,21.0,3,15,"But Cambridge Analytica did not have the data to make its new products work, so the firm harvested private information from the Facebook profiles of more than 50 million users without their permission.",3
2,21.0,3,16,A representative for Bannon did not immediately respond to an email seeking comment.,1
2,21.0,3,17,The company has surfaced in the U.S. probes into Russian interference in the 2016 presidential election.,2
2,21.0,3,18,British officials are also investigating the firm in connection with the June 2016 EU referendum.,2
2,21.0,3,19,We pay for your stories!,0
2,21.0,1,t,Facebook user data breach as '50 MILLION profiles were used to predict and influence US voters',0
2,21.0,1,0,A DATA analysis firm employed by President Donald Trump's 2016 campaign reportedly tapped the Facebook profiles of more than 50 million users without their permission.,0
2,21.0,1,1,"The data leak allowed Cambridge Analytica, which had ties to Trump campaign strategist Steve Bannon, to capitalise on social media activity of a large portion of the U.S. electorate, The New York Times and The Guardian reported.",0
2,21.0,1,2,Facebook said it suspended Cambridge Analytica over allegations that it kept the improperly obtained user data after telling Facebook it had been deleted.,0
2,21.0,1,3,"In a blog post, the social network explained that the firm had received user data from a Facebook app that purported to be a psychological research tool, though the firm was not authorised to have the information.",0
2,21.0,1,4,"Roughly 270,000 people downloaded and shared personal details with the app.",0
2,21.0,1,5,"Cambridge Analytica later certified in 2015 that it had destroyed the information it had received, according to Facebook, although the social network said it received reports ""several days ago"" that not all the data was deleted.",0
2,21.0,1,6,Facebook says it is investigating.,0
2,21.0,1,7,"Facebook has also suspended the access of Cambridge Analytica's parent company, Strategic Communication Laboratories; University of Cambridge psychology professor Aleksandr Kogan, the academic who created the app in question; and another individual, ",0
2,21.0,1,8,"Cambridge Analytica denied wrongdoing in a statement, saying the parent company's SCL Elections unit hired Kogan to undertake ""a large scale research project in the US,"" but subsequently deleted all data it received from Kogan's company after learnin",0
2,21.0,1,9,"The firm said none of Kogan's data was used in its 2016 election work for the ""avoidance of doubt.""",0
2,21.0,1,10,Kogan did not immediately reply to an emailed request for comment.,0
2,21.0,1,11,Wylie could not immediately be located.,0
2,21.0,1,12,Cambridge Analytica - which claims to build psychological profiles based on personal details from millions of Americans to categorise individual voters - is best known for its political work during the 2016 US presidential campaign.,0
2,21.0,1,13,"But Trump's campaign Saturday denied using the firm's data, saying it relied on the Republican National Committee for its data.",0
2,21.0,1,14,"The firm had secured a $15 million investment from billionaire Robert Mercer - who supported the Trump campaign - and wooed Bannon with the promise of tools that could identify the personalities of American voters and influence their behaviour, it's",0
2,21.0,1,15,"But Cambridge Analytica did not have the data to make its new products work, so the firm harvested private information from the Facebook profiles of more than 50 million users without their permission.",0
2,21.0,1,16,A representative for Bannon did not immediately respond to an email seeking comment.,0
2,21.0,1,17,The company has surfaced in the U.S. probes into Russian interference in the 2016 presidential election.,0
2,21.0,1,18,British officials are also investigating the firm in connection with the June 2016 EU referendum.,0
2,21.0,1,19,We pay for your stories!,0
2,21.0,3,t,Facebook user data breach as '50 MILLION profiles were used to predict and influence US voters',1
2,21.0,3,0,A DATA analysis firm employed by President Donald Trump's 2016 campaign reportedly tapped the Facebook profiles of more than 50 million users without their permission.,1
2,21.0,3,1,"The data leak allowed Cambridge Analytica, which had ties to Trump campaign strategist Steve Bannon, to capitalise on social media activity of a large portion of the U.S. electorate, The New York Times and The Guardian reported.",1
2,21.0,3,2,Facebook said it suspended Cambridge Analytica over allegations that it kept the improperly obtained user data after telling Facebook it had been deleted.,1
2,21.0,3,3,"In a blog post, the social network explained that the firm had received user data from a Facebook app that purported to be a psychological research tool, though the firm was not authorised to have the information.",2
2,21.0,3,4,"Roughly 270,000 people downloaded and shared personal details with the app.",1
2,21.0,3,5,"Cambridge Analytica later certified in 2015 that it had destroyed the information it had received, according to Facebook, although the social network said it received reports ""several days ago"" that not all the data was deleted.",1
2,21.0,3,6,Facebook says it is investigating.,2
2,21.0,3,7,"Facebook has also suspended the access of Cambridge Analytica's parent company, Strategic Communication Laboratories; University of Cambridge psychology professor Aleksandr Kogan, the academic who created the app in question; and another individual, ",1
2,21.0,3,8,"Cambridge Analytica denied wrongdoing in a statement, saying the parent company's SCL Elections unit hired Kogan to undertake ""a large scale research project in the US,"" but subsequently deleted all data it received from Kogan's company after learnin",1
2,21.0,3,9,"The firm said none of Kogan's data was used in its 2016 election work for the ""avoidance of doubt.""",2
2,21.0,3,10,Kogan did not immediately reply to an emailed request for comment.,2
2,21.0,3,11,Wylie could not immediately be located.,2
2,21.0,3,12,Cambridge Analytica - which claims to build psychological profiles based on personal details from millions of Americans to categorise individual voters - is best known for its political work during the 2016 US presidential campaign.,1
2,21.0,3,13,"But Trump's campaign Saturday denied using the firm's data, saying it relied on the Republican National Committee for its data.",1
2,21.0,3,14,"The firm had secured a $15 million investment from billionaire Robert Mercer - who supported the Trump campaign - and wooed Bannon with the promise of tools that could identify the personalities of American voters and influence their behaviour, it's",1
2,21.0,3,15,"But Cambridge Analytica did not have the data to make its new products work, so the firm harvested private information from the Facebook profiles of more than 50 million users without their permission.",1
2,21.0,3,16,A representative for Bannon did not immediately respond to an email seeking comment.,1
2,21.0,3,17,The company has surfaced in the U.S. probes into Russian interference in the 2016 presidential election.,2
2,21.0,3,18,British officials are also investigating the firm in connection with the June 2016 EU referendum.,1
2,21.0,3,19,We pay for your stories!,3
2,22.0,3,t,Bombshell new report says British data firm that promoted Trump worked for Russians in 2014,2
2,22.0,3,0,Controversial British firm Cambridge Analytica is back in the news this week after being kicked off Facebook for misusing personal information culled from users.,1
2,22.0,3,1,A just-released report from the New York Times could make a bad week worse.,1
2,22.0,3,2,The report finds that the company had contacts with Russians about targeting American voters going back to 2014.,2
2,22.0,3,3,This contradicts what the company told a government inquisition in February.,2
2,22.0,3,4,"""As far as I'm aware, we've never worked for a Russian company,"" the company's head, Alexander Nix, told the British Parliament.",2
2,22.0,3,5,"""We've never worked with a Russian organization in Russia or any other country, and we don't have any relationship with Russia or Russian individuals.""",2
2,22.0,3,6,"According to the Times, executives from Lukoil, the Russian oil giant with close ties to Vladimir Putin, approached the company about influencing elections during three meetings in 2014 and 2015.",2
2,22.0,3,7,And the company appears to have acted on those meetings.,2
2,22.0,3,8,"""Cambridge Analytica also included extensive questions about Russia's president, Vladimir V. Putin, in surveys it was carrying out in American focus groups in 2014,"" the Times story says.",2
2,22.0,3,9,"""It is not clear what - or which client - prompted the line of questioning, which asked for views on topics ranging from Mr. Putin's popularity to Russian expansionism.""",2
2,22.0,3,10,"Cambridge Analytica has pushed back on Twitter, with a statement that appears to question the creditability of the Times sources.",2
2,22.0,3,t,Bombshell new report says British data firm that promoted Trump worked for Russians in 2014,3
2,22.0,3,0,Controversial British firm Cambridge Analytica is back in the news this week after being kicked off Facebook for misusing personal information culled from users.,3
2,22.0,3,1,A just-released report from the New York Times could make a bad week worse.,2
2,22.0,3,2,The report finds that the company had contacts with Russians about targeting American voters going back to 2014.,2
2,22.0,3,3,This contradicts what the company told a government inquisition in February.,2
2,22.0,3,4,"""As far as I'm aware, we've never worked for a Russian company,"" the company's head, Alexander Nix, told the British Parliament.",2
2,22.0,3,5,"""We've never worked with a Russian organization in Russia or any other country, and we don't have any relationship with Russia or Russian individuals.""",3
2,22.0,3,6,"According to the Times, executives from Lukoil, the Russian oil giant with close ties to Vladimir Putin, approached the company about influencing elections during three meetings in 2014 and 2015.",3
2,22.0,3,7,And the company appears to have acted on those meetings.,1
2,22.0,3,8,"""Cambridge Analytica also included extensive questions about Russia's president, Vladimir V. Putin, in surveys it was carrying out in American focus groups in 2014,"" the Times story says.",2
2,22.0,3,9,"""It is not clear what - or which client - prompted the line of questioning, which asked for views on topics ranging from Mr. Putin's popularity to Russian expansionism.""",2
2,22.0,3,10,"Cambridge Analytica has pushed back on Twitter, with a statement that appears to question the creditability of the Times sources.",3
2,22.0,1,t,Bombshell new report says British data firm that promoted Trump worked for Russians in 2014,1
2,22.0,1,0,Controversial British firm Cambridge Analytica is back in the news this week after being kicked off Facebook for misusing personal information culled from users.,0
2,22.0,1,1,A just-released report from the New York Times could make a bad week worse.,0
2,22.0,1,2,The report finds that the company had contacts with Russians about targeting American voters going back to 2014.,0
2,22.0,1,3,This contradicts what the company told a government inquisition in February.,0
2,22.0,1,4,"""As far as I'm aware, we've never worked for a Russian company,"" the company's head, Alexander Nix, told the British Parliament.",0
2,22.0,1,5,"""We've never worked with a Russian organization in Russia or any other country, and we don't have any relationship with Russia or Russian individuals.""",0
2,22.0,1,6,"According to the Times, executives from Lukoil, the Russian oil giant with close ties to Vladimir Putin, approached the company about influencing elections during three meetings in 2014 and 2015.",0
2,22.0,1,7,And the company appears to have acted on those meetings.,0
2,22.0,1,8,"""Cambridge Analytica also included extensive questions about Russia's president, Vladimir V. Putin, in surveys it was carrying out in American focus groups in 2014,"" the Times story says.",0
2,22.0,1,9,"""It is not clear what - or which client - prompted the line of questioning, which asked for views on topics ranging from Mr. Putin's popularity to Russian expansionism.""",0
2,22.0,1,10,"Cambridge Analytica has pushed back on Twitter, with a statement that appears to question the creditability of the Times sources.",0
2,22.0,2,t,Bombshell new report says British data firm that promoted Trump worked for Russians in 2014,0
2,22.0,2,0,Controversial British firm Cambridge Analytica is back in the news this week after being kicked off Facebook for misusing personal information culled from users.,1
2,22.0,2,1,A just-released report from the New York Times could make a bad week worse.,1
2,22.0,2,2,The report finds that the company had contacts with Russians about targeting American voters going back to 2014.,2
2,22.0,2,3,This contradicts what the company told a government inquisition in February.,1
2,22.0,2,4,"""As far as I'm aware, we've never worked for a Russian company,"" the company's head, Alexander Nix, told the British Parliament.",1
2,22.0,2,5,"""We've never worked with a Russian organization in Russia or any other country, and we don't have any relationship with Russia or Russian individuals.""",1
2,22.0,2,6,"According to the Times, executives from Lukoil, the Russian oil giant with close ties to Vladimir Putin, approached the company about influencing elections during three meetings in 2014 and 2015.",1
2,22.0,2,7,And the company appears to have acted on those meetings.,2
2,22.0,2,8,"""Cambridge Analytica also included extensive questions about Russia's president, Vladimir V. Putin, in surveys it was carrying out in American focus groups in 2014,"" the Times story says.",1
2,22.0,2,9,"""It is not clear what - or which client - prompted the line of questioning, which asked for views on topics ranging from Mr. Putin's popularity to Russian expansionism.""",1
2,22.0,2,10,"Cambridge Analytica has pushed back on Twitter, with a statement that appears to question the creditability of the Times sources.",1
2,23.0,3,t,Facebook Suspends Trump Data Firm for Harvesting Private Information of Users,2
2,23.0,3,0,"We've been promised by Google, Facebook, and other social sites that our personal information is protected and that when some of our information is provided to third parties, our identity will never be made known.",2
2,23.0,3,1,But now we have an example of just how disingenuous those promises are.,2
2,23.0,3,2,Facebook has just suspended Strategic Communication Laboratories (SCL) and Cambridge Analytica for violating its privacy policies.,1
2,23.0,3,3,"These companies worked with President Trump's 2016 campaign, using Facebook and other social media to target ads at voters much more effectively than the Clinton campaign.",2
2,23.0,3,4,"Cambridge Analytica, which is owned by hedge fund billionaire Robert Mercer, has been using Facebook as a tool to build psychological profiles that represent some 230 million adult Americans and is being accused by Facebook of revealing the private i",2
2,23.0,3,5,"While these companies utilized the tools that Facebook created for their advertisers to do much the same targeting, they are accused of going further and violating Facebook's terms of service.",2
2,23.0,3,6,"Facebook Deputy General Counsel Paul Grewal explained that SCL worked with Aleksandr Kogan, a psychology professor at the University of Cambridge, who developed ""Thisisyourdigitallife,"" an app that enticed Facebook users to reveal more about their pe",2
2,23.0,3,7,"According to the New York Times, questions like these were asked: ""Do you panic easily?",2
2,23.0,3,8,Do you often feel blue?,2
2,23.0,3,9,Do you have a sharp tongue?,1
2,23.0,3,10,Do you get chores done right away?,2
2,23.0,3,11,"Do you believe in the importance of art?""",2
2,23.0,3,12,"""If ever you've answered questions like these on one of the free personality quizzes floating around Facebook, you'll have learned what's known as your Ocean score: How you rate according to the big five psychological traits of Openness, Conscientio",3
2,23.0,3,13,"More than a quarter of a million Facebook users downloaded the app and logged in through Facebook, which gave Kogan personal information, including where they lived, their likes and dislikes, and information about their friends.",2
2,23.0,3,14,"Kogan, in turn, provided the personal information to a data harvesting company, Eunoia Technologies, in violation of Facebook rules that forbid app developers from sharing users' personal information.",2
2,23.0,3,15,This data was then shared with SCL/Cambridge Analytica to target Facebook users during the election campaign.,2
2,23.0,3,16,"When Facebook discovered the violation of their policy, they asked Kogan to verify that the personal data he collected was destroyed and simply took him at his word that it was.",2
2,23.0,3,17,"Facebook just learned that, in fact, the data was not deleted as requested, and so they suspended SCL/Cambridge Analytica, Wylie, an intermediary, and Kogan from Facebook, pending further investigation.",3
2,23.0,3,18,"Cambridge Analytica released a statement claiming that it deleted all of its data after learning that Global Science Research did not comply with Facebook's terms of service and that it is working with the social media company to ""resolve this matte",2
2,23.0,3,t,Facebook Suspends Trump Data Firm for Harvesting Private Information of Users,2
2,23.0,3,0,"We've been promised by Google, Facebook, and other social sites that our personal information is protected and that when some of our information is provided to third parties, our identity will never be made known.",2
2,23.0,3,1,But now we have an example of just how disingenuous those promises are.,3
2,23.0,3,2,Facebook has just suspended Strategic Communication Laboratories (SCL) and Cambridge Analytica for violating its privacy policies.,3
2,23.0,3,3,"These companies worked with President Trump's 2016 campaign, using Facebook and other social media to target ads at voters much more effectively than the Clinton campaign.",3
2,23.0,3,4,"Cambridge Analytica, which is owned by hedge fund billionaire Robert Mercer, has been using Facebook as a tool to build psychological profiles that represent some 230 million adult Americans and is being accused by Facebook of revealing the private i",2
2,23.0,3,5,"While these companies utilized the tools that Facebook created for their advertisers to do much the same targeting, they are accused of going further and violating Facebook's terms of service.",3
2,23.0,3,6,"Facebook Deputy General Counsel Paul Grewal explained that SCL worked with Aleksandr Kogan, a psychology professor at the University of Cambridge, who developed ""Thisisyourdigitallife,"" an app that enticed Facebook users to reveal more about their pe",2
2,23.0,3,7,"According to the New York Times, questions like these were asked: ""Do you panic easily?",2
2,23.0,3,8,Do you often feel blue?,0
2,23.0,3,9,Do you have a sharp tongue?,0
2,23.0,3,10,Do you get chores done right away?,0
2,23.0,3,11,"Do you believe in the importance of art?""",0
2,23.0,3,12,"""If ever you've answered questions like these on one of the free personality quizzes floating around Facebook, you'll have learned what's known as your Ocean score: How you rate according to the big five psychological traits of Openness, Conscientio",2
2,23.0,3,13,"More than a quarter of a million Facebook users downloaded the app and logged in through Facebook, which gave Kogan personal information, including where they lived, their likes and dislikes, and information about their friends.",3
2,23.0,3,14,"Kogan, in turn, provided the personal information to a data harvesting company, Eunoia Technologies, in violation of Facebook rules that forbid app developers from sharing users' personal information.",3
2,23.0,3,15,This data was then shared with SCL/Cambridge Analytica to target Facebook users during the election campaign.,3
2,23.0,3,16,"When Facebook discovered the violation of their policy, they asked Kogan to verify that the personal data he collected was destroyed and simply took him at his word that it was.",3
2,23.0,3,17,"Facebook just learned that, in fact, the data was not deleted as requested, and so they suspended SCL/Cambridge Analytica, Wylie, an intermediary, and Kogan from Facebook, pending further investigation.",2
2,23.0,3,18,"Cambridge Analytica released a statement claiming that it deleted all of its data after learning that Global Science Research did not comply with Facebook's terms of service and that it is working with the social media company to ""resolve this matte",2
2,23.0,1,t,Facebook Suspends Trump Data Firm for Harvesting Private Information of Users,0
2,23.0,1,0,"We've been promised by Google, Facebook, and other social sites that our personal information is protected and that when some of our information is provided to third parties, our identity will never be made known.",0
2,23.0,1,1,But now we have an example of just how disingenuous those promises are.,2
2,23.0,1,2,Facebook has just suspended Strategic Communication Laboratories (SCL) and Cambridge Analytica for violating its privacy policies.,0
2,23.0,1,3,"These companies worked with President Trump's 2016 campaign, using Facebook and other social media to target ads at voters much more effectively than the Clinton campaign.",0
2,23.0,1,4,"Cambridge Analytica, which is owned by hedge fund billionaire Robert Mercer, has been using Facebook as a tool to build psychological profiles that represent some 230 million adult Americans and is being accused by Facebook of revealing the private i",0
2,23.0,1,5,"While these companies utilized the tools that Facebook created for their advertisers to do much the same targeting, they are accused of going further and violating Facebook's terms of service.",0
2,23.0,1,6,"Facebook Deputy General Counsel Paul Grewal explained that SCL worked with Aleksandr Kogan, a psychology professor at the University of Cambridge, who developed ""Thisisyourdigitallife,"" an app that enticed Facebook users to reveal more about their pe",0
2,23.0,1,7,"According to the New York Times, questions like these were asked: ""Do you panic easily?",0
2,23.0,1,8,Do you often feel blue?,0
2,23.0,1,9,Do you have a sharp tongue?,0
2,23.0,1,10,Do you get chores done right away?,0
2,23.0,1,11,"Do you believe in the importance of art?""",0
2,23.0,1,12,"""If ever you've answered questions like these on one of the free personality quizzes floating around Facebook, you'll have learned what's known as your Ocean score: How you rate according to the big five psychological traits of Openness, Conscientio",0
2,23.0,1,13,"More than a quarter of a million Facebook users downloaded the app and logged in through Facebook, which gave Kogan personal information, including where they lived, their likes and dislikes, and information about their friends.",0
2,23.0,1,14,"Kogan, in turn, provided the personal information to a data harvesting company, Eunoia Technologies, in violation of Facebook rules that forbid app developers from sharing users' personal information.",0
2,23.0,1,15,This data was then shared with SCL/Cambridge Analytica to target Facebook users during the election campaign.,0
2,23.0,1,16,"When Facebook discovered the violation of their policy, they asked Kogan to verify that the personal data he collected was destroyed and simply took him at his word that it was.",0
2,23.0,1,17,"Facebook just learned that, in fact, the data was not deleted as requested, and so they suspended SCL/Cambridge Analytica, Wylie, an intermediary, and Kogan from Facebook, pending further investigation.",0
2,23.0,1,18,"Cambridge Analytica released a statement claiming that it deleted all of its data after learning that Global Science Research did not comply with Facebook's terms of service and that it is working with the social media company to ""resolve this matte",0
2,23.0,2,t,Facebook Suspends Trump Data Firm for Harvesting Private Information of Users,0
2,23.0,2,0,"We've been promised by Google, Facebook, and other social sites that our personal information is protected and that when some of our information is provided to third parties, our identity will never be made known.",1
2,23.0,2,1,But now we have an example of just how disingenuous those promises are.,1
2,23.0,2,2,Facebook has just suspended Strategic Communication Laboratories (SCL) and Cambridge Analytica for violating its privacy policies.,1
2,23.0,2,3,"These companies worked with President Trump's 2016 campaign, using Facebook and other social media to target ads at voters much more effectively than the Clinton campaign.",2
2,23.0,2,4,"Cambridge Analytica, which is owned by hedge fund billionaire Robert Mercer, has been using Facebook as a tool to build psychological profiles that represent some 230 million adult Americans and is being accused by Facebook of revealing the private i",1
2,23.0,2,5,"While these companies utilized the tools that Facebook created for their advertisers to do much the same targeting, they are accused of going further and violating Facebook's terms of service.",2
2,23.0,2,6,"Facebook Deputy General Counsel Paul Grewal explained that SCL worked with Aleksandr Kogan, a psychology professor at the University of Cambridge, who developed ""Thisisyourdigitallife,"" an app that enticed Facebook users to reveal more about their pe",1
2,23.0,2,7,"According to the New York Times, questions like these were asked: ""Do you panic easily?",1
2,23.0,2,8,Do you often feel blue?,1
2,23.0,2,9,Do you have a sharp tongue?,1
2,23.0,2,10,Do you get chores done right away?,1
2,23.0,2,11,"Do you believe in the importance of art?""",1
2,23.0,2,12,"""If ever you've answered questions like these on one of the free personality quizzes floating around Facebook, you'll have learned what's known as your Ocean score: How you rate according to the big five psychological traits of Openness, Conscientio",2
2,23.0,2,13,"More than a quarter of a million Facebook users downloaded the app and logged in through Facebook, which gave Kogan personal information, including where they lived, their likes and dislikes, and information about their friends.",2
2,23.0,2,14,"Kogan, in turn, provided the personal information to a data harvesting company, Eunoia Technologies, in violation of Facebook rules that forbid app developers from sharing users' personal information.",1
2,23.0,2,15,This data was then shared with SCL/Cambridge Analytica to target Facebook users during the election campaign.,1
2,23.0,2,16,"When Facebook discovered the violation of their policy, they asked Kogan to verify that the personal data he collected was destroyed and simply took him at his word that it was.",1
2,23.0,2,17,"Facebook just learned that, in fact, the data was not deleted as requested, and so they suspended SCL/Cambridge Analytica, Wylie, an intermediary, and Kogan from Facebook, pending further investigation.",1
2,23.0,2,18,"Cambridge Analytica released a statement claiming that it deleted all of its data after learning that Global Science Research did not comply with Facebook's terms of service and that it is working with the social media company to ""resolve this matte",1