id_event,id_article,article_bias,id_sentence,sentence_text,bias_score
4,36.0,2,t,"Tillerson Makes A N. Korea Overture, But It Highlights His Credibility Problem",0
4,36.0,2,0,"Tillerson Makes A N. Korea Overture, But It Highlights His Credibility Problem",0
4,36.0,2,1,Secretary of State Rex Tillerson is ready to talk about talking to North Korea.,0
4,36.0,2,2,"""We're ready to talk anytime North Korea would like to talk.",0
4,36.0,2,3,"And we're ready to have the first meeting without precondition,"" he said, in remarks Tuesday at the Atlantic Council, a think tank in Washington, D.C.",0
4,36.0,2,4,"It sounds like a chance for a diplomatic resolution to the dangerous nuclear crisis with North Korea, which has gotten tenser in recent months after North Korea's sixth nuclear test and two successful launches of intercontinental ballistic missiles.",0
4,36.0,2,5,"Throughout 2017, incendiary threats and name-calling have flown from the U.S. and Pyongyang, the North Korean capital, and the U.S. policy of ""maximum pressure"" has led to increasing sanctions to starve North Korea of resources.",0
4,36.0,2,6,"Now, the secretary of state is saying the U.S. wants to sit down with North Korean leaders.",0
4,36.0,2,7,"""We can talk about the weather if you want,"" Tillerson said, in his overture to North Korea.",0
4,36.0,2,8,"""We can talk about whether it's going to be a square table or a round table if that's what you're excited about.",0
4,36.0,2,9,But can we at least sit down and see each other face to face?,0
4,36.0,2,10,"And then we can begin to lay out a map, a road map of what we might be willing to work towards.",0
4,36.0,2,11,"I don't think - it's not realistic to say we're only going to talk if you come to the table ready to give up your program.""",0
4,36.0,2,12,Some North Korea security watchers - like Van Jackson - are skeptical.,0
4,36.0,2,13,"""I just sort of rolled my eyes,"" said Jackson, a former Asia specialist for the Defense Department who is now at New Zealand's Victoria University of Wellington.",0
4,36.0,2,14,"He says this is just posturing from Tillerson because the U.S. can't effectively say it wants to talk when its goal is complete, verifiable denuclearization by North Korea.",0
4,36.0,2,15,"For Pyongyang, giving up its nuclear program is a non-starter.",0
4,36.0,2,16,"""We know that North Korea is not going to go there.",0
4,36.0,2,17,"So if you want to actually negotiate something, you can't have an unrealistic goal,"" Jackson says.",0
4,36.0,2,18,"In Seoul, James Kim of the policy think tank the Asan Institute says the significance of this depends on North Korea's response to Tillerson.",0
4,36.0,2,19,"""It really depends whether North Korea stops testing and comes to the bargaining table to talk, or they continue to test and [show they're] not going to engage in any talks at this time,"" Kim says.",0
4,36.0,1,t,"Tillerson Makes A N. Korea Overture, But It Highlights His Credibility Problem",0
4,36.0,1,0,"Tillerson Makes A N. Korea Overture, But It Highlights His Credibility Problem",0
4,36.0,1,1,Secretary of State Rex Tillerson is ready to talk about talking to North Korea.,0
4,36.0,1,2,"""We're ready to talk anytime North Korea would like to talk.",0
4,36.0,1,3,"And we're ready to have the first meeting without precondition,"" he said, in remarks Tuesday at the Atlantic Council, a think tank in Washington, D.C.",0
4,36.0,1,4,"It sounds like a chance for a diplomatic resolution to the dangerous nuclear crisis with North Korea, which has gotten tenser in recent months after North Korea's sixth nuclear test and two successful launches of intercontinental ballistic missiles.",0
4,36.0,1,5,"Throughout 2017, incendiary threats and name-calling have flown from the U.S. and Pyongyang, the North Korean capital, and the U.S. policy of ""maximum pressure"" has led to increasing sanctions to starve North Korea of resources.",0
4,36.0,1,6,"Now, the secretary of state is saying the U.S. wants to sit down with North Korean leaders.",0
4,36.0,1,7,"""We can talk about the weather if you want,"" Tillerson said, in his overture to North Korea.",0
4,36.0,1,8,"""We can talk about whether it's going to be a square table or a round table if that's what you're excited about.",0
4,36.0,1,9,But can we at least sit down and see each other face to face?,0
4,36.0,1,10,"And then we can begin to lay out a map, a road map of what we might be willing to work towards.",0
4,36.0,1,11,"I don't think - it's not realistic to say we're only going to talk if you come to the table ready to give up your program.""",0
4,36.0,1,12,Some North Korea security watchers - like Van Jackson - are skeptical.,0
4,36.0,1,13,"""I just sort of rolled my eyes,"" said Jackson, a former Asia specialist for the Defense Department who is now at New Zealand's Victoria University of Wellington.",0
4,36.0,1,14,"He says this is just posturing from Tillerson because the U.S. can't effectively say it wants to talk when its goal is complete, verifiable denuclearization by North Korea.",0
4,36.0,1,15,"For Pyongyang, giving up its nuclear program is a non-starter.",0
4,36.0,1,16,"""We know that North Korea is not going to go there.",0
4,36.0,1,17,"So if you want to actually negotiate something, you can't have an unrealistic goal,"" Jackson says.",0
4,36.0,1,18,"In Seoul, James Kim of the policy think tank the Asan Institute says the significance of this depends on North Korea's response to Tillerson.",0
4,36.0,1,19,"""It really depends whether North Korea stops testing and comes to the bargaining table to talk, or they continue to test and [show they're] not going to engage in any talks at this time,"" Kim says.",0
4,36.0,3,t,"Tillerson Makes A N. Korea Overture, But It Highlights His Credibility Problem",0
4,36.0,3,0,"Tillerson Makes A N. Korea Overture, But It Highlights His Credibility Problem",0
4,36.0,3,1,Secretary of State Rex Tillerson is ready to talk about talking to North Korea.,0
4,36.0,3,2,"""We're ready to talk anytime North Korea would like to talk.",1
4,36.0,3,3,"And we're ready to have the first meeting without precondition,"" he said, in remarks Tuesday at the Atlantic Council, a think tank in Washington, D.C.",1
4,36.0,3,4,"It sounds like a chance for a diplomatic resolution to the dangerous nuclear crisis with North Korea, which has gotten tenser in recent months after North Korea's sixth nuclear test and two successful launches of intercontinental ballistic missiles.",1
4,36.0,3,5,"Throughout 2017, incendiary threats and name-calling have flown from the U.S. and Pyongyang, the North Korean capital, and the U.S. policy of ""maximum pressure"" has led to increasing sanctions to starve North Korea of resources.",1
4,36.0,3,6,"Now, the secretary of state is saying the U.S. wants to sit down with North Korean leaders.",0
4,36.0,3,7,"""We can talk about the weather if you want,"" Tillerson said, in his overture to North Korea.",1
4,36.0,3,8,"""We can talk about whether it's going to be a square table or a round table if that's what you're excited about.",1
4,36.0,3,9,But can we at least sit down and see each other face to face?,0
4,36.0,3,10,"And then we can begin to lay out a map, a road map of what we might be willing to work towards.",0
4,36.0,3,11,"I don't think - it's not realistic to say we're only going to talk if you come to the table ready to give up your program.""",1
4,36.0,3,12,Some North Korea security watchers - like Van Jackson - are skeptical.,1
4,36.0,3,13,"""I just sort of rolled my eyes,"" said Jackson, a former Asia specialist for the Defense Department who is now at New Zealand's Victoria University of Wellington.",0
4,36.0,3,14,"He says this is just posturing from Tillerson because the U.S. can't effectively say it wants to talk when its goal is complete, verifiable denuclearization by North Korea.",0
4,36.0,3,15,"For Pyongyang, giving up its nuclear program is a non-starter.",0
4,36.0,3,16,"""We know that North Korea is not going to go there.",1
4,36.0,3,17,"So if you want to actually negotiate something, you can't have an unrealistic goal,"" Jackson says.",1
4,36.0,3,18,"In Seoul, James Kim of the policy think tank the Asan Institute says the significance of this depends on North Korea's response to Tillerson.",1
4,36.0,3,19,"""It really depends whether North Korea stops testing and comes to the bargaining table to talk, or they continue to test and [show they're] not going to engage in any talks at this time,"" Kim says.",1
4,36.0,3,t,"Tillerson Makes A N. Korea Overture, But It Highlights His Credibility Problem",1
4,36.0,3,0,"Tillerson Makes A N. Korea Overture, But It Highlights His Credibility Problem",1
4,36.0,3,1,Secretary of State Rex Tillerson is ready to talk about talking to North Korea.,1
4,36.0,3,2,"""We're ready to talk anytime North Korea would like to talk.",1
4,36.0,3,3,"And we're ready to have the first meeting without precondition,"" he said, in remarks Tuesday at the Atlantic Council, a think tank in Washington, D.C.",1
4,36.0,3,4,"It sounds like a chance for a diplomatic resolution to the dangerous nuclear crisis with North Korea, which has gotten tenser in recent months after North Korea's sixth nuclear test and two successful launches of intercontinental ballistic missiles.",1
4,36.0,3,5,"Throughout 2017, incendiary threats and name-calling have flown from the U.S. and Pyongyang, the North Korean capital, and the U.S. policy of ""maximum pressure"" has led to increasing sanctions to starve North Korea of resources.",0
4,36.0,3,6,"Now, the secretary of state is saying the U.S. wants to sit down with North Korean leaders.",1
4,36.0,3,7,"""We can talk about the weather if you want,"" Tillerson said, in his overture to North Korea.",1
4,36.0,3,8,"""We can talk about whether it's going to be a square table or a round table if that's what you're excited about.",1
4,36.0,3,9,But can we at least sit down and see each other face to face?,1
4,36.0,3,10,"And then we can begin to lay out a map, a road map of what we might be willing to work towards.",1
4,36.0,3,11,"I don't think - it's not realistic to say we're only going to talk if you come to the table ready to give up your program.""",0
4,36.0,3,12,Some North Korea security watchers - like Van Jackson - are skeptical.,1
4,36.0,3,13,"""I just sort of rolled my eyes,"" said Jackson, a former Asia specialist for the Defense Department who is now at New Zealand's Victoria University of Wellington.",1
4,36.0,3,14,"He says this is just posturing from Tillerson because the U.S. can't effectively say it wants to talk when its goal is complete, verifiable denuclearization by North Korea.",1
4,36.0,3,15,"For Pyongyang, giving up its nuclear program is a non-starter.",1
4,36.0,3,16,"""We know that North Korea is not going to go there.",1
4,36.0,3,17,"So if you want to actually negotiate something, you can't have an unrealistic goal,"" Jackson says.",0
4,36.0,3,18,"In Seoul, James Kim of the policy think tank the Asan Institute says the significance of this depends on North Korea's response to Tillerson.",1
4,36.0,3,19,"""It really depends whether North Korea stops testing and comes to the bargaining table to talk, or they continue to test and [show they're] not going to engage in any talks at this time,"" Kim says.",1
4,36.0,1,t,"Tillerson Makes A N. Korea Overture, But It Highlights His Credibility Problem",0
4,36.0,1,0,"Tillerson Makes A N. Korea Overture, But It Highlights His Credibility Problem",0
4,36.0,1,1,Secretary of State Rex Tillerson is ready to talk about talking to North Korea.,0
4,36.0,1,2,"""We're ready to talk anytime North Korea would like to talk.",0
4,36.0,1,3,"And we're ready to have the first meeting without precondition,"" he said, in remarks Tuesday at the Atlantic Council, a think tank in Washington, D.C.",0
4,36.0,1,4,"It sounds like a chance for a diplomatic resolution to the dangerous nuclear crisis with North Korea, which has gotten tenser in recent months after North Korea's sixth nuclear test and two successful launches of intercontinental ballistic missiles.",0
4,36.0,1,5,"Throughout 2017, incendiary threats and name-calling have flown from the U.S. and Pyongyang, the North Korean capital, and the U.S. policy of ""maximum pressure"" has led to increasing sanctions to starve North Korea of resources.",1
4,36.0,1,6,"Now, the secretary of state is saying the U.S. wants to sit down with North Korean leaders.",0
4,36.0,1,7,"""We can talk about the weather if you want,"" Tillerson said, in his overture to North Korea.",0
4,36.0,1,8,"""We can talk about whether it's going to be a square table or a round table if that's what you're excited about.",0
4,36.0,1,9,But can we at least sit down and see each other face to face?,0
4,36.0,1,10,"And then we can begin to lay out a map, a road map of what we might be willing to work towards.",0
4,36.0,1,11,"I don't think - it's not realistic to say we're only going to talk if you come to the table ready to give up your program.""",0
4,36.0,1,12,Some North Korea security watchers - like Van Jackson - are skeptical.,0
4,36.0,1,13,"""I just sort of rolled my eyes,"" said Jackson, a former Asia specialist for the Defense Department who is now at New Zealand's Victoria University of Wellington.",0
4,36.0,1,14,"He says this is just posturing from Tillerson because the U.S. can't effectively say it wants to talk when its goal is complete, verifiable denuclearization by North Korea.",0
4,36.0,1,15,"For Pyongyang, giving up its nuclear program is a non-starter.",0
4,36.0,1,16,"""We know that North Korea is not going to go there.",0
4,36.0,1,17,"So if you want to actually negotiate something, you can't have an unrealistic goal,"" Jackson says.",0
4,36.0,1,18,"In Seoul, James Kim of the policy think tank the Asan Institute says the significance of this depends on North Korea's response to Tillerson.",0
4,36.0,1,19,"""It really depends whether North Korea stops testing and comes to the bargaining table to talk, or they continue to test and [show they're] not going to engage in any talks at this time,"" Kim says.",0
4,37.0,1,t,Tillerson tries to quell anxieties at State Dept. amid questions about his future,0
4,37.0,1,0,"Ten months after taking office and seven months after beginning a ""redesign"" of the department that critics say has hollowed it out, Secretary of State Rex Tillerson is making a push to be more transparent and open and boost sagging morale - starting",0
4,37.0,1,1,"The push, described by a senior State Department official, comes as questions about his future continue to haunt Tillerson, after a White House plot to oust him was leaked to the press two weeks ago.",0
4,37.0,1,2,But Tillerson doubled down on his plans to revamp the nation's foreign service agency and pushed back on continued reports that it was being dismantled.,0
4,37.0,1,3,"In particular, after a monthslong multimillion-dollar process that included 35,000 State Department and USAID employees taking an online survey, 300 in-person interviews and employee-led teams narrowing those ideas down with the help of two outside c",0
4,37.0,1,4,"Some of the ideas got applause from those in attendance in Washington, such as an end to the hiring freeze for employees' spouses at posts around the world.",0
4,37.0,1,5,"But that freeze was implemented by Tillerson, and a broader one remains in place for department employees.",0
4,37.0,1,6,"It's been the cause of much frustration for missions and diplomats, although the State Department counters that Tillerson has signed 2,400 exemptions and denied only one to two dozen.",0
4,37.0,1,7,"Tillerson also got applause for announcing a streamlining of the security clearance process, which ""was frustrating for me,"" he said to laughs, and for changes to personnel policy that allow employees on medical or maternity leave to telecommute inst",0
4,37.0,1,8,"But after months of planning that was seen as secretive by Capitol Hill and cuts to staffing through attrition, resignations, retirements and buy-outs, critics called it a small pot to show for his efforts.",0
4,37.0,1,9,"""These are drops in a bucket compared to the magnitude of issues facing this department,"" Sen. Ben Cardin, D-Md., the ranking member of the Senate Foreign Relations Committee, said in a statement.",0
4,37.0,1,10,"""These problems have been needlessly inflicted by this administration ...",0
4,37.0,1,11,"It will take a lot of hard work to help State and USAID recover from the damage the freeze and rudderless 'redesign' have done.""",0
4,37.0,1,12,"Tillerson referred to some bigger changes coming down the line, including upgrading and integrating the IT and HR systems, streamlining the process for policy to be created and raised to his attention and eliminating duplicative systems and processe",0
4,37.0,1,13,"He said that there will be no embassy or consulate closures but that there will be a re-evaluation of how many people are needed at various posts - citing London, Paris and Rome as missions that will likely be cut back.",0
4,37.0,1,14,"These new projects are two or three years in the future, he said - implying that he was sticking around to see them through.",0
4,37.0,1,15,"In the face of the reports that he was being ousted, Tillerson was at his most passionate talking about organizational performance, saying finding ways to increase it has been ""one of the things I've gotten the greatest satisfaction from"" in his car",0
4,37.0,1,16,"""The actual task at hand of dealing with North Korea?",0
4,37.0,1,17,"I don't enjoy that,"" he told the room of employees and those watching at posts around the world.",0
4,37.0,1,18,"""But I enjoy working with Susan Thornton on it,"" referring to the acting assistant secretary of state for East Asian and Pacific affairs as an example of a colleague he's gotten to know.",0
4,37.0,1,19,"""Unleashing"" the talent of the department's personnel seemed to be his top priority.",0
4,37.0,2,t,Tillerson tries to quell anxieties at State Dept. amid questions about his future,0
4,37.0,2,0,"Ten months after taking office and seven months after beginning a ""redesign"" of the department that critics say has hollowed it out, Secretary of State Rex Tillerson is making a push to be more transparent and open and boost sagging morale - starting",0
4,37.0,2,1,"The push, described by a senior State Department official, comes as questions about his future continue to haunt Tillerson, after a White House plot to oust him was leaked to the press two weeks ago.",0
4,37.0,2,2,But Tillerson doubled down on his plans to revamp the nation's foreign service agency and pushed back on continued reports that it was being dismantled.,0
4,37.0,2,3,"In particular, after a monthslong multimillion-dollar process that included 35,000 State Department and USAID employees taking an online survey, 300 in-person interviews and employee-led teams narrowing those ideas down with the help of two outside c",0
4,37.0,2,4,"Some of the ideas got applause from those in attendance in Washington, such as an end to the hiring freeze for employees' spouses at posts around the world.",0
4,37.0,2,5,"But that freeze was implemented by Tillerson, and a broader one remains in place for department employees.",0
4,37.0,2,6,"It's been the cause of much frustration for missions and diplomats, although the State Department counters that Tillerson has signed 2,400 exemptions and denied only one to two dozen.",0
4,37.0,2,7,"Tillerson also got applause for announcing a streamlining of the security clearance process, which ""was frustrating for me,"" he said to laughs, and for changes to personnel policy that allow employees on medical or maternity leave to telecommute inst",0
4,37.0,2,8,"But after months of planning that was seen as secretive by Capitol Hill and cuts to staffing through attrition, resignations, retirements and buy-outs, critics called it a small pot to show for his efforts.",0
4,37.0,2,9,"""These are drops in a bucket compared to the magnitude of issues facing this department,"" Sen. Ben Cardin, D-Md., the ranking member of the Senate Foreign Relations Committee, said in a statement.",0
4,37.0,2,10,"""These problems have been needlessly inflicted by this administration ...",0
4,37.0,2,11,"It will take a lot of hard work to help State and USAID recover from the damage the freeze and rudderless 'redesign' have done.""",0
4,37.0,2,12,"Tillerson referred to some bigger changes coming down the line, including upgrading and integrating the IT and HR systems, streamlining the process for policy to be created and raised to his attention and eliminating duplicative systems and processe",0
4,37.0,2,13,"He said that there will be no embassy or consulate closures but that there will be a re-evaluation of how many people are needed at various posts - citing London, Paris and Rome as missions that will likely be cut back.",0
4,37.0,2,14,"These new projects are two or three years in the future, he said - implying that he was sticking around to see them through.",0
4,37.0,2,15,"In the face of the reports that he was being ousted, Tillerson was at his most passionate talking about organizational performance, saying finding ways to increase it has been ""one of the things I've gotten the greatest satisfaction from"" in his car",0
4,37.0,2,16,"""The actual task at hand of dealing with North Korea?",0
4,37.0,2,17,"I don't enjoy that,"" he told the room of employees and those watching at posts around the world.",0
4,37.0,2,18,"""But I enjoy working with Susan Thornton on it,"" referring to the acting assistant secretary of state for East Asian and Pacific affairs as an example of a colleague he's gotten to know.",0
4,37.0,2,19,"""Unleashing"" the talent of the department's personnel seemed to be his top priority.",0
4,37.0,3,t,Tillerson tries to quell anxieties at State Dept. amid questions about his future,0
4,37.0,3,0,"Ten months after taking office and seven months after beginning a ""redesign"" of the department that critics say has hollowed it out, Secretary of State Rex Tillerson is making a push to be more transparent and open and boost sagging morale - starting",1
4,37.0,3,1,"The push, described by a senior State Department official, comes as questions about his future continue to haunt Tillerson, after a White House plot to oust him was leaked to the press two weeks ago.",1
4,37.0,3,2,But Tillerson doubled down on his plans to revamp the nation's foreign service agency and pushed back on continued reports that it was being dismantled.,0
4,37.0,3,3,"In particular, after a monthslong multimillion-dollar process that included 35,000 State Department and USAID employees taking an online survey, 300 in-person interviews and employee-led teams narrowing those ideas down with the help of two outside c",0
4,37.0,3,4,"Some of the ideas got applause from those in attendance in Washington, such as an end to the hiring freeze for employees' spouses at posts around the world.",0
4,37.0,3,5,"But that freeze was implemented by Tillerson, and a broader one remains in place for department employees.",1
4,37.0,3,6,"It's been the cause of much frustration for missions and diplomats, although the State Department counters that Tillerson has signed 2,400 exemptions and denied only one to two dozen.",1
4,37.0,3,7,"Tillerson also got applause for announcing a streamlining of the security clearance process, which ""was frustrating for me,"" he said to laughs, and for changes to personnel policy that allow employees on medical or maternity leave to telecommute inst",1
4,37.0,3,8,"But after months of planning that was seen as secretive by Capitol Hill and cuts to staffing through attrition, resignations, retirements and buy-outs, critics called it a small pot to show for his efforts.",0
4,37.0,3,9,"""These are drops in a bucket compared to the magnitude of issues facing this department,"" Sen. Ben Cardin, D-Md., the ranking member of the Senate Foreign Relations Committee, said in a statement.",0
4,37.0,3,10,"""These problems have been needlessly inflicted by this administration ...",0
4,37.0,3,11,"It will take a lot of hard work to help State and USAID recover from the damage the freeze and rudderless 'redesign' have done.""",1
4,37.0,3,12,"Tillerson referred to some bigger changes coming down the line, including upgrading and integrating the IT and HR systems, streamlining the process for policy to be created and raised to his attention and eliminating duplicative systems and processe",1
4,37.0,3,13,"He said that there will be no embassy or consulate closures but that there will be a re-evaluation of how many people are needed at various posts - citing London, Paris and Rome as missions that will likely be cut back.",1
4,37.0,3,14,"These new projects are two or three years in the future, he said - implying that he was sticking around to see them through.",0
4,37.0,3,15,"In the face of the reports that he was being ousted, Tillerson was at his most passionate talking about organizational performance, saying finding ways to increase it has been ""one of the things I've gotten the greatest satisfaction from"" in his car",0
4,37.0,3,16,"""The actual task at hand of dealing with North Korea?",1
4,37.0,3,17,"I don't enjoy that,"" he told the room of employees and those watching at posts around the world.",1
4,37.0,3,18,"""But I enjoy working with Susan Thornton on it,"" referring to the acting assistant secretary of state for East Asian and Pacific affairs as an example of a colleague he's gotten to know.",1
4,37.0,3,19,"""Unleashing"" the talent of the department's personnel seemed to be his top priority.",1
4,37.0,3,t,Tillerson tries to quell anxieties at State Dept. amid questions about his future,1
4,37.0,3,0,"Ten months after taking office and seven months after beginning a ""redesign"" of the department that critics say has hollowed it out, Secretary of State Rex Tillerson is making a push to be more transparent and open and boost sagging morale - starting",0
4,37.0,3,1,"The push, described by a senior State Department official, comes as questions about his future continue to haunt Tillerson, after a White House plot to oust him was leaked to the press two weeks ago.",1
4,37.0,3,2,But Tillerson doubled down on his plans to revamp the nation's foreign service agency and pushed back on continued reports that it was being dismantled.,1
4,37.0,3,3,"In particular, after a monthslong multimillion-dollar process that included 35,000 State Department and USAID employees taking an online survey, 300 in-person interviews and employee-led teams narrowing those ideas down with the help of two outside c",1
4,37.0,3,4,"Some of the ideas got applause from those in attendance in Washington, such as an end to the hiring freeze for employees' spouses at posts around the world.",1
4,37.0,3,5,"But that freeze was implemented by Tillerson, and a broader one remains in place for department employees.",1
4,37.0,3,6,"It's been the cause of much frustration for missions and diplomats, although the State Department counters that Tillerson has signed 2,400 exemptions and denied only one to two dozen.",1
4,37.0,3,7,"Tillerson also got applause for announcing a streamlining of the security clearance process, which ""was frustrating for me,"" he said to laughs, and for changes to personnel policy that allow employees on medical or maternity leave to telecommute inst",1
4,37.0,3,8,"But after months of planning that was seen as secretive by Capitol Hill and cuts to staffing through attrition, resignations, retirements and buy-outs, critics called it a small pot to show for his efforts.",0
4,37.0,3,9,"""These are drops in a bucket compared to the magnitude of issues facing this department,"" Sen. Ben Cardin, D-Md., the ranking member of the Senate Foreign Relations Committee, said in a statement.",1
4,37.0,3,10,"""These problems have been needlessly inflicted by this administration ...",1
4,37.0,3,11,"It will take a lot of hard work to help State and USAID recover from the damage the freeze and rudderless 'redesign' have done.""",1
4,37.0,3,12,"Tillerson referred to some bigger changes coming down the line, including upgrading and integrating the IT and HR systems, streamlining the process for policy to be created and raised to his attention and eliminating duplicative systems and processe",1
4,37.0,3,13,"He said that there will be no embassy or consulate closures but that there will be a re-evaluation of how many people are needed at various posts - citing London, Paris and Rome as missions that will likely be cut back.",1
4,37.0,3,14,"These new projects are two or three years in the future, he said - implying that he was sticking around to see them through.",1
4,37.0,3,15,"In the face of the reports that he was being ousted, Tillerson was at his most passionate talking about organizational performance, saying finding ways to increase it has been ""one of the things I've gotten the greatest satisfaction from"" in his car",0
4,37.0,3,16,"""The actual task at hand of dealing with North Korea?",1
4,37.0,3,17,"I don't enjoy that,"" he told the room of employees and those watching at posts around the world.",1
4,37.0,3,18,"""But I enjoy working with Susan Thornton on it,"" referring to the acting assistant secretary of state for East Asian and Pacific affairs as an example of a colleague he's gotten to know.",1
4,37.0,3,19,"""Unleashing"" the talent of the department's personnel seemed to be his top priority.",1
4,37.0,2,t,Tillerson tries to quell anxieties at State Dept. amid questions about his future,0
4,37.0,2,0,"Ten months after taking office and seven months after beginning a ""redesign"" of the department that critics say has hollowed it out, Secretary of State Rex Tillerson is making a push to be more transparent and open and boost sagging morale - starting",0
4,37.0,2,1,"The push, described by a senior State Department official, comes as questions about his future continue to haunt Tillerson, after a White House plot to oust him was leaked to the press two weeks ago.",1
4,37.0,2,2,But Tillerson doubled down on his plans to revamp the nation's foreign service agency and pushed back on continued reports that it was being dismantled.,0
4,37.0,2,3,"In particular, after a monthslong multimillion-dollar process that included 35,000 State Department and USAID employees taking an online survey, 300 in-person interviews and employee-led teams narrowing those ideas down with the help of two outside c",0
4,37.0,2,4,"Some of the ideas got applause from those in attendance in Washington, such as an end to the hiring freeze for employees' spouses at posts around the world.",0
4,37.0,2,5,"But that freeze was implemented by Tillerson, and a broader one remains in place for department employees.",0
4,37.0,2,6,"It's been the cause of much frustration for missions and diplomats, although the State Department counters that Tillerson has signed 2,400 exemptions and denied only one to two dozen.",0
4,37.0,2,7,"Tillerson also got applause for announcing a streamlining of the security clearance process, which ""was frustrating for me,"" he said to laughs, and for changes to personnel policy that allow employees on medical or maternity leave to telecommute inst",0
4,37.0,2,8,"But after months of planning that was seen as secretive by Capitol Hill and cuts to staffing through attrition, resignations, retirements and buy-outs, critics called it a small pot to show for his efforts.",1
4,37.0,2,9,"""These are drops in a bucket compared to the magnitude of issues facing this department,"" Sen. Ben Cardin, D-Md., the ranking member of the Senate Foreign Relations Committee, said in a statement.",0
4,37.0,2,10,"""These problems have been needlessly inflicted by this administration ...",0
4,37.0,2,11,"It will take a lot of hard work to help State and USAID recover from the damage the freeze and rudderless 'redesign' have done.""",1
4,37.0,2,12,"Tillerson referred to some bigger changes coming down the line, including upgrading and integrating the IT and HR systems, streamlining the process for policy to be created and raised to his attention and eliminating duplicative systems and processe",0
4,37.0,2,13,"He said that there will be no embassy or consulate closures but that there will be a re-evaluation of how many people are needed at various posts - citing London, Paris and Rome as missions that will likely be cut back.",0
4,37.0,2,14,"These new projects are two or three years in the future, he said - implying that he was sticking around to see them through.",0
4,37.0,2,15,"In the face of the reports that he was being ousted, Tillerson was at his most passionate talking about organizational performance, saying finding ways to increase it has been ""one of the things I've gotten the greatest satisfaction from"" in his car",0
4,37.0,2,16,"""The actual task at hand of dealing with North Korea?",0
4,37.0,2,17,"I don't enjoy that,"" he told the room of employees and those watching at posts around the world.",0
4,37.0,2,18,"""But I enjoy working with Susan Thornton on it,"" referring to the acting assistant secretary of state for East Asian and Pacific affairs as an example of a colleague he's gotten to know.",0
4,37.0,2,19,"""Unleashing"" the talent of the department's personnel seemed to be his top priority.",0
4,38.0,1,t,Trumplomacy: Tillerson's 2018 hopes for North Korea,0
4,38.0,1,0,"The reticent Secretary of State spoke at great length on Tuesday, first in a town hall meeting with State Department staff, and then in a policy speech at the Atlantic Council.",0
4,38.0,1,1,"The headlines are that he's trying to find a way just to get in the same room, around the same table, as the North Koreans, that he's announced the first steps of his controversial department redesign - ""quick wins"" he called them - and that he plans",0
4,38.0,1,2,"Oh, and he's more comfortable with cowboy culture than Washington politicos.",0
4,38.0,1,3,"The North Korea line came up in a question-and-answer session after two scripted speeches on the same topic, and the White House was quick to say it wasn't a policy shift.",0
4,38.0,1,4,But it sounded like a softening.,0
4,38.0,1,5,"Tillerson said Washington was ready to talk without preconditions, whenever Pyongyang was ready, and that first chat could be about anything, even the weather.",0
4,38.0,1,6,"In the past he's been vague about preconditions, but suggested the North Koreans would have to at least demonstrate a willingness to consider giving up their nuclear arsenal.",0
4,38.0,1,7,"So his readiness for talks of any kind, at least initially, is interesting.",0
4,38.0,1,8,"And this coincides with a very senior UN visit to Pyongyang, by the Undersecretary General Jeffrey Feltman.",0
4,38.0,1,9,"He urged North Korean officials to consider ""talks about talks"", in what he described as the most important mission he has ever taken.",0
4,38.0,1,10,"President Trump has taken a much tougher line in his public statements - famously tweeting that Tillerson was wasting his time trying to negotiate with ""Little Rocket Man,"" his derogatory nickname for Kim Jong Un.",0
4,38.0,1,11,"But in practice he's gone along with Tillerson's diplomatic strategy, for now.",0
4,38.0,1,12,And the secretary of state remained clear about the goal: that the US ultimately could not accept a nuclear-armed North Korea.,0
4,38.0,1,13,"Kim Jong Un, meanwhile, has been saying that his country aims to be the ""strongest nuclear power"" in the world.",0
4,38.0,1,14,"So no imminent visits to North Korea for Tillerson, but he will be travelling to South America and Africa in the new year, which suggests he plans to stay on for a bit longer as the country's top diplomat, despite reports that Trump doesn't get alon",0
4,38.0,1,15,Tillerson gave a nod to his difficult year when asked by a State Department employee whether he was enjoying his job.,0
4,38.0,1,16,"""I'm learning to enjoy it,"" he said, to laughter from the floor.",0
4,38.0,1,17,"He explained that he didn't enjoy the actual task of dealing with countries like North Korea and Pakistan, but he did enjoy working with the department's diplomats and experts on these topics.",0
4,38.0,1,18,His town hall was an effort to connect with staff who've have been alienated by the perception that he's gutting the State Department amidst budget cuts and hiring freezes.,0
4,38.0,1,19,Tillerson gave them their first briefing on his project to redesign the department: he presented plans to revamp its outdated information technology; streamline its functions; and improve career management.,0
4,38.0,2,t,Trumplomacy: Tillerson's 2018 hopes for North Korea,0
4,38.0,2,0,"The reticent Secretary of State spoke at great length on Tuesday, first in a town hall meeting with State Department staff, and then in a policy speech at the Atlantic Council.",0
4,38.0,2,1,"The headlines are that he's trying to find a way just to get in the same room, around the same table, as the North Koreans, that he's announced the first steps of his controversial department redesign - ""quick wins"" he called them - and that he plans",0
4,38.0,2,2,"Oh, and he's more comfortable with cowboy culture than Washington politicos.",0
4,38.0,2,3,"The North Korea line came up in a question-and-answer session after two scripted speeches on the same topic, and the White House was quick to say it wasn't a policy shift.",0
4,38.0,2,4,But it sounded like a softening.,0
4,38.0,2,5,"Tillerson said Washington was ready to talk without preconditions, whenever Pyongyang was ready, and that first chat could be about anything, even the weather.",0
4,38.0,2,6,"In the past he's been vague about preconditions, but suggested the North Koreans would have to at least demonstrate a willingness to consider giving up their nuclear arsenal.",0
4,38.0,2,7,"So his readiness for talks of any kind, at least initially, is interesting.",0
4,38.0,2,8,"And this coincides with a very senior UN visit to Pyongyang, by the Undersecretary General Jeffrey Feltman.",0
4,38.0,2,9,"He urged North Korean officials to consider ""talks about talks"", in what he described as the most important mission he has ever taken.",0
4,38.0,2,10,"President Trump has taken a much tougher line in his public statements - famously tweeting that Tillerson was wasting his time trying to negotiate with ""Little Rocket Man,"" his derogatory nickname for Kim Jong Un.",0
4,38.0,2,11,"But in practice he's gone along with Tillerson's diplomatic strategy, for now.",0
4,38.0,2,12,And the secretary of state remained clear about the goal: that the US ultimately could not accept a nuclear-armed North Korea.,0
4,38.0,2,13,"Kim Jong Un, meanwhile, has been saying that his country aims to be the ""strongest nuclear power"" in the world.",0
4,38.0,2,14,"So no imminent visits to North Korea for Tillerson, but he will be travelling to South America and Africa in the new year, which suggests he plans to stay on for a bit longer as the country's top diplomat, despite reports that Trump doesn't get alon",0
4,38.0,2,15,Tillerson gave a nod to his difficult year when asked by a State Department employee whether he was enjoying his job.,0
4,38.0,2,16,"""I'm learning to enjoy it,"" he said, to laughter from the floor.",0
4,38.0,2,17,"He explained that he didn't enjoy the actual task of dealing with countries like North Korea and Pakistan, but he did enjoy working with the department's diplomats and experts on these topics.",0
4,38.0,2,18,His town hall was an effort to connect with staff who've have been alienated by the perception that he's gutting the State Department amidst budget cuts and hiring freezes.,0
4,38.0,2,19,Tillerson gave them their first briefing on his project to redesign the department: he presented plans to revamp its outdated information technology; streamline its functions; and improve career management.,0
4,38.0,3,t,Trumplomacy: Tillerson's 2018 hopes for North Korea,1
4,38.0,3,0,"The reticent Secretary of State spoke at great length on Tuesday, first in a town hall meeting with State Department staff, and then in a policy speech at the Atlantic Council.",0
4,38.0,3,1,"The headlines are that he's trying to find a way just to get in the same room, around the same table, as the North Koreans, that he's announced the first steps of his controversial department redesign - ""quick wins"" he called them - and that he plans",0
4,38.0,3,2,"Oh, and he's more comfortable with cowboy culture than Washington politicos.",0
4,38.0,3,3,"The North Korea line came up in a question-and-answer session after two scripted speeches on the same topic, and the White House was quick to say it wasn't a policy shift.",1
4,38.0,3,4,But it sounded like a softening.,0
4,38.0,3,5,"Tillerson said Washington was ready to talk without preconditions, whenever Pyongyang was ready, and that first chat could be about anything, even the weather.",0
4,38.0,3,6,"In the past he's been vague about preconditions, but suggested the North Koreans would have to at least demonstrate a willingness to consider giving up their nuclear arsenal.",0
4,38.0,3,7,"So his readiness for talks of any kind, at least initially, is interesting.",1
4,38.0,3,8,"And this coincides with a very senior UN visit to Pyongyang, by the Undersecretary General Jeffrey Feltman.",1
4,38.0,3,9,"He urged North Korean officials to consider ""talks about talks"", in what he described as the most important mission he has ever taken.",1
4,38.0,3,10,"President Trump has taken a much tougher line in his public statements - famously tweeting that Tillerson was wasting his time trying to negotiate with ""Little Rocket Man,"" his derogatory nickname for Kim Jong Un.",1
4,38.0,3,11,"But in practice he's gone along with Tillerson's diplomatic strategy, for now.",0
4,38.0,3,12,And the secretary of state remained clear about the goal: that the US ultimately could not accept a nuclear-armed North Korea.,0
4,38.0,3,13,"Kim Jong Un, meanwhile, has been saying that his country aims to be the ""strongest nuclear power"" in the world.",0
4,38.0,3,14,"So no imminent visits to North Korea for Tillerson, but he will be travelling to South America and Africa in the new year, which suggests he plans to stay on for a bit longer as the country's top diplomat, despite reports that Trump doesn't get alon",1
4,38.0,3,15,Tillerson gave a nod to his difficult year when asked by a State Department employee whether he was enjoying his job.,0
4,38.0,3,16,"""I'm learning to enjoy it,"" he said, to laughter from the floor.",0
4,38.0,3,17,"He explained that he didn't enjoy the actual task of dealing with countries like North Korea and Pakistan, but he did enjoy working with the department's diplomats and experts on these topics.",1
4,38.0,3,18,His town hall was an effort to connect with staff who've have been alienated by the perception that he's gutting the State Department amidst budget cuts and hiring freezes.,1
4,38.0,3,19,Tillerson gave them their first briefing on his project to redesign the department: he presented plans to revamp its outdated information technology; streamline its functions; and improve career management.,1
4,38.0,4,t,Trumplomacy: Tillerson's 2018 hopes for North Korea,1
4,38.0,4,0,"The reticent Secretary of State spoke at great length on Tuesday, first in a town hall meeting with State Department staff, and then in a policy speech at the Atlantic Council.",1
4,38.0,4,1,"The headlines are that he's trying to find a way just to get in the same room, around the same table, as the North Koreans, that he's announced the first steps of his controversial department redesign - ""quick wins"" he called them - and that he plans",1
4,38.0,4,2,"Oh, and he's more comfortable with cowboy culture than Washington politicos.",1
4,38.0,4,3,"The North Korea line came up in a question-and-answer session after two scripted speeches on the same topic, and the White House was quick to say it wasn't a policy shift.",1
4,38.0,4,4,But it sounded like a softening.,0
4,38.0,4,5,"Tillerson said Washington was ready to talk without preconditions, whenever Pyongyang was ready, and that first chat could be about anything, even the weather.",1
4,38.0,4,6,"In the past he's been vague about preconditions, but suggested the North Koreans would have to at least demonstrate a willingness to consider giving up their nuclear arsenal.",1
4,38.0,4,7,"So his readiness for talks of any kind, at least initially, is interesting.",1
4,38.0,4,8,"And this coincides with a very senior UN visit to Pyongyang, by the Undersecretary General Jeffrey Feltman.",1
4,38.0,4,9,"He urged North Korean officials to consider ""talks about talks"", in what he described as the most important mission he has ever taken.",0
4,38.0,4,10,"President Trump has taken a much tougher line in his public statements - famously tweeting that Tillerson was wasting his time trying to negotiate with ""Little Rocket Man,"" his derogatory nickname for Kim Jong Un.",1
4,38.0,4,11,"But in practice he's gone along with Tillerson's diplomatic strategy, for now.",1
4,38.0,4,12,And the secretary of state remained clear about the goal: that the US ultimately could not accept a nuclear-armed North Korea.,1
4,38.0,4,13,"Kim Jong Un, meanwhile, has been saying that his country aims to be the ""strongest nuclear power"" in the world.",0
4,38.0,4,14,"So no imminent visits to North Korea for Tillerson, but he will be travelling to South America and Africa in the new year, which suggests he plans to stay on for a bit longer as the country's top diplomat, despite reports that Trump doesn't get alon",1
4,38.0,4,15,Tillerson gave a nod to his difficult year when asked by a State Department employee whether he was enjoying his job.,1
4,38.0,4,16,"""I'm learning to enjoy it,"" he said, to laughter from the floor.",1
4,38.0,4,17,"He explained that he didn't enjoy the actual task of dealing with countries like North Korea and Pakistan, but he did enjoy working with the department's diplomats and experts on these topics.",1
4,38.0,4,18,His town hall was an effort to connect with staff who've have been alienated by the perception that he's gutting the State Department amidst budget cuts and hiring freezes.,1
4,38.0,4,19,Tillerson gave them their first briefing on his project to redesign the department: he presented plans to revamp its outdated information technology; streamline its functions; and improve career management.,1
4,38.0,2,t,Trumplomacy: Tillerson's 2018 hopes for North Korea,0
4,38.0,2,0,"The reticent Secretary of State spoke at great length on Tuesday, first in a town hall meeting with State Department staff, and then in a policy speech at the Atlantic Council.",0
4,38.0,2,1,"The headlines are that he's trying to find a way just to get in the same room, around the same table, as the North Koreans, that he's announced the first steps of his controversial department redesign - ""quick wins"" he called them - and that he plans",0
4,38.0,2,2,"Oh, and he's more comfortable with cowboy culture than Washington politicos.",0
4,38.0,2,3,"The North Korea line came up in a question-and-answer session after two scripted speeches on the same topic, and the White House was quick to say it wasn't a policy shift.",0
4,38.0,2,4,But it sounded like a softening.,0
4,38.0,2,5,"Tillerson said Washington was ready to talk without preconditions, whenever Pyongyang was ready, and that first chat could be about anything, even the weather.",0
4,38.0,2,6,"In the past he's been vague about preconditions, but suggested the North Koreans would have to at least demonstrate a willingness to consider giving up their nuclear arsenal.",0
4,38.0,2,7,"So his readiness for talks of any kind, at least initially, is interesting.",0
4,38.0,2,8,"And this coincides with a very senior UN visit to Pyongyang, by the Undersecretary General Jeffrey Feltman.",0
4,38.0,2,9,"He urged North Korean officials to consider ""talks about talks"", in what he described as the most important mission he has ever taken.",0
4,38.0,2,10,"President Trump has taken a much tougher line in his public statements - famously tweeting that Tillerson was wasting his time trying to negotiate with ""Little Rocket Man,"" his derogatory nickname for Kim Jong Un.",1
4,38.0,2,11,"But in practice he's gone along with Tillerson's diplomatic strategy, for now.",0
4,38.0,2,12,And the secretary of state remained clear about the goal: that the US ultimately could not accept a nuclear-armed North Korea.,0
4,38.0,2,13,"Kim Jong Un, meanwhile, has been saying that his country aims to be the ""strongest nuclear power"" in the world.",0
4,38.0,2,14,"So no imminent visits to North Korea for Tillerson, but he will be travelling to South America and Africa in the new year, which suggests he plans to stay on for a bit longer as the country's top diplomat, despite reports that Trump doesn't get alon",0
4,38.0,2,15,Tillerson gave a nod to his difficult year when asked by a State Department employee whether he was enjoying his job.,0
4,38.0,2,16,"""I'm learning to enjoy it,"" he said, to laughter from the floor.",0
4,38.0,2,17,"He explained that he didn't enjoy the actual task of dealing with countries like North Korea and Pakistan, but he did enjoy working with the department's diplomats and experts on these topics.",0
4,38.0,2,18,His town hall was an effort to connect with staff who've have been alienated by the perception that he's gutting the State Department amidst budget cuts and hiring freezes.,0
4,38.0,2,19,Tillerson gave them their first briefing on his project to redesign the department: he presented plans to revamp its outdated information technology; streamline its functions; and improve career management.,0
4,39.0,1,t,"US ready for unconditional talks with North Korea, Tillerson says",0
4,39.0,1,0,"SEOUL, South Korea - Secretary of State Rex Tillerson appeared to remove a major roadblock to talks with North Korea, saying the United States was willing to meet with the nuclear-armed country ""without preconditions.""",0
4,39.0,1,1,"Tillerson said President Donald Trump supports the position, which would reverse current and past administration policy that the U.S. won't sit down with the North unless denuclearization is on the table.",0
4,39.0,1,2,The White House said later that the president's views on North Korea have not changed.,0
4,39.0,1,3,"Trump, who has previously undercut Tillerson, was silent on the issue on the format he usually turns to for foreign policy announcements - Twitter.",0
4,39.0,1,4,"He did, however, refer to North Korea as a ""vile dictatorship"" Tuesday as he signed a $700 billion defense authorization bill.",0
4,39.0,1,5,"Tillerson's remarks came two weeks after North Korea test-fired its most powerful missile, which experts said showed the potential to reach the U.S. East Coast.",0
4,39.0,1,6,"""We are ready to talk anytime North Korea would like to talk.",0
4,39.0,1,7,"And we are ready to have the first meeting without preconditions,"" Tillerson said Tuesday in a speech at the Atlantic Council think tank in Washington.",0
4,39.0,1,8,He said the North would need to hold off on its weapons testing.,0
4,39.0,1,9,"The reclusive state has test-fired more than 20 missiles so far this year, including the ICBM launched on Nov. 29.",0
4,39.0,1,10,It also conducted its sixth and most powerful nuclear test.,0
4,39.0,1,11,"""Let's just meet and we can talk about the weather if you want to.",0
4,39.0,1,12,"We can talk about whether it's a square table or a round table if that's what you're excited about,"" Tillerson said.",0
4,39.0,1,13,"""But can we at least sit down and see each other face to face and then we can begin to lay out a map, a road map, of what we might be willing to work towards.""",0
4,39.0,1,14,"Meanwhile, Jeffrey Feltman, the U.N. political chief who recently visited Pyongyang, said senior North Korean officials told him ""it was important to prevent war.""",0
4,39.0,1,15,"Feltman, a former American diplomat, said he stressed ""the urgent need to prevent miscalculation and reduce the risk of conflict,"" during more than 15 hours of discussions with North Korea's foreign minister and other top officials.",0
4,39.0,1,16,"He called on them to open communication channels, including suspended military hotlines and ""to start some kind of engagement, to start talking about talks.""",0
4,39.0,1,17,"""They did not offer any type of commitment to us at that point.",0
4,39.0,1,18,"They have to reflect on what we said with their own leadership,"" he told reporters after privately briefing the U.N. Security Council.",0
4,39.0,1,19,"""I think we've left the door ajar, and I fervently hope that the door to a negotiated solution will now be opened wide.""",0
4,39.0,2,t,"US ready for unconditional talks with North Korea, Tillerson says",0
4,39.0,2,0,"SEOUL, South Korea - Secretary of State Rex Tillerson appeared to remove a major roadblock to talks with North Korea, saying the United States was willing to meet with the nuclear-armed country ""without preconditions.""",0
4,39.0,2,1,"Tillerson said President Donald Trump supports the position, which would reverse current and past administration policy that the U.S. won't sit down with the North unless denuclearization is on the table.",0
4,39.0,2,2,The White House said later that the president's views on North Korea have not changed.,0
4,39.0,2,3,"Trump, who has previously undercut Tillerson, was silent on the issue on the format he usually turns to for foreign policy announcements - Twitter.",0
4,39.0,2,4,"He did, however, refer to North Korea as a ""vile dictatorship"" Tuesday as he signed a $700 billion defense authorization bill.",1
4,39.0,2,5,"Tillerson's remarks came two weeks after North Korea test-fired its most powerful missile, which experts said showed the potential to reach the U.S. East Coast.",0
4,39.0,2,6,"""We are ready to talk anytime North Korea would like to talk.",0
4,39.0,2,7,"And we are ready to have the first meeting without preconditions,"" Tillerson said Tuesday in a speech at the Atlantic Council think tank in Washington.",0
4,39.0,2,8,He said the North would need to hold off on its weapons testing.,0
4,39.0,2,9,"The reclusive state has test-fired more than 20 missiles so far this year, including the ICBM launched on Nov. 29.",0
4,39.0,2,10,It also conducted its sixth and most powerful nuclear test.,0
4,39.0,2,11,"""Let's just meet and we can talk about the weather if you want to.",0
4,39.0,2,12,"We can talk about whether it's a square table or a round table if that's what you're excited about,"" Tillerson said.",0
4,39.0,2,13,"""But can we at least sit down and see each other face to face and then we can begin to lay out a map, a road map, of what we might be willing to work towards.""",0
4,39.0,2,14,"Meanwhile, Jeffrey Feltman, the U.N. political chief who recently visited Pyongyang, said senior North Korean officials told him ""it was important to prevent war.""",0
4,39.0,2,15,"Feltman, a former American diplomat, said he stressed ""the urgent need to prevent miscalculation and reduce the risk of conflict,"" during more than 15 hours of discussions with North Korea's foreign minister and other top officials.",0
4,39.0,2,16,"He called on them to open communication channels, including suspended military hotlines and ""to start some kind of engagement, to start talking about talks.""",0
4,39.0,2,17,"""They did not offer any type of commitment to us at that point.",0
4,39.0,2,18,"They have to reflect on what we said with their own leadership,"" he told reporters after privately briefing the U.N. Security Council.",0
4,39.0,2,19,"""I think we've left the door ajar, and I fervently hope that the door to a negotiated solution will now be opened wide.""",0
4,39.0,3,t,"US ready for unconditional talks with North Korea, Tillerson says",0
4,39.0,3,0,"SEOUL, South Korea - Secretary of State Rex Tillerson appeared to remove a major roadblock to talks with North Korea, saying the United States was willing to meet with the nuclear-armed country ""without preconditions.""",0
4,39.0,3,1,"Tillerson said President Donald Trump supports the position, which would reverse current and past administration policy that the U.S. won't sit down with the North unless denuclearization is on the table.",1
4,39.0,3,2,The White House said later that the president's views on North Korea have not changed.,0
4,39.0,3,3,"Trump, who has previously undercut Tillerson, was silent on the issue on the format he usually turns to for foreign policy announcements - Twitter.",0
4,39.0,3,4,"He did, however, refer to North Korea as a ""vile dictatorship"" Tuesday as he signed a $700 billion defense authorization bill.",0
4,39.0,3,5,"Tillerson's remarks came two weeks after North Korea test-fired its most powerful missile, which experts said showed the potential to reach the U.S. East Coast.",1
4,39.0,3,6,"""We are ready to talk anytime North Korea would like to talk.",0
4,39.0,3,7,"And we are ready to have the first meeting without preconditions,"" Tillerson said Tuesday in a speech at the Atlantic Council think tank in Washington.",0
4,39.0,3,8,He said the North would need to hold off on its weapons testing.,1
4,39.0,3,9,"The reclusive state has test-fired more than 20 missiles so far this year, including the ICBM launched on Nov. 29.",0
4,39.0,3,10,It also conducted its sixth and most powerful nuclear test.,1
4,39.0,3,11,"""Let's just meet and we can talk about the weather if you want to.",0
4,39.0,3,12,"We can talk about whether it's a square table or a round table if that's what you're excited about,"" Tillerson said.",0
4,39.0,3,13,"""But can we at least sit down and see each other face to face and then we can begin to lay out a map, a road map, of what we might be willing to work towards.""",0
4,39.0,3,14,"Meanwhile, Jeffrey Feltman, the U.N. political chief who recently visited Pyongyang, said senior North Korean officials told him ""it was important to prevent war.""",1
4,39.0,3,15,"Feltman, a former American diplomat, said he stressed ""the urgent need to prevent miscalculation and reduce the risk of conflict,"" during more than 15 hours of discussions with North Korea's foreign minister and other top officials.",1
4,39.0,3,16,"He called on them to open communication channels, including suspended military hotlines and ""to start some kind of engagement, to start talking about talks.""",1
4,39.0,3,17,"""They did not offer any type of commitment to us at that point.",1
4,39.0,3,18,"They have to reflect on what we said with their own leadership,"" he told reporters after privately briefing the U.N. Security Council.",0
4,39.0,3,19,"""I think we've left the door ajar, and I fervently hope that the door to a negotiated solution will now be opened wide.""",0
4,39.0,4,t,"US ready for unconditional talks with North Korea, Tillerson says",1
4,39.0,4,0,"SEOUL, South Korea - Secretary of State Rex Tillerson appeared to remove a major roadblock to talks with North Korea, saying the United States was willing to meet with the nuclear-armed country ""without preconditions.""",1
4,39.0,4,1,"Tillerson said President Donald Trump supports the position, which would reverse current and past administration policy that the U.S. won't sit down with the North unless denuclearization is on the table.",1
4,39.0,4,2,The White House said later that the president's views on North Korea have not changed.,1
4,39.0,4,3,"Trump, who has previously undercut Tillerson, was silent on the issue on the format he usually turns to for foreign policy announcements - Twitter.",1
4,39.0,4,4,"He did, however, refer to North Korea as a ""vile dictatorship"" Tuesday as he signed a $700 billion defense authorization bill.",1
4,39.0,4,5,"Tillerson's remarks came two weeks after North Korea test-fired its most powerful missile, which experts said showed the potential to reach the U.S. East Coast.",0
4,39.0,4,6,"""We are ready to talk anytime North Korea would like to talk.",1
4,39.0,4,7,"And we are ready to have the first meeting without preconditions,"" Tillerson said Tuesday in a speech at the Atlantic Council think tank in Washington.",1
4,39.0,4,8,He said the North would need to hold off on its weapons testing.,0
4,39.0,4,9,"The reclusive state has test-fired more than 20 missiles so far this year, including the ICBM launched on Nov. 29.",1
4,39.0,4,10,It also conducted its sixth and most powerful nuclear test.,1
4,39.0,4,11,"""Let's just meet and we can talk about the weather if you want to.",1
4,39.0,4,12,"We can talk about whether it's a square table or a round table if that's what you're excited about,"" Tillerson said.",1
4,39.0,4,13,"""But can we at least sit down and see each other face to face and then we can begin to lay out a map, a road map, of what we might be willing to work towards.""",1
4,39.0,4,14,"Meanwhile, Jeffrey Feltman, the U.N. political chief who recently visited Pyongyang, said senior North Korean officials told him ""it was important to prevent war.""",0
4,39.0,4,15,"Feltman, a former American diplomat, said he stressed ""the urgent need to prevent miscalculation and reduce the risk of conflict,"" during more than 15 hours of discussions with North Korea's foreign minister and other top officials.",1
4,39.0,4,16,"He called on them to open communication channels, including suspended military hotlines and ""to start some kind of engagement, to start talking about talks.""",1
4,39.0,4,17,"""They did not offer any type of commitment to us at that point.",1
4,39.0,4,18,"They have to reflect on what we said with their own leadership,"" he told reporters after privately briefing the U.N. Security Council.",1
4,39.0,4,19,"""I think we've left the door ajar, and I fervently hope that the door to a negotiated solution will now be opened wide.""",1
4,39.0,2,t,"US ready for unconditional talks with North Korea, Tillerson says",0
4,39.0,2,0,"SEOUL, South Korea - Secretary of State Rex Tillerson appeared to remove a major roadblock to talks with North Korea, saying the United States was willing to meet with the nuclear-armed country ""without preconditions.""",0
4,39.0,2,1,"Tillerson said President Donald Trump supports the position, which would reverse current and past administration policy that the U.S. won't sit down with the North unless denuclearization is on the table.",1
4,39.0,2,2,The White House said later that the president's views on North Korea have not changed.,0
4,39.0,2,3,"Trump, who has previously undercut Tillerson, was silent on the issue on the format he usually turns to for foreign policy announcements - Twitter.",0
4,39.0,2,4,"He did, however, refer to North Korea as a ""vile dictatorship"" Tuesday as he signed a $700 billion defense authorization bill.",1
4,39.0,2,5,"Tillerson's remarks came two weeks after North Korea test-fired its most powerful missile, which experts said showed the potential to reach the U.S. East Coast.",1
4,39.0,2,6,"""We are ready to talk anytime North Korea would like to talk.",0
4,39.0,2,7,"And we are ready to have the first meeting without preconditions,"" Tillerson said Tuesday in a speech at the Atlantic Council think tank in Washington.",0
4,39.0,2,8,He said the North would need to hold off on its weapons testing.,0
4,39.0,2,9,"The reclusive state has test-fired more than 20 missiles so far this year, including the ICBM launched on Nov. 29.",0
4,39.0,2,10,It also conducted its sixth and most powerful nuclear test.,0
4,39.0,2,11,"""Let's just meet and we can talk about the weather if you want to.",0
4,39.0,2,12,"We can talk about whether it's a square table or a round table if that's what you're excited about,"" Tillerson said.",0
4,39.0,2,13,"""But can we at least sit down and see each other face to face and then we can begin to lay out a map, a road map, of what we might be willing to work towards.""",0
4,39.0,2,14,"Meanwhile, Jeffrey Feltman, the U.N. political chief who recently visited Pyongyang, said senior North Korean officials told him ""it was important to prevent war.""",0
4,39.0,2,15,"Feltman, a former American diplomat, said he stressed ""the urgent need to prevent miscalculation and reduce the risk of conflict,"" during more than 15 hours of discussions with North Korea's foreign minister and other top officials.",0
4,39.0,2,16,"He called on them to open communication channels, including suspended military hotlines and ""to start some kind of engagement, to start talking about talks.""",0
4,39.0,2,17,"""They did not offer any type of commitment to us at that point.",0
4,39.0,2,18,"They have to reflect on what we said with their own leadership,"" he told reporters after privately briefing the U.N. Security Council.",0
4,39.0,2,19,"""I think we've left the door ajar, and I fervently hope that the door to a negotiated solution will now be opened wide.""",0
4,40.0,1,t,Tillerson changes tune on North Korea,0
4,40.0,1,0,"US Secretary of State Rex Tillerson may have opened the way to negotiations with North Korea over its nuclear programme, saying Washington was ready to talk ""without preconditions"".",1
4,40.0,1,1,"The apparent olive branch -- after a year of mutual threats by US President Donald Trump and North Korean leader Kim Jong-Un, and multiple missile tests by Pyongyang, coupled with its most powerful nuclear blast to date -- could help defuse sky-high ",0
4,40.0,1,2,But with the two sides engaged in a war of words there is a long way to go before any negotiations -- let alone a deal.,0
4,40.0,1,3,Here are some questions and answers on the issue.,0
4,40.0,1,4,The US has for years refused to talk unless the North first takes steps towards dismantling its nuclear programme.,0
4,40.0,1,5,"But the North has staged six atomic tests and declared itself a full nuclear state after the ICBM test on November 28, rendering the prospect of nuclear disarmament increasingly unrealistic, according to experts.",0
4,40.0,1,6,"""We are ready to talk anytime North Korea would like to talk.",0
4,40.0,1,7,We are ready to have the first meeting without preconditions.,0
4,40.0,1,8,"Let's just meet,"" Tillerson said at a forum in Washington.",0
4,40.0,1,9,"William Perry, a former US Defense Secretary who helped broker the 1994 Agreed Framework nuclear deal with the North, said it was ""very encouraging news"".",0
4,40.0,1,10,"""We must find a way to come to the table in order to de-escalate the volatile situation with North Korea,"" he tweeted.",0
4,40.0,1,11,What does Donald Trump think?,0
4,40.0,1,12,"Trump administration officials have piled pressure on Pyongyang with US-led UN sanctions and talk of a potential pre-emptive attack, with National Security Adviser HR McMaster saying this month the potential for war was ""increasing every day"".",0
4,40.0,1,13,"The president has previously dismissed Tillerson's push for talks with the North, tweeting in October that his top diplomat was ""wasting his time trying to negotiate with Little Rocket Man"" - his favoured epithet for Kim.",0
4,40.0,1,14,"""Save your energy, Rex, we'll do what has to be done!""",0
4,40.0,1,15,he added -- and rumours have swirled in recent weeks that Trump was about to sack him.,0
4,40.0,1,16,Whether Tillerson's words herald a major policy shift by the administration remains to be seen.,0
4,40.0,1,17,"White House spokesman Sarah Huckabee Sanders said Trump's views on the North ""have not changed"".",0
4,40.0,1,18,"The North has long expressed a willingness to talk without preconditions and is likely to respond positively to any such offer, analysts say.",0
4,40.0,1,19,"""They have believed that the US would have no choice but to sit down with the North for talks in the end... and they might have been right,"" said Chung Sung-Yoon, of the Korea Institute for National Unification in Seoul.",0
4,40.0,2,t,Tillerson changes tune on North Korea,1
4,40.0,2,0,"US Secretary of State Rex Tillerson may have opened the way to negotiations with North Korea over its nuclear programme, saying Washington was ready to talk ""without preconditions"".",0
4,40.0,2,1,"The apparent olive branch -- after a year of mutual threats by US President Donald Trump and North Korean leader Kim Jong-Un, and multiple missile tests by Pyongyang, coupled with its most powerful nuclear blast to date -- could help defuse sky-high ",1
4,40.0,2,2,But with the two sides engaged in a war of words there is a long way to go before any negotiations -- let alone a deal.,1
4,40.0,2,3,Here are some questions and answers on the issue.,0
4,40.0,2,4,The US has for years refused to talk unless the North first takes steps towards dismantling its nuclear programme.,0
4,40.0,2,5,"But the North has staged six atomic tests and declared itself a full nuclear state after the ICBM test on November 28, rendering the prospect of nuclear disarmament increasingly unrealistic, according to experts.",0
4,40.0,2,6,"""We are ready to talk anytime North Korea would like to talk.",0
4,40.0,2,7,We are ready to have the first meeting without preconditions.,0
4,40.0,2,8,"Let's just meet,"" Tillerson said at a forum in Washington.",0
4,40.0,2,9,"William Perry, a former US Defense Secretary who helped broker the 1994 Agreed Framework nuclear deal with the North, said it was ""very encouraging news"".",0
4,40.0,2,10,"""We must find a way to come to the table in order to de-escalate the volatile situation with North Korea,"" he tweeted.",0
4,40.0,2,11,What does Donald Trump think?,0
4,40.0,2,12,"Trump administration officials have piled pressure on Pyongyang with US-led UN sanctions and talk of a potential pre-emptive attack, with National Security Adviser HR McMaster saying this month the potential for war was ""increasing every day"".",0
4,40.0,2,13,"The president has previously dismissed Tillerson's push for talks with the North, tweeting in October that his top diplomat was ""wasting his time trying to negotiate with Little Rocket Man"" - his favoured epithet for Kim.",0
4,40.0,2,14,"""Save your energy, Rex, we'll do what has to be done!""",0
4,40.0,2,15,he added -- and rumours have swirled in recent weeks that Trump was about to sack him.,0
4,40.0,2,16,Whether Tillerson's words herald a major policy shift by the administration remains to be seen.,0
4,40.0,2,17,"White House spokesman Sarah Huckabee Sanders said Trump's views on the North ""have not changed"".",0
4,40.0,2,18,"The North has long expressed a willingness to talk without preconditions and is likely to respond positively to any such offer, analysts say.",0
4,40.0,2,19,"""They have believed that the US would have no choice but to sit down with the North for talks in the end... and they might have been right,"" said Chung Sung-Yoon, of the Korea Institute for National Unification in Seoul.",0
4,40.0,3,t,Tillerson changes tune on North Korea,1
4,40.0,3,0,"US Secretary of State Rex Tillerson may have opened the way to negotiations with North Korea over its nuclear programme, saying Washington was ready to talk ""without preconditions"".",1
4,40.0,3,1,"The apparent olive branch -- after a year of mutual threats by US President Donald Trump and North Korean leader Kim Jong-Un, and multiple missile tests by Pyongyang, coupled with its most powerful nuclear blast to date -- could help defuse sky-high ",1
4,40.0,3,2,But with the two sides engaged in a war of words there is a long way to go before any negotiations -- let alone a deal.,0
4,40.0,3,3,Here are some questions and answers on the issue.,1
4,40.0,3,4,The US has for years refused to talk unless the North first takes steps towards dismantling its nuclear programme.,1
4,40.0,3,5,"But the North has staged six atomic tests and declared itself a full nuclear state after the ICBM test on November 28, rendering the prospect of nuclear disarmament increasingly unrealistic, according to experts.",1
4,40.0,3,6,"""We are ready to talk anytime North Korea would like to talk.",0
4,40.0,3,7,We are ready to have the first meeting without preconditions.,0
4,40.0,3,8,"Let's just meet,"" Tillerson said at a forum in Washington.",1
4,40.0,3,9,"William Perry, a former US Defense Secretary who helped broker the 1994 Agreed Framework nuclear deal with the North, said it was ""very encouraging news"".",1
4,40.0,3,10,"""We must find a way to come to the table in order to de-escalate the volatile situation with North Korea,"" he tweeted.",1
4,40.0,3,11,What does Donald Trump think?,1
4,40.0,3,12,"Trump administration officials have piled pressure on Pyongyang with US-led UN sanctions and talk of a potential pre-emptive attack, with National Security Adviser HR McMaster saying this month the potential for war was ""increasing every day"".",0
4,40.0,3,13,"The president has previously dismissed Tillerson's push for talks with the North, tweeting in October that his top diplomat was ""wasting his time trying to negotiate with Little Rocket Man"" - his favoured epithet for Kim.",1
4,40.0,3,14,"""Save your energy, Rex, we'll do what has to be done!""",0
4,40.0,3,15,he added -- and rumours have swirled in recent weeks that Trump was about to sack him.,1
4,40.0,3,16,Whether Tillerson's words herald a major policy shift by the administration remains to be seen.,1
4,40.0,3,17,"White House spokesman Sarah Huckabee Sanders said Trump's views on the North ""have not changed"".",1
4,40.0,3,18,"The North has long expressed a willingness to talk without preconditions and is likely to respond positively to any such offer, analysts say.",0
4,40.0,3,19,"""They have believed that the US would have no choice but to sit down with the North for talks in the end... and they might have been right,"" said Chung Sung-Yoon, of the Korea Institute for National Unification in Seoul.",0
4,40.0,3,t,Tillerson changes tune on North Korea,1
4,40.0,3,0,"US Secretary of State Rex Tillerson may have opened the way to negotiations with North Korea over its nuclear programme, saying Washington was ready to talk ""without preconditions"".",1
4,40.0,3,1,"The apparent olive branch -- after a year of mutual threats by US President Donald Trump and North Korean leader Kim Jong-Un, and multiple missile tests by Pyongyang, coupled with its most powerful nuclear blast to date -- could help defuse sky-high ",1
4,40.0,3,2,But with the two sides engaged in a war of words there is a long way to go before any negotiations -- let alone a deal.,1
4,40.0,3,3,Here are some questions and answers on the issue.,1
4,40.0,3,4,The US has for years refused to talk unless the North first takes steps towards dismantling its nuclear programme.,0
4,40.0,3,5,"But the North has staged six atomic tests and declared itself a full nuclear state after the ICBM test on November 28, rendering the prospect of nuclear disarmament increasingly unrealistic, according to experts.",1
4,40.0,3,6,"""We are ready to talk anytime North Korea would like to talk.",1
4,40.0,3,7,We are ready to have the first meeting without preconditions.,1
4,40.0,3,8,"Let's just meet,"" Tillerson said at a forum in Washington.",1
4,40.0,3,9,"William Perry, a former US Defense Secretary who helped broker the 1994 Agreed Framework nuclear deal with the North, said it was ""very encouraging news"".",1
4,40.0,3,10,"""We must find a way to come to the table in order to de-escalate the volatile situation with North Korea,"" he tweeted.",1
4,40.0,3,11,What does Donald Trump think?,1
4,40.0,3,12,"Trump administration officials have piled pressure on Pyongyang with US-led UN sanctions and talk of a potential pre-emptive attack, with National Security Adviser HR McMaster saying this month the potential for war was ""increasing every day"".",1
4,40.0,3,13,"The president has previously dismissed Tillerson's push for talks with the North, tweeting in October that his top diplomat was ""wasting his time trying to negotiate with Little Rocket Man"" - his favoured epithet for Kim.",1
4,40.0,3,14,"""Save your energy, Rex, we'll do what has to be done!""",1
4,40.0,3,15,he added -- and rumours have swirled in recent weeks that Trump was about to sack him.,0
4,40.0,3,16,Whether Tillerson's words herald a major policy shift by the administration remains to be seen.,1
4,40.0,3,17,"White House spokesman Sarah Huckabee Sanders said Trump's views on the North ""have not changed"".",1
4,40.0,3,18,"The North has long expressed a willingness to talk without preconditions and is likely to respond positively to any such offer, analysts say.",1
4,40.0,3,19,"""They have believed that the US would have no choice but to sit down with the North for talks in the end... and they might have been right,"" said Chung Sung-Yoon, of the Korea Institute for National Unification in Seoul.",1
4,40.0,2,t,Tillerson changes tune on North Korea,0
4,40.0,2,0,"US Secretary of State Rex Tillerson may have opened the way to negotiations with North Korea over its nuclear programme, saying Washington was ready to talk ""without preconditions"".",0
4,40.0,2,1,"The apparent olive branch -- after a year of mutual threats by US President Donald Trump and North Korean leader Kim Jong-Un, and multiple missile tests by Pyongyang, coupled with its most powerful nuclear blast to date -- could help defuse sky-high ",0
4,40.0,2,2,But with the two sides engaged in a war of words there is a long way to go before any negotiations -- let alone a deal.,0
4,40.0,2,3,Here are some questions and answers on the issue.,0
4,40.0,2,4,The US has for years refused to talk unless the North first takes steps towards dismantling its nuclear programme.,0
4,40.0,2,5,"But the North has staged six atomic tests and declared itself a full nuclear state after the ICBM test on November 28, rendering the prospect of nuclear disarmament increasingly unrealistic, according to experts.",0
4,40.0,2,6,"""We are ready to talk anytime North Korea would like to talk.",0
4,40.0,2,7,We are ready to have the first meeting without preconditions.,0
4,40.0,2,8,"Let's just meet,"" Tillerson said at a forum in Washington.",0
4,40.0,2,9,"William Perry, a former US Defense Secretary who helped broker the 1994 Agreed Framework nuclear deal with the North, said it was ""very encouraging news"".",0
4,40.0,2,10,"""We must find a way to come to the table in order to de-escalate the volatile situation with North Korea,"" he tweeted.",0
4,40.0,2,11,What does Donald Trump think?,0
4,40.0,2,12,"Trump administration officials have piled pressure on Pyongyang with US-led UN sanctions and talk of a potential pre-emptive attack, with National Security Adviser HR McMaster saying this month the potential for war was ""increasing every day"".",0
4,40.0,2,13,"The president has previously dismissed Tillerson's push for talks with the North, tweeting in October that his top diplomat was ""wasting his time trying to negotiate with Little Rocket Man"" - his favoured epithet for Kim.",1
4,40.0,2,14,"""Save your energy, Rex, we'll do what has to be done!""",0
4,40.0,2,15,he added -- and rumours have swirled in recent weeks that Trump was about to sack him.,0
4,40.0,2,16,Whether Tillerson's words herald a major policy shift by the administration remains to be seen.,0
4,40.0,2,17,"White House spokesman Sarah Huckabee Sanders said Trump's views on the North ""have not changed"".",0
4,40.0,2,18,"The North has long expressed a willingness to talk without preconditions and is likely to respond positively to any such offer, analysts say.",0
4,40.0,2,19,"""They have believed that the US would have no choice but to sit down with the North for talks in the end... and they might have been right,"" said Chung Sung-Yoon, of the Korea Institute for National Unification in Seoul.",0
4,41.0,3,t,US ready for talks with N Korea without preconditions,0
4,41.0,3,0,"The US is ready to talk to North Korea over its nuclear disarmament without preconditions, Secretary of State Rex Tillerson has said, in what appeared to be a softening of America's stance toward Pyongyang.",1
4,41.0,3,1,The offer to North Korea comes amid crippling sanctions on the country and just two weeks after after another intercontinental ballistic missile test by the reclusive nation.,0
4,41.0,3,2,It also marks a shift from Tillerson's own previous comments that the US would not negotiate its way to the negotiating table with North Korea and that it would only talk once the regime was ready to address its denuclearisation.,0
4,41.0,3,3,"""We've said from the diplomatic side we're ready to talk anytime North Korea would like to talk, and were ready to have the first meeting without precondition.",0
4,41.0,3,4,"Let's just meet,"" Tillerson said.",1
4,41.0,3,5,He was speaking on 'Meeting the Foreign Policy Challenges of 2017 and Beyond' organised by the 2017 Atlantic Council- Korea Foundation Forum.,1
4,41.0,3,6,"""And then we can begin to lay out a map, a roadmap of what we might be willing to work towards,"" he said.",0
4,41.0,3,7,The offer stands in contrast to President Donald Trump's warnings that talks have failed and that Tillerson was wasting his time.,1
4,41.0,3,8,Tillerson said it was not workable to demand that North Korea give up its weapons before talks begin.,0
4,41.0,3,9,"""Its not realistic to say were only going to talk if you come to the table ready to give up your program.",0
4,41.0,3,10,They have too much invested in it.,1
4,41.0,3,11,"And the President is very realistic about that as well,"" he said.",1
4,41.0,3,12,in response to a question after delivering his remarks.,0
4,41.0,3,13,"However, the White House was quick to assert that there had been no change in the views of the president on North Korea.",1
4,41.0,3,14,"""The President's views on North Korea have not changed.",1
4,41.0,3,15,"North Korea is acting in an unsafe way not only toward Japan, China, and South Korea, but the entire world.",1
4,41.0,3,16,"North Korea's actions are not good for anyone and certainly not good for North Korea,"" White House Press Secretary Sarah Sanders said in a statement to the press.",1
4,41.0,3,17,The secretary of state made clear that full North Korean nuclear disarmament would be the ultimate goal of substantive negotiations.,1
4,41.0,3,18,"He argued that containment was not an option, as an impoverished North Korea would seek to earn money by selling its nuclear weapons on the black market.",1
4,41.0,3,19,"""Because were dealing with a new leader in North Korea that no ones ever engaged with.",1
4,41.0,3,t,US ready for talks with N Korea without preconditions,1
4,41.0,3,0,"The US is ready to talk to North Korea over its nuclear disarmament without preconditions, Secretary of State Rex Tillerson has said, in what appeared to be a softening of America's stance toward Pyongyang.",1
4,41.0,3,1,The offer to North Korea comes amid crippling sanctions on the country and just two weeks after after another intercontinental ballistic missile test by the reclusive nation.,1
4,41.0,3,2,It also marks a shift from Tillerson's own previous comments that the US would not negotiate its way to the negotiating table with North Korea and that it would only talk once the regime was ready to address its denuclearisation.,1
4,41.0,3,3,"""We've said from the diplomatic side we're ready to talk anytime North Korea would like to talk, and were ready to have the first meeting without precondition.",1
4,41.0,3,4,"Let's just meet,"" Tillerson said.",1
4,41.0,3,5,He was speaking on 'Meeting the Foreign Policy Challenges of 2017 and Beyond' organised by the 2017 Atlantic Council- Korea Foundation Forum.,0
4,41.0,3,6,"""And then we can begin to lay out a map, a roadmap of what we might be willing to work towards,"" he said.",0
4,41.0,3,7,The offer stands in contrast to President Donald Trump's warnings that talks have failed and that Tillerson was wasting his time.,1
4,41.0,3,8,Tillerson said it was not workable to demand that North Korea give up its weapons before talks begin.,1
4,41.0,3,9,"""Its not realistic to say were only going to talk if you come to the table ready to give up your program.",0
4,41.0,3,10,They have too much invested in it.,0
4,41.0,3,11,"And the President is very realistic about that as well,"" he said.",0
4,41.0,3,12,in response to a question after delivering his remarks.,0
4,41.0,3,13,"However, the White House was quick to assert that there had been no change in the views of the president on North Korea.",1
4,41.0,3,14,"""The President's views on North Korea have not changed.",1
4,41.0,3,15,"North Korea is acting in an unsafe way not only toward Japan, China, and South Korea, but the entire world.",1
4,41.0,3,16,"North Korea's actions are not good for anyone and certainly not good for North Korea,"" White House Press Secretary Sarah Sanders said in a statement to the press.",1
4,41.0,3,17,The secretary of state made clear that full North Korean nuclear disarmament would be the ultimate goal of substantive negotiations.,1
4,41.0,3,18,"He argued that containment was not an option, as an impoverished North Korea would seek to earn money by selling its nuclear weapons on the black market.",0
4,41.0,3,19,"""Because were dealing with a new leader in North Korea that no ones ever engaged with.",0
4,41.0,3,t,US ready for talks with N Korea without preconditions,0
4,41.0,3,0,"The US is ready to talk to North Korea over its nuclear disarmament without preconditions, Secretary of State Rex Tillerson has said, in what appeared to be a softening of America's stance toward Pyongyang.",1
4,41.0,3,1,The offer to North Korea comes amid crippling sanctions on the country and just two weeks after after another intercontinental ballistic missile test by the reclusive nation.,0
4,41.0,3,2,It also marks a shift from Tillerson's own previous comments that the US would not negotiate its way to the negotiating table with North Korea and that it would only talk once the regime was ready to address its denuclearisation.,1
4,41.0,3,3,"""We've said from the diplomatic side we're ready to talk anytime North Korea would like to talk, and were ready to have the first meeting without precondition.",0
4,41.0,3,4,"Let's just meet,"" Tillerson said.",0
4,41.0,3,5,He was speaking on 'Meeting the Foreign Policy Challenges of 2017 and Beyond' organised by the 2017 Atlantic Council- Korea Foundation Forum.,0
4,41.0,3,6,"""And then we can begin to lay out a map, a roadmap of what we might be willing to work towards,"" he said.",0
4,41.0,3,7,The offer stands in contrast to President Donald Trump's warnings that talks have failed and that Tillerson was wasting his time.,0
4,41.0,3,8,Tillerson said it was not workable to demand that North Korea give up its weapons before talks begin.,0
4,41.0,3,9,"""Its not realistic to say were only going to talk if you come to the table ready to give up your program.",1
4,41.0,3,10,They have too much invested in it.,0
4,41.0,3,11,"And the President is very realistic about that as well,"" he said.",0
4,41.0,3,12,in response to a question after delivering his remarks.,0
4,41.0,3,13,"However, the White House was quick to assert that there had been no change in the views of the president on North Korea.",0
4,41.0,3,14,"""The President's views on North Korea have not changed.",0
4,41.0,3,15,"North Korea is acting in an unsafe way not only toward Japan, China, and South Korea, but the entire world.",1
4,41.0,3,16,"North Korea's actions are not good for anyone and certainly not good for North Korea,"" White House Press Secretary Sarah Sanders said in a statement to the press.",0
4,41.0,3,17,The secretary of state made clear that full North Korean nuclear disarmament would be the ultimate goal of substantive negotiations.,0
4,41.0,3,18,"He argued that containment was not an option, as an impoverished North Korea would seek to earn money by selling its nuclear weapons on the black market.",0
4,41.0,3,19,"""Because were dealing with a new leader in North Korea that no ones ever engaged with.",0
4,41.0,1,t,US ready for talks with N Korea without preconditions,0
4,41.0,1,0,"The US is ready to talk to North Korea over its nuclear disarmament without preconditions, Secretary of State Rex Tillerson has said, in what appeared to be a softening of America's stance toward Pyongyang.",0
4,41.0,1,1,The offer to North Korea comes amid crippling sanctions on the country and just two weeks after after another intercontinental ballistic missile test by the reclusive nation.,0
4,41.0,1,2,It also marks a shift from Tillerson's own previous comments that the US would not negotiate its way to the negotiating table with North Korea and that it would only talk once the regime was ready to address its denuclearisation.,0
4,41.0,1,3,"""We've said from the diplomatic side we're ready to talk anytime North Korea would like to talk, and were ready to have the first meeting without precondition.",0
4,41.0,1,4,"Let's just meet,"" Tillerson said.",0
4,41.0,1,5,He was speaking on 'Meeting the Foreign Policy Challenges of 2017 and Beyond' organised by the 2017 Atlantic Council- Korea Foundation Forum.,0
4,41.0,1,6,"""And then we can begin to lay out a map, a roadmap of what we might be willing to work towards,"" he said.",0
4,41.0,1,7,The offer stands in contrast to President Donald Trump's warnings that talks have failed and that Tillerson was wasting his time.,0
4,41.0,1,8,Tillerson said it was not workable to demand that North Korea give up its weapons before talks begin.,0
4,41.0,1,9,"""Its not realistic to say were only going to talk if you come to the table ready to give up your program.",0
4,41.0,1,10,They have too much invested in it.,0
4,41.0,1,11,"And the President is very realistic about that as well,"" he said.",0
4,41.0,1,12,in response to a question after delivering his remarks.,0
4,41.0,1,13,"However, the White House was quick to assert that there had been no change in the views of the president on North Korea.",0
4,41.0,1,14,"""The President's views on North Korea have not changed.",0
4,41.0,1,15,"North Korea is acting in an unsafe way not only toward Japan, China, and South Korea, but the entire world.",0
4,41.0,1,16,"North Korea's actions are not good for anyone and certainly not good for North Korea,"" White House Press Secretary Sarah Sanders said in a statement to the press.",0
4,41.0,1,17,The secretary of state made clear that full North Korean nuclear disarmament would be the ultimate goal of substantive negotiations.,0
4,41.0,1,18,"He argued that containment was not an option, as an impoverished North Korea would seek to earn money by selling its nuclear weapons on the black market.",0
4,41.0,1,19,"""Because were dealing with a new leader in North Korea that no ones ever engaged with.",0
4,42.0,3,t,US open to initial meeting with North Korea 'without precondition',0
4,42.0,3,0,"Secretary of State Rex Tillerson is willing to talk to North Korean officials ""without precondition,"" at least for an initial round of diplomacy over the regime's nuclear weapons program.",1
4,42.0,3,1,"""[W]e're ready to have the first meeting without precondition,"" Tillerson said during an event at the Atlantic Council in Washington, D.C. ""Let's just meet.",1
4,42.0,3,2,We can talk about the weather if you want.,0
4,42.0,3,3,We can talk about whether it's going to be a square table or a round table if that's what you're excited about.,0
4,42.0,3,4,But can we at least sit down and see each other face-to-face.,0
4,42.0,3,5,"And then we can begin to lay out a map, a roadmap, of what we might be willing to work towards.""",0
4,42.0,3,6,That's a less-demanding posture that Tillerson has adopted in recent months when he ruled out negotiations based on anything other than North Korea agreeing to dismantle its nuclear weapons program.,0
4,42.0,3,7,"Tillerson maintained a hardline position regarding the regime's long-term retention of the nuclear weapons, but he seemed to soften his previous expectations for what early negotiations might look like.",1
4,42.0,3,8,"""It's not realistic to say 'we're only going to talk if you come to the table ready to give up your program.'",1
4,42.0,3,9,"They have too much invested in it,"" Tillerson said.",0
4,42.0,3,10,"""And the president is very realistic about that as well.""",0
4,42.0,3,11,That perspective appears to represent a shift in Tillerson's thinking.,1
4,42.0,3,12,"""We don't think having a dialogue where the North Koreans come to the table assuming they're going to maintain their nuclear weapons is productive,"" he told reporters in August.",0
4,42.0,3,13,"Tillerson's negotiating posture might harden after the United States sharpened its assessment of ""a new leader in North Korea that no one has ever engaged with.""",0
4,42.0,3,14,"He emphasized that the United States cannot learn to live with a nuclear-armed North Korea, notwithstanding the history of doing so with the Soviet empire during the Cold War.",0
4,42.0,3,15,"""The difference is that, [from] the past behavior of North Korea, it's clear to us that they would not just use the possess of nuclear weapons as a deterrent,"" Tilllerson said.",0
4,42.0,3,16,"""This would become a commercial activity for them, because we already see elements of it in the commercial marketplace.",1
4,42.0,3,17,"And in a world we live in today where our greatest threats are non-state actors, we simply cannot accept that.""",0
4,42.0,3,18,"That's why President Trump's team is willing to contemplate the possibility of war with North Korea despite the recognition that such a conflict ""would be catastrophic,"" as Defense Secretary Jim Mattis has acknowledged.",0
4,42.0,3,19,"""Yes, there are multiple military options that have been developed to deal with a failure on my part,"" Tillerson said.",1
4,42.0,3,t,US open to initial meeting with North Korea 'without precondition',1
4,42.0,3,0,"Secretary of State Rex Tillerson is willing to talk to North Korean officials ""without precondition,"" at least for an initial round of diplomacy over the regime's nuclear weapons program.",1
4,42.0,3,1,"""[W]e're ready to have the first meeting without precondition,"" Tillerson said during an event at the Atlantic Council in Washington, D.C. ""Let's just meet.",1
4,42.0,3,2,We can talk about the weather if you want.,0
4,42.0,3,3,We can talk about whether it's going to be a square table or a round table if that's what you're excited about.,0
4,42.0,3,4,But can we at least sit down and see each other face-to-face.,1
4,42.0,3,5,"And then we can begin to lay out a map, a roadmap, of what we might be willing to work towards.""",0
4,42.0,3,6,That's a less-demanding posture that Tillerson has adopted in recent months when he ruled out negotiations based on anything other than North Korea agreeing to dismantle its nuclear weapons program.,1
4,42.0,3,7,"Tillerson maintained a hardline position regarding the regime's long-term retention of the nuclear weapons, but he seemed to soften his previous expectations for what early negotiations might look like.",1
4,42.0,3,8,"""It's not realistic to say 'we're only going to talk if you come to the table ready to give up your program.'",0
4,42.0,3,9,"They have too much invested in it,"" Tillerson said.",0
4,42.0,3,10,"""And the president is very realistic about that as well.""",0
4,42.0,3,11,That perspective appears to represent a shift in Tillerson's thinking.,1
4,42.0,3,12,"""We don't think having a dialogue where the North Koreans come to the table assuming they're going to maintain their nuclear weapons is productive,"" he told reporters in August.",1
4,42.0,3,13,"Tillerson's negotiating posture might harden after the United States sharpened its assessment of ""a new leader in North Korea that no one has ever engaged with.""",1
4,42.0,3,14,"He emphasized that the United States cannot learn to live with a nuclear-armed North Korea, notwithstanding the history of doing so with the Soviet empire during the Cold War.",1
4,42.0,3,15,"""The difference is that, [from] the past behavior of North Korea, it's clear to us that they would not just use the possess of nuclear weapons as a deterrent,"" Tilllerson said.",1
4,42.0,3,16,"""This would become a commercial activity for them, because we already see elements of it in the commercial marketplace.",1
4,42.0,3,17,"And in a world we live in today where our greatest threats are non-state actors, we simply cannot accept that.""",0
4,42.0,3,18,"That's why President Trump's team is willing to contemplate the possibility of war with North Korea despite the recognition that such a conflict ""would be catastrophic,"" as Defense Secretary Jim Mattis has acknowledged.",1
4,42.0,3,19,"""Yes, there are multiple military options that have been developed to deal with a failure on my part,"" Tillerson said.",1
4,42.0,2,t,US open to initial meeting with North Korea 'without precondition',1
4,42.0,2,0,"Secretary of State Rex Tillerson is willing to talk to North Korean officials ""without precondition,"" at least for an initial round of diplomacy over the regime's nuclear weapons program.",0
4,42.0,2,1,"""[W]e're ready to have the first meeting without precondition,"" Tillerson said during an event at the Atlantic Council in Washington, D.C. ""Let's just meet.",1
4,42.0,2,2,We can talk about the weather if you want.,0
4,42.0,2,3,We can talk about whether it's going to be a square table or a round table if that's what you're excited about.,0
4,42.0,2,4,But can we at least sit down and see each other face-to-face.,0
4,42.0,2,5,"And then we can begin to lay out a map, a roadmap, of what we might be willing to work towards.""",0
4,42.0,2,6,That's a less-demanding posture that Tillerson has adopted in recent months when he ruled out negotiations based on anything other than North Korea agreeing to dismantle its nuclear weapons program.,0
4,42.0,2,7,"Tillerson maintained a hardline position regarding the regime's long-term retention of the nuclear weapons, but he seemed to soften his previous expectations for what early negotiations might look like.",0
4,42.0,2,8,"""It's not realistic to say 'we're only going to talk if you come to the table ready to give up your program.'",0
4,42.0,2,9,"They have too much invested in it,"" Tillerson said.",0
4,42.0,2,10,"""And the president is very realistic about that as well.""",0
4,42.0,2,11,That perspective appears to represent a shift in Tillerson's thinking.,0
4,42.0,2,12,"""We don't think having a dialogue where the North Koreans come to the table assuming they're going to maintain their nuclear weapons is productive,"" he told reporters in August.",0
4,42.0,2,13,"Tillerson's negotiating posture might harden after the United States sharpened its assessment of ""a new leader in North Korea that no one has ever engaged with.""",0
4,42.0,2,14,"He emphasized that the United States cannot learn to live with a nuclear-armed North Korea, notwithstanding the history of doing so with the Soviet empire during the Cold War.",0
4,42.0,2,15,"""The difference is that, [from] the past behavior of North Korea, it's clear to us that they would not just use the possess of nuclear weapons as a deterrent,"" Tilllerson said.",0
4,42.0,2,16,"""This would become a commercial activity for them, because we already see elements of it in the commercial marketplace.",0
4,42.0,2,17,"And in a world we live in today where our greatest threats are non-state actors, we simply cannot accept that.""",0
4,42.0,2,18,"That's why President Trump's team is willing to contemplate the possibility of war with North Korea despite the recognition that such a conflict ""would be catastrophic,"" as Defense Secretary Jim Mattis has acknowledged.",0
4,42.0,2,19,"""Yes, there are multiple military options that have been developed to deal with a failure on my part,"" Tillerson said.",1
4,42.0,1,t,US open to initial meeting with North Korea 'without precondition',0
4,42.0,1,0,"Secretary of State Rex Tillerson is willing to talk to North Korean officials ""without precondition,"" at least for an initial round of diplomacy over the regime's nuclear weapons program.",0
4,42.0,1,1,"""[W]e're ready to have the first meeting without precondition,"" Tillerson said during an event at the Atlantic Council in Washington, D.C. ""Let's just meet.",0
4,42.0,1,2,We can talk about the weather if you want.,0
4,42.0,1,3,We can talk about whether it's going to be a square table or a round table if that's what you're excited about.,0
4,42.0,1,4,But can we at least sit down and see each other face-to-face.,0
4,42.0,1,5,"And then we can begin to lay out a map, a roadmap, of what we might be willing to work towards.""",0
4,42.0,1,6,That's a less-demanding posture that Tillerson has adopted in recent months when he ruled out negotiations based on anything other than North Korea agreeing to dismantle its nuclear weapons program.,0
4,42.0,1,7,"Tillerson maintained a hardline position regarding the regime's long-term retention of the nuclear weapons, but he seemed to soften his previous expectations for what early negotiations might look like.",0
4,42.0,1,8,"""It's not realistic to say 'we're only going to talk if you come to the table ready to give up your program.'",0
4,42.0,1,9,"They have too much invested in it,"" Tillerson said.",0
4,42.0,1,10,"""And the president is very realistic about that as well.""",0
4,42.0,1,11,That perspective appears to represent a shift in Tillerson's thinking.,0
4,42.0,1,12,"""We don't think having a dialogue where the North Koreans come to the table assuming they're going to maintain their nuclear weapons is productive,"" he told reporters in August.",0
4,42.0,1,13,"Tillerson's negotiating posture might harden after the United States sharpened its assessment of ""a new leader in North Korea that no one has ever engaged with.""",0
4,42.0,1,14,"He emphasized that the United States cannot learn to live with a nuclear-armed North Korea, notwithstanding the history of doing so with the Soviet empire during the Cold War.",0
4,42.0,1,15,"""The difference is that, [from] the past behavior of North Korea, it's clear to us that they would not just use the possess of nuclear weapons as a deterrent,"" Tilllerson said.",0
4,42.0,1,16,"""This would become a commercial activity for them, because we already see elements of it in the commercial marketplace.",0
4,42.0,1,17,"And in a world we live in today where our greatest threats are non-state actors, we simply cannot accept that.""",0
4,42.0,1,18,"That's why President Trump's team is willing to contemplate the possibility of war with North Korea despite the recognition that such a conflict ""would be catastrophic,"" as Defense Secretary Jim Mattis has acknowledged.",0
4,42.0,1,19,"""Yes, there are multiple military options that have been developed to deal with a failure on my part,"" Tillerson said.",0
4,43.0,2,t,Kim Jong-Un Vows to 'Win Victory in the Showdown' with US,1
4,43.0,2,0,"The nuclear-armed North has rattled the international community with a flurry of nuclear blasts and missile launches, most recently on November 29 when it test-fired its longest-range intercontinental ballistic missile (ICBM), capable of reaching all",1
4,43.0,2,1,"Kim told workers behind the latest test that his country would ""victoriously advance and leap as the strongest nuclear power and military power in the world"" at a conference on Tuesday, according to state news agency KCNA.",1
4,43.0,2,2,"""The... national defense industry will continue to develop and we will win victory in the showdown with the imperialists and the US,"" he was indirectly quoted as saying.",1
4,43.0,2,3,"The country's nuclear force had been completed in a ""death-defying struggle"" and despite a high cost, he added.",1
4,43.0,2,4,"Kim's comments come as global powers scramble for a response to the crisis, with the US backing stringent economic and diplomatic sanctions on Kim's regime to halt its nuclear drive.",1
4,43.0,2,5,"But the North has continued to lob missiles, posing a major challenge to US President Donald Trump.",0
4,43.0,2,6,"Fears of a catastrophic conflict with the nuclear-armed regime have spiked as the leaders have taunted each other, with Trump dubbing his rival ""Little Rocket Man"".",0
4,43.0,2,7,"Tension flared anew in the flashpoint peninsula after the November 29 launch of the Hwasong-15 ICBM, which the North claimed could deliver a ""super-large heavy warhead"" anywhere on the US mainland.",0
4,43.0,2,8,Many analysts suggest that the rocket is capable of reaching the US mainland but voice skepticism that Pyongyang has mastered the advanced technology needed to allow the rocket to survive re-entry to the Earth's atmosphere.,0
4,43.0,2,9,"The launch was the first test of any kind since September 15, and quashed hopes that the North may have held back in order to open the door to a negotiated solution to the nuclear standoff.",1
4,43.0,2,10,"But US Secretary of State Rex Tillerson said for the first time that Washington was willing to talk to Pyongyang ""without preconditions"".",1
4,43.0,2,11,"The US has long insisted that the North should take concrete steps toward disarming before any negotiations, which should lead to complete, irreversible and verifiable denuclearization.",0
4,43.0,2,12,"""It's not realistic to say we're only going to talk if you come to the table ready to give up your programme,"" Tillerson told a meeting of the Atlantic Council policy forum.",0
4,43.0,2,13,"""They have too much invested in it.""",0
4,43.0,2,14,But he also warned that the US military stands ready to act if necessary.,1
4,43.0,2,15,The latest military standoff prompted concerns of another full-scale conflict in the region after the 1950-53 Korean War that left much of the peninsula in ruins.,1
4,43.0,2,16,"Even if a second war remained conventional, tens of thousands of South Koreans - as well as many of the 28 500 US troops stationed in the country - are expected to be killed just in the first days of fighting, analysts say.",1
4,43.0,3,t,Kim Jong-Un Vows to 'Win Victory in the Showdown' with US,1
4,43.0,3,0,"The nuclear-armed North has rattled the international community with a flurry of nuclear blasts and missile launches, most recently on November 29 when it test-fired its longest-range intercontinental ballistic missile (ICBM), capable of reaching all",1
4,43.0,3,1,"Kim told workers behind the latest test that his country would ""victoriously advance and leap as the strongest nuclear power and military power in the world"" at a conference on Tuesday, according to state news agency KCNA.",1
4,43.0,3,2,"""The... national defense industry will continue to develop and we will win victory in the showdown with the imperialists and the US,"" he was indirectly quoted as saying.",1
4,43.0,3,3,"The country's nuclear force had been completed in a ""death-defying struggle"" and despite a high cost, he added.",1
4,43.0,3,4,"Kim's comments come as global powers scramble for a response to the crisis, with the US backing stringent economic and diplomatic sanctions on Kim's regime to halt its nuclear drive.",1
4,43.0,3,5,"But the North has continued to lob missiles, posing a major challenge to US President Donald Trump.",1
4,43.0,3,6,"Fears of a catastrophic conflict with the nuclear-armed regime have spiked as the leaders have taunted each other, with Trump dubbing his rival ""Little Rocket Man"".",1
4,43.0,3,7,"Tension flared anew in the flashpoint peninsula after the November 29 launch of the Hwasong-15 ICBM, which the North claimed could deliver a ""super-large heavy warhead"" anywhere on the US mainland.",1
4,43.0,3,8,Many analysts suggest that the rocket is capable of reaching the US mainland but voice skepticism that Pyongyang has mastered the advanced technology needed to allow the rocket to survive re-entry to the Earth's atmosphere.,1
4,43.0,3,9,"The launch was the first test of any kind since September 15, and quashed hopes that the North may have held back in order to open the door to a negotiated solution to the nuclear standoff.",1
4,43.0,3,10,"But US Secretary of State Rex Tillerson said for the first time that Washington was willing to talk to Pyongyang ""without preconditions"".",1
4,43.0,3,11,"The US has long insisted that the North should take concrete steps toward disarming before any negotiations, which should lead to complete, irreversible and verifiable denuclearization.",1
4,43.0,3,12,"""It's not realistic to say we're only going to talk if you come to the table ready to give up your programme,"" Tillerson told a meeting of the Atlantic Council policy forum.",0
4,43.0,3,13,"""They have too much invested in it.""",0
4,43.0,3,14,But he also warned that the US military stands ready to act if necessary.,1
4,43.0,3,15,The latest military standoff prompted concerns of another full-scale conflict in the region after the 1950-53 Korean War that left much of the peninsula in ruins.,1
4,43.0,3,16,"Even if a second war remained conventional, tens of thousands of South Koreans - as well as many of the 28 500 US troops stationed in the country - are expected to be killed just in the first days of fighting, analysts say.",1
4,43.0,2,t,Kim Jong-Un Vows to 'Win Victory in the Showdown' with US,0
4,43.0,2,0,"The nuclear-armed North has rattled the international community with a flurry of nuclear blasts and missile launches, most recently on November 29 when it test-fired its longest-range intercontinental ballistic missile (ICBM), capable of reaching all",1
4,43.0,2,1,"Kim told workers behind the latest test that his country would ""victoriously advance and leap as the strongest nuclear power and military power in the world"" at a conference on Tuesday, according to state news agency KCNA.",1
4,43.0,2,2,"""The... national defense industry will continue to develop and we will win victory in the showdown with the imperialists and the US,"" he was indirectly quoted as saying.",1
4,43.0,2,3,"The country's nuclear force had been completed in a ""death-defying struggle"" and despite a high cost, he added.",0
4,43.0,2,4,"Kim's comments come as global powers scramble for a response to the crisis, with the US backing stringent economic and diplomatic sanctions on Kim's regime to halt its nuclear drive.",0
4,43.0,2,5,"But the North has continued to lob missiles, posing a major challenge to US President Donald Trump.",0
4,43.0,2,6,"Fears of a catastrophic conflict with the nuclear-armed regime have spiked as the leaders have taunted each other, with Trump dubbing his rival ""Little Rocket Man"".",1
4,43.0,2,7,"Tension flared anew in the flashpoint peninsula after the November 29 launch of the Hwasong-15 ICBM, which the North claimed could deliver a ""super-large heavy warhead"" anywhere on the US mainland.",0
4,43.0,2,8,Many analysts suggest that the rocket is capable of reaching the US mainland but voice skepticism that Pyongyang has mastered the advanced technology needed to allow the rocket to survive re-entry to the Earth's atmosphere.,0
4,43.0,2,9,"The launch was the first test of any kind since September 15, and quashed hopes that the North may have held back in order to open the door to a negotiated solution to the nuclear standoff.",0
4,43.0,2,10,"But US Secretary of State Rex Tillerson said for the first time that Washington was willing to talk to Pyongyang ""without preconditions"".",0
4,43.0,2,11,"The US has long insisted that the North should take concrete steps toward disarming before any negotiations, which should lead to complete, irreversible and verifiable denuclearization.",0
4,43.0,2,12,"""It's not realistic to say we're only going to talk if you come to the table ready to give up your programme,"" Tillerson told a meeting of the Atlantic Council policy forum.",0
4,43.0,2,13,"""They have too much invested in it.""",0
4,43.0,2,14,But he also warned that the US military stands ready to act if necessary.,0
4,43.0,2,15,The latest military standoff prompted concerns of another full-scale conflict in the region after the 1950-53 Korean War that left much of the peninsula in ruins.,1
4,43.0,2,16,"Even if a second war remained conventional, tens of thousands of South Koreans - as well as many of the 28 500 US troops stationed in the country - are expected to be killed just in the first days of fighting, analysts say.",0
4,43.0,2,t,Kim Jong-Un Vows to 'Win Victory in the Showdown' with US,0
4,43.0,2,0,"The nuclear-armed North has rattled the international community with a flurry of nuclear blasts and missile launches, most recently on November 29 when it test-fired its longest-range intercontinental ballistic missile (ICBM), capable of reaching all",0
4,43.0,2,1,"Kim told workers behind the latest test that his country would ""victoriously advance and leap as the strongest nuclear power and military power in the world"" at a conference on Tuesday, according to state news agency KCNA.",0
4,43.0,2,2,"""The... national defense industry will continue to develop and we will win victory in the showdown with the imperialists and the US,"" he was indirectly quoted as saying.",0
4,43.0,2,3,"The country's nuclear force had been completed in a ""death-defying struggle"" and despite a high cost, he added.",0
4,43.0,2,4,"Kim's comments come as global powers scramble for a response to the crisis, with the US backing stringent economic and diplomatic sanctions on Kim's regime to halt its nuclear drive.",0
4,43.0,2,5,"But the North has continued to lob missiles, posing a major challenge to US President Donald Trump.",0
4,43.0,2,6,"Fears of a catastrophic conflict with the nuclear-armed regime have spiked as the leaders have taunted each other, with Trump dubbing his rival ""Little Rocket Man"".",0
4,43.0,2,7,"Tension flared anew in the flashpoint peninsula after the November 29 launch of the Hwasong-15 ICBM, which the North claimed could deliver a ""super-large heavy warhead"" anywhere on the US mainland.",0
4,43.0,2,8,Many analysts suggest that the rocket is capable of reaching the US mainland but voice skepticism that Pyongyang has mastered the advanced technology needed to allow the rocket to survive re-entry to the Earth's atmosphere.,0
4,43.0,2,9,"The launch was the first test of any kind since September 15, and quashed hopes that the North may have held back in order to open the door to a negotiated solution to the nuclear standoff.",0
4,43.0,2,10,"But US Secretary of State Rex Tillerson said for the first time that Washington was willing to talk to Pyongyang ""without preconditions"".",0
4,43.0,2,11,"The US has long insisted that the North should take concrete steps toward disarming before any negotiations, which should lead to complete, irreversible and verifiable denuclearization.",0
4,43.0,2,12,"""It's not realistic to say we're only going to talk if you come to the table ready to give up your programme,"" Tillerson told a meeting of the Atlantic Council policy forum.",0
4,43.0,2,13,"""They have too much invested in it.""",0
4,43.0,2,14,But he also warned that the US military stands ready to act if necessary.,0
4,43.0,2,15,The latest military standoff prompted concerns of another full-scale conflict in the region after the 1950-53 Korean War that left much of the peninsula in ruins.,0
4,43.0,2,16,"Even if a second war remained conventional, tens of thousands of South Koreans - as well as many of the 28 500 US troops stationed in the country - are expected to be killed just in the first days of fighting, analysts say.",0
4,44.0,3,t,The very best stories of how Rex Tillerson is destroying the State Department,1
4,44.0,3,0,But the media have been harder on him than on any other Cabinet member.,1
4,44.0,3,1,"A week does not pass without the publication of explicit articles or opinion pieces calling on Tillerson to resign (such as here , here , here , and here ).",0
4,44.0,3,2,Rex Tillerson should be the darling of the liberal media.,1
4,44.0,3,3,"He supported sticking with the Iran deal , which basically allows Iran to develop nuclear weapons and ballistic missiles.",0
4,44.0,3,4,He opposed stating the obvious : that Israel's capital is Jerusalem.,1
4,44.0,3,5,And he supported the ridiculous Paris climate change treaty.,1
4,44.0,3,6,Because Tillerson has been working assiduously to cut the staff of the State Department.,0
4,44.0,3,7,He wants to cut the State Department staff by 8%.,1
4,44.0,3,8,Liberals are horrified.,1
4,44.0,3,9,They don't have the faintest idea how many people should be working at the State Department.,1
4,44.0,3,10,"All they know is that however many there are, there shouldn't be fewer.",1
4,44.0,3,11,"Even worse, Tillerson hasn't filled many senior political positions at the State Department, and he's been criticized for not consulting with the staff there - he makes them feel unimportant!",1
4,44.0,3,12,"The media are full of stories of the ""understaffed"" State Department.",1
4,44.0,3,13,Vox says the understaffed State Department makes the situation with North Korea more dangerous.,0
4,44.0,3,14,"We need a fully staffed State Department to ""make high-level statements.""",0
4,44.0,3,15,Or do we?,0
4,44.0,3,16,"But in the same article, Vox, incredibly, admits that perhaps the State Department just doesn't matter:",1
4,44.0,3,17,Here's another great quote from the WaPo where in one sentence it also says the understaffing will have a terrible effect - and no effect at all!,0
4,44.0,3,18,Many at the State Department have nothing to do.,0
4,44.0,3,19,"Some try to conduct policy meetings just to retain the muscle memory and focus, but, said another department employee, ""in the last couple months, it's been a lot more sitting around and going home earlier than usual.""",1
4,44.0,3,t,The very best stories of how Rex Tillerson is destroying the State Department,1
4,44.0,3,0,But the media have been harder on him than on any other Cabinet member.,0
4,44.0,3,1,"A week does not pass without the publication of explicit articles or opinion pieces calling on Tillerson to resign (such as here , here , here , and here ).",0
4,44.0,3,2,Rex Tillerson should be the darling of the liberal media.,1
4,44.0,3,3,"He supported sticking with the Iran deal , which basically allows Iran to develop nuclear weapons and ballistic missiles.",0
4,44.0,3,4,He opposed stating the obvious : that Israel's capital is Jerusalem.,0
4,44.0,3,5,And he supported the ridiculous Paris climate change treaty.,0
4,44.0,3,6,Because Tillerson has been working assiduously to cut the staff of the State Department.,1
4,44.0,3,7,He wants to cut the State Department staff by 8%.,1
4,44.0,3,8,Liberals are horrified.,0
4,44.0,3,9,They don't have the faintest idea how many people should be working at the State Department.,1
4,44.0,3,10,"All they know is that however many there are, there shouldn't be fewer.",0
4,44.0,3,11,"Even worse, Tillerson hasn't filled many senior political positions at the State Department, and he's been criticized for not consulting with the staff there - he makes them feel unimportant!",1
4,44.0,3,12,"The media are full of stories of the ""understaffed"" State Department.",1
4,44.0,3,13,Vox says the understaffed State Department makes the situation with North Korea more dangerous.,1
4,44.0,3,14,"We need a fully staffed State Department to ""make high-level statements.""",1
4,44.0,3,15,Or do we?,0
4,44.0,3,16,"But in the same article, Vox, incredibly, admits that perhaps the State Department just doesn't matter:",1
4,44.0,3,17,Here's another great quote from the WaPo where in one sentence it also says the understaffing will have a terrible effect - and no effect at all!,0
4,44.0,3,18,Many at the State Department have nothing to do.,1
4,44.0,3,19,"Some try to conduct policy meetings just to retain the muscle memory and focus, but, said another department employee, ""in the last couple months, it's been a lot more sitting around and going home earlier than usual.""",1
4,44.0,2,t,The very best stories of how Rex Tillerson is destroying the State Department,0
4,44.0,2,0,But the media have been harder on him than on any other Cabinet member.,0
4,44.0,2,1,"A week does not pass without the publication of explicit articles or opinion pieces calling on Tillerson to resign (such as here , here , here , and here ).",0
4,44.0,2,2,Rex Tillerson should be the darling of the liberal media.,0
4,44.0,2,3,"He supported sticking with the Iran deal , which basically allows Iran to develop nuclear weapons and ballistic missiles.",0
4,44.0,2,4,He opposed stating the obvious : that Israel's capital is Jerusalem.,0
4,44.0,2,5,And he supported the ridiculous Paris climate change treaty.,0
4,44.0,2,6,Because Tillerson has been working assiduously to cut the staff of the State Department.,0
4,44.0,2,7,He wants to cut the State Department staff by 8%.,0
4,44.0,2,8,Liberals are horrified.,0
4,44.0,2,9,They don't have the faintest idea how many people should be working at the State Department.,0
4,44.0,2,10,"All they know is that however many there are, there shouldn't be fewer.",0
4,44.0,2,11,"Even worse, Tillerson hasn't filled many senior political positions at the State Department, and he's been criticized for not consulting with the staff there - he makes them feel unimportant!",1
4,44.0,2,12,"The media are full of stories of the ""understaffed"" State Department.",0
4,44.0,2,13,Vox says the understaffed State Department makes the situation with North Korea more dangerous.,0
4,44.0,2,14,"We need a fully staffed State Department to ""make high-level statements.""",0
4,44.0,2,15,Or do we?,0
4,44.0,2,16,"But in the same article, Vox, incredibly, admits that perhaps the State Department just doesn't matter:",0
4,44.0,2,17,Here's another great quote from the WaPo where in one sentence it also says the understaffing will have a terrible effect - and no effect at all!,0
4,44.0,2,18,Many at the State Department have nothing to do.,0
4,44.0,2,19,"Some try to conduct policy meetings just to retain the muscle memory and focus, but, said another department employee, ""in the last couple months, it's been a lot more sitting around and going home earlier than usual.""",0
4,44.0,3,t,The very best stories of how Rex Tillerson is destroying the State Department,0
4,44.0,3,0,But the media have been harder on him than on any other Cabinet member.,0
4,44.0,3,1,"A week does not pass without the publication of explicit articles or opinion pieces calling on Tillerson to resign (such as here , here , here , and here ).",0
4,44.0,3,2,Rex Tillerson should be the darling of the liberal media.,0
4,44.0,3,3,"He supported sticking with the Iran deal , which basically allows Iran to develop nuclear weapons and ballistic missiles.",0
4,44.0,3,4,He opposed stating the obvious : that Israel's capital is Jerusalem.,1
4,44.0,3,5,And he supported the ridiculous Paris climate change treaty.,1
4,44.0,3,6,Because Tillerson has been working assiduously to cut the staff of the State Department.,1
4,44.0,3,7,He wants to cut the State Department staff by 8%.,1
4,44.0,3,8,Liberals are horrified.,0
4,44.0,3,9,They don't have the faintest idea how many people should be working at the State Department.,0
4,44.0,3,10,"All they know is that however many there are, there shouldn't be fewer.",0
4,44.0,3,11,"Even worse, Tillerson hasn't filled many senior political positions at the State Department, and he's been criticized for not consulting with the staff there - he makes them feel unimportant!",0
4,44.0,3,12,"The media are full of stories of the ""understaffed"" State Department.",0
4,44.0,3,13,Vox says the understaffed State Department makes the situation with North Korea more dangerous.,0
4,44.0,3,14,"We need a fully staffed State Department to ""make high-level statements.""",0
4,44.0,3,15,Or do we?,0
4,44.0,3,16,"But in the same article, Vox, incredibly, admits that perhaps the State Department just doesn't matter:",0
4,44.0,3,17,Here's another great quote from the WaPo where in one sentence it also says the understaffing will have a terrible effect - and no effect at all!,0
4,44.0,3,18,Many at the State Department have nothing to do.,0
4,44.0,3,19,"Some try to conduct policy meetings just to retain the muscle memory and focus, but, said another department employee, ""in the last couple months, it's been a lot more sitting around and going home earlier than usual.""",0
4,45.0,2,t,"U.S. Will Talk To North Korea 'Until The First Bomb Drops,' Rex Tillerson Says",0
4,45.0,2,0,"Secretary of State Rex Tillerson told world leaders on Tuesday that the U.S. will seek diplomacy with North Korea ""until the first bomb drops.""",0
4,45.0,2,1,"Tillerson reiterated his long-held stance in speaking before the Atlantic Council Korea Foundation Forum, but also said that Defense Secretary James Mattis is prepared for war if it comes to it.",1
4,45.0,2,2,"""As I've told people many times, I will continue our diplomatic efforts until the first bomb drops,"" Tillerson said, according to The Hill.",1
4,45.0,2,3,"""I'm confident that we're going to be successful, but I'm also confident that Secretary Mattis will be successful if it ends up being his turn.""",1
4,45.0,2,4,Keep up with this story and more by subscribing now,0
4,45.0,2,5,Tillerson said the U.S. needs North Korea to come to the table for a conversation.,0
4,45.0,2,6,"""We're ready to talk any time they'd like to talk,"" he said.",0
4,45.0,2,7,"""In the meantime, our military preparedness is strong.""",0
4,45.0,2,8,"The secretary of state explained that President Donald Trump has ordered military planners to have a ""full range of contingencies available"" and that they are ready for action.",0
4,45.0,2,9,"Tillerson's speech came as the U.S., South Korea and Japan wrapped up the second day of missile-tracking drills in the waters between the Korean Peninsula and Japan.",0
4,45.0,2,10,"They were the first trilateral anti-missile exercises the allies have conducted since North Korea launched its most powerful rocket yet on November 29, which it reported was capable of reaching anywhere in the U.S. mainland.",1
4,45.0,2,11,"The missile, called Hwasong-15, ""went higher, frankly, than any previous shot they've taken,"" Mattis said after the test.",0
4,45.0,2,12,"""The bottom line is it is a continued effort to build a ballistic missile threat that endangers world peace, regional peace and certainly the United States.""",0
4,45.0,2,13,"Last week, the U.S. and South Korea ran a large-scale joint aerial exercise called Vigilant Ace that involved more than 230 aircraft preparing for a military attack on the North.",0
4,45.0,2,14,"The show of power heightened tensions in the region, with Pyongyang blaming Trump for causing ""a flare-up.""",1
4,45.0,2,15,"North Korea's Committee for the Peaceful Reunification of the Country called Trump ""insane"" and stated that the aerial drills would ""push the already acute situation on the Korean Peninsula to the brink of nuclear war.""",1
4,45.0,2,16,"North Korea leader Kim Jong Un has repeatedly said that he has no intention to denuclearize as the U.S. has demanded, and will continue building up the nation's nuclear and missile arsenal.",1
4,45.0,2,17,"After Trump in September threatened to ""totally destroy"" the regime if provoked, Kim responded, ""The path I chose is correct and that is the one I have to follow to the last.""",0
4,45.0,3,t,"U.S. Will Talk To North Korea 'Until The First Bomb Drops,' Rex Tillerson Says",1
4,45.0,3,0,"Secretary of State Rex Tillerson told world leaders on Tuesday that the U.S. will seek diplomacy with North Korea ""until the first bomb drops.""",1
4,45.0,3,1,"Tillerson reiterated his long-held stance in speaking before the Atlantic Council Korea Foundation Forum, but also said that Defense Secretary James Mattis is prepared for war if it comes to it.",1
4,45.0,3,2,"""As I've told people many times, I will continue our diplomatic efforts until the first bomb drops,"" Tillerson said, according to The Hill.",1
4,45.0,3,3,"""I'm confident that we're going to be successful, but I'm also confident that Secretary Mattis will be successful if it ends up being his turn.""",0
4,45.0,3,4,Keep up with this story and more by subscribing now,0
4,45.0,3,5,Tillerson said the U.S. needs North Korea to come to the table for a conversation.,1
4,45.0,3,6,"""We're ready to talk any time they'd like to talk,"" he said.",1
4,45.0,3,7,"""In the meantime, our military preparedness is strong.""",0
4,45.0,3,8,"The secretary of state explained that President Donald Trump has ordered military planners to have a ""full range of contingencies available"" and that they are ready for action.",1
4,45.0,3,9,"Tillerson's speech came as the U.S., South Korea and Japan wrapped up the second day of missile-tracking drills in the waters between the Korean Peninsula and Japan.",1
4,45.0,3,10,"They were the first trilateral anti-missile exercises the allies have conducted since North Korea launched its most powerful rocket yet on November 29, which it reported was capable of reaching anywhere in the U.S. mainland.",1
4,45.0,3,11,"The missile, called Hwasong-15, ""went higher, frankly, than any previous shot they've taken,"" Mattis said after the test.",0
4,45.0,3,12,"""The bottom line is it is a continued effort to build a ballistic missile threat that endangers world peace, regional peace and certainly the United States.""",1
4,45.0,3,13,"Last week, the U.S. and South Korea ran a large-scale joint aerial exercise called Vigilant Ace that involved more than 230 aircraft preparing for a military attack on the North.",0
4,45.0,3,14,"The show of power heightened tensions in the region, with Pyongyang blaming Trump for causing ""a flare-up.""",0
4,45.0,3,15,"North Korea's Committee for the Peaceful Reunification of the Country called Trump ""insane"" and stated that the aerial drills would ""push the already acute situation on the Korean Peninsula to the brink of nuclear war.""",1
4,45.0,3,16,"North Korea leader Kim Jong Un has repeatedly said that he has no intention to denuclearize as the U.S. has demanded, and will continue building up the nation's nuclear and missile arsenal.",1
4,45.0,3,17,"After Trump in September threatened to ""totally destroy"" the regime if provoked, Kim responded, ""The path I chose is correct and that is the one I have to follow to the last.""",1
4,45.0,1,t,"U.S. Will Talk To North Korea 'Until The First Bomb Drops,' Rex Tillerson Says",0
4,45.0,1,0,"Secretary of State Rex Tillerson told world leaders on Tuesday that the U.S. will seek diplomacy with North Korea ""until the first bomb drops.""",0
4,45.0,1,1,"Tillerson reiterated his long-held stance in speaking before the Atlantic Council Korea Foundation Forum, but also said that Defense Secretary James Mattis is prepared for war if it comes to it.",0
4,45.0,1,2,"""As I've told people many times, I will continue our diplomatic efforts until the first bomb drops,"" Tillerson said, according to The Hill.",1
4,45.0,1,3,"""I'm confident that we're going to be successful, but I'm also confident that Secretary Mattis will be successful if it ends up being his turn.""",0
4,45.0,1,4,Keep up with this story and more by subscribing now,0
4,45.0,1,5,Tillerson said the U.S. needs North Korea to come to the table for a conversation.,0
4,45.0,1,6,"""We're ready to talk any time they'd like to talk,"" he said.",0
4,45.0,1,7,"""In the meantime, our military preparedness is strong.""",0
4,45.0,1,8,"The secretary of state explained that President Donald Trump has ordered military planners to have a ""full range of contingencies available"" and that they are ready for action.",0
4,45.0,1,9,"Tillerson's speech came as the U.S., South Korea and Japan wrapped up the second day of missile-tracking drills in the waters between the Korean Peninsula and Japan.",0
4,45.0,1,10,"They were the first trilateral anti-missile exercises the allies have conducted since North Korea launched its most powerful rocket yet on November 29, which it reported was capable of reaching anywhere in the U.S. mainland.",0
4,45.0,1,11,"The missile, called Hwasong-15, ""went higher, frankly, than any previous shot they've taken,"" Mattis said after the test.",0
4,45.0,1,12,"""The bottom line is it is a continued effort to build a ballistic missile threat that endangers world peace, regional peace and certainly the United States.""",0
4,45.0,1,13,"Last week, the U.S. and South Korea ran a large-scale joint aerial exercise called Vigilant Ace that involved more than 230 aircraft preparing for a military attack on the North.",0
4,45.0,1,14,"The show of power heightened tensions in the region, with Pyongyang blaming Trump for causing ""a flare-up.""",0
4,45.0,1,15,"North Korea's Committee for the Peaceful Reunification of the Country called Trump ""insane"" and stated that the aerial drills would ""push the already acute situation on the Korean Peninsula to the brink of nuclear war.""",0
4,45.0,1,16,"North Korea leader Kim Jong Un has repeatedly said that he has no intention to denuclearize as the U.S. has demanded, and will continue building up the nation's nuclear and missile arsenal.",0
4,45.0,1,17,"After Trump in September threatened to ""totally destroy"" the regime if provoked, Kim responded, ""The path I chose is correct and that is the one I have to follow to the last.""",0
4,45.0,3,t,"U.S. Will Talk To North Korea 'Until The First Bomb Drops,' Rex Tillerson Says",1
4,45.0,3,0,"Secretary of State Rex Tillerson told world leaders on Tuesday that the U.S. will seek diplomacy with North Korea ""until the first bomb drops.""",1
4,45.0,3,1,"Tillerson reiterated his long-held stance in speaking before the Atlantic Council Korea Foundation Forum, but also said that Defense Secretary James Mattis is prepared for war if it comes to it.",0
4,45.0,3,2,"""As I've told people many times, I will continue our diplomatic efforts until the first bomb drops,"" Tillerson said, according to The Hill.",0
4,45.0,3,3,"""I'm confident that we're going to be successful, but I'm also confident that Secretary Mattis will be successful if it ends up being his turn.""",0
4,45.0,3,4,Keep up with this story and more by subscribing now,0
4,45.0,3,5,Tillerson said the U.S. needs North Korea to come to the table for a conversation.,0
4,45.0,3,6,"""We're ready to talk any time they'd like to talk,"" he said.",0
4,45.0,3,7,"""In the meantime, our military preparedness is strong.""",0
4,45.0,3,8,"The secretary of state explained that President Donald Trump has ordered military planners to have a ""full range of contingencies available"" and that they are ready for action.",0
4,45.0,3,9,"Tillerson's speech came as the U.S., South Korea and Japan wrapped up the second day of missile-tracking drills in the waters between the Korean Peninsula and Japan.",0
4,45.0,3,10,"They were the first trilateral anti-missile exercises the allies have conducted since North Korea launched its most powerful rocket yet on November 29, which it reported was capable of reaching anywhere in the U.S. mainland.",0
4,45.0,3,11,"The missile, called Hwasong-15, ""went higher, frankly, than any previous shot they've taken,"" Mattis said after the test.",0
4,45.0,3,12,"""The bottom line is it is a continued effort to build a ballistic missile threat that endangers world peace, regional peace and certainly the United States.""",0
4,45.0,3,13,"Last week, the U.S. and South Korea ran a large-scale joint aerial exercise called Vigilant Ace that involved more than 230 aircraft preparing for a military attack on the North.",0
4,45.0,3,14,"The show of power heightened tensions in the region, with Pyongyang blaming Trump for causing ""a flare-up.""",0
4,45.0,3,15,"North Korea's Committee for the Peaceful Reunification of the Country called Trump ""insane"" and stated that the aerial drills would ""push the already acute situation on the Korean Peninsula to the brink of nuclear war.""",0
4,45.0,3,16,"North Korea leader Kim Jong Un has repeatedly said that he has no intention to denuclearize as the U.S. has demanded, and will continue building up the nation's nuclear and missile arsenal.",0
4,45.0,3,17,"After Trump in September threatened to ""totally destroy"" the regime if provoked, Kim responded, ""The path I chose is correct and that is the one I have to follow to the last.""",0
4,46.0,2,t,North Korea and U.S. are meeting for talks,0
4,46.0,2,0,The United States had previously held that they would not engage in talks with the Democratic People's Republic of Korea (DPRK) unless certain conditions were met.,1
4,46.0,2,1,"President Trump has held that North Korea must agree to denuclearization before talks could commence, reiterating this position in November's diplomatic visit to Asia.",1
4,46.0,2,2,"Until today, Secretary of State Rex Tillerson had echoed this stance.",0
4,46.0,2,3,"Today, Tillerson, surprised the world by changing the United States' stance on diplomatic talks with the isolationist dictatorship.",0
4,46.0,2,4,"Appearing before the Atlantic Council Korea Foundation Forum, Tillerson said, ""[W]e're ready to have the first meeting without precondition.""",0
4,46.0,2,5,"The Secretary of State went on to say, ""We can at least sit down and see each other face to face.",0
4,46.0,2,6,"And then we can begin to lay out a map, a roadmap, of what we might be willing to work towards We need the DPRK to come to the table for talks.",0
4,46.0,2,7,"We're ready to talk any time they'd like to talk.""",0
4,46.0,2,8,"Tillerson's new position comes at a time when the media has been wildly speculating about a rift between the Secretary of State and President Trump, with many news outlets claiming the Secretary of State is about to see a pink slip.",0
4,46.0,2,9,"In his speech, Tillerson seemed to imply that President Trump also backs his position, saying, ""It's not realistic to say 'we're only going to talk if you come to the table ready to give up your program.'",0
4,46.0,2,10,They have too much invested in it.,0
4,46.0,2,11,"And the president is very realistic about that as well.""",0
4,46.0,2,12,"Despite the willingness to reach a diplomatic solution, the Secretary of State did not weaken the stance of the United States, insisting that North Korea must be willing to consider denuclearization.",0
4,46.0,2,13,"While emphasizing his desire for diplomatic relations, Tillerson also stressed the willingness of the current administration to seek military intervention if necessary, saying, ""As I've told people many times, I will continue our diplomatic efforts ",0
4,46.0,2,14,I'm confident that we're gonna be successful.,0
4,46.0,2,15,"But I'm also confident that Secretary Mattis will be successful if it ends up being his turn.""",0
4,46.0,2,16,Tillerson also emphasized his partnership with Secretary Mattis.,0
4,46.0,2,17,The change in position comes on the heels of Pyongyang's most successful missile test to date.,0
4,46.0,2,18,The Hwasong-15 missile that was launched November 29th is believed to put the entire continental United States within the range of the North Korea's nuclear weapons.,0
4,46.0,2,19,"If these estimates are true, the Hwasong-15 test serves as a major turning point in US/DPRK relations, as well as in the nuclear arena overall.",0
4,46.0,1,t,North Korea and U.S. are meeting for talks,0
4,46.0,1,0,The United States had previously held that they would not engage in talks with the Democratic People's Republic of Korea (DPRK) unless certain conditions were met.,0
4,46.0,1,1,"President Trump has held that North Korea must agree to denuclearization before talks could commence, reiterating this position in November's diplomatic visit to Asia.",0
4,46.0,1,2,"Until today, Secretary of State Rex Tillerson had echoed this stance.",0
4,46.0,1,3,"Today, Tillerson, surprised the world by changing the United States' stance on diplomatic talks with the isolationist dictatorship.",0
4,46.0,1,4,"Appearing before the Atlantic Council Korea Foundation Forum, Tillerson said, ""[W]e're ready to have the first meeting without precondition.""",0
4,46.0,1,5,"The Secretary of State went on to say, ""We can at least sit down and see each other face to face.",0
4,46.0,1,6,"And then we can begin to lay out a map, a roadmap, of what we might be willing to work towards We need the DPRK to come to the table for talks.",0
4,46.0,1,7,"We're ready to talk any time they'd like to talk.""",0
4,46.0,1,8,"Tillerson's new position comes at a time when the media has been wildly speculating about a rift between the Secretary of State and President Trump, with many news outlets claiming the Secretary of State is about to see a pink slip.",0
4,46.0,1,9,"In his speech, Tillerson seemed to imply that President Trump also backs his position, saying, ""It's not realistic to say 'we're only going to talk if you come to the table ready to give up your program.'",0
4,46.0,1,10,They have too much invested in it.,0
4,46.0,1,11,"And the president is very realistic about that as well.""",0
4,46.0,1,12,"Despite the willingness to reach a diplomatic solution, the Secretary of State did not weaken the stance of the United States, insisting that North Korea must be willing to consider denuclearization.",0
4,46.0,1,13,"While emphasizing his desire for diplomatic relations, Tillerson also stressed the willingness of the current administration to seek military intervention if necessary, saying, ""As I've told people many times, I will continue our diplomatic efforts ",0
4,46.0,1,14,I'm confident that we're gonna be successful.,0
4,46.0,1,15,"But I'm also confident that Secretary Mattis will be successful if it ends up being his turn.""",0
4,46.0,1,16,Tillerson also emphasized his partnership with Secretary Mattis.,0
4,46.0,1,17,The change in position comes on the heels of Pyongyang's most successful missile test to date.,0
4,46.0,1,18,The Hwasong-15 missile that was launched November 29th is believed to put the entire continental United States within the range of the North Korea's nuclear weapons.,0
4,46.0,1,19,"If these estimates are true, the Hwasong-15 test serves as a major turning point in US/DPRK relations, as well as in the nuclear arena overall.",0
4,46.0,2,t,North Korea and U.S. are meeting for talks,0
4,46.0,2,0,The United States had previously held that they would not engage in talks with the Democratic People's Republic of Korea (DPRK) unless certain conditions were met.,0
4,46.0,2,1,"President Trump has held that North Korea must agree to denuclearization before talks could commence, reiterating this position in November's diplomatic visit to Asia.",0
4,46.0,2,2,"Until today, Secretary of State Rex Tillerson had echoed this stance.",1
4,46.0,2,3,"Today, Tillerson, surprised the world by changing the United States' stance on diplomatic talks with the isolationist dictatorship.",0
4,46.0,2,4,"Appearing before the Atlantic Council Korea Foundation Forum, Tillerson said, ""[W]e're ready to have the first meeting without precondition.""",0
4,46.0,2,5,"The Secretary of State went on to say, ""We can at least sit down and see each other face to face.",0
4,46.0,2,6,"And then we can begin to lay out a map, a roadmap, of what we might be willing to work towards We need the DPRK to come to the table for talks.",1
4,46.0,2,7,"We're ready to talk any time they'd like to talk.""",0
4,46.0,2,8,"Tillerson's new position comes at a time when the media has been wildly speculating about a rift between the Secretary of State and President Trump, with many news outlets claiming the Secretary of State is about to see a pink slip.",0
4,46.0,2,9,"In his speech, Tillerson seemed to imply that President Trump also backs his position, saying, ""It's not realistic to say 'we're only going to talk if you come to the table ready to give up your program.'",0
4,46.0,2,10,They have too much invested in it.,0
4,46.0,2,11,"And the president is very realistic about that as well.""",1
4,46.0,2,12,"Despite the willingness to reach a diplomatic solution, the Secretary of State did not weaken the stance of the United States, insisting that North Korea must be willing to consider denuclearization.",0
4,46.0,2,13,"While emphasizing his desire for diplomatic relations, Tillerson also stressed the willingness of the current administration to seek military intervention if necessary, saying, ""As I've told people many times, I will continue our diplomatic efforts ",0
4,46.0,2,14,I'm confident that we're gonna be successful.,1
4,46.0,2,15,"But I'm also confident that Secretary Mattis will be successful if it ends up being his turn.""",1
4,46.0,2,16,Tillerson also emphasized his partnership with Secretary Mattis.,0
4,46.0,2,17,The change in position comes on the heels of Pyongyang's most successful missile test to date.,0
4,46.0,2,18,The Hwasong-15 missile that was launched November 29th is believed to put the entire continental United States within the range of the North Korea's nuclear weapons.,0
4,46.0,2,19,"If these estimates are true, the Hwasong-15 test serves as a major turning point in US/DPRK relations, as well as in the nuclear arena overall.",0
4,46.0,2,t,North Korea and U.S. are meeting for talks,0
4,46.0,2,0,The United States had previously held that they would not engage in talks with the Democratic People's Republic of Korea (DPRK) unless certain conditions were met.,0
4,46.0,2,1,"President Trump has held that North Korea must agree to denuclearization before talks could commence, reiterating this position in November's diplomatic visit to Asia.",0
4,46.0,2,2,"Until today, Secretary of State Rex Tillerson had echoed this stance.",0
4,46.0,2,3,"Today, Tillerson, surprised the world by changing the United States' stance on diplomatic talks with the isolationist dictatorship.",0
4,46.0,2,4,"Appearing before the Atlantic Council Korea Foundation Forum, Tillerson said, ""[W]e're ready to have the first meeting without precondition.""",0
4,46.0,2,5,"The Secretary of State went on to say, ""We can at least sit down and see each other face to face.",0
4,46.0,2,6,"And then we can begin to lay out a map, a roadmap, of what we might be willing to work towards We need the DPRK to come to the table for talks.",0
4,46.0,2,7,"We're ready to talk any time they'd like to talk.""",0
4,46.0,2,8,"Tillerson's new position comes at a time when the media has been wildly speculating about a rift between the Secretary of State and President Trump, with many news outlets claiming the Secretary of State is about to see a pink slip.",0
4,46.0,2,9,"In his speech, Tillerson seemed to imply that President Trump also backs his position, saying, ""It's not realistic to say 'we're only going to talk if you come to the table ready to give up your program.'",0
4,46.0,2,10,They have too much invested in it.,1
4,46.0,2,11,"And the president is very realistic about that as well.""",0
4,46.0,2,12,"Despite the willingness to reach a diplomatic solution, the Secretary of State did not weaken the stance of the United States, insisting that North Korea must be willing to consider denuclearization.",0
4,46.0,2,13,"While emphasizing his desire for diplomatic relations, Tillerson also stressed the willingness of the current administration to seek military intervention if necessary, saying, ""As I've told people many times, I will continue our diplomatic efforts ",0
4,46.0,2,14,I'm confident that we're gonna be successful.,0
4,46.0,2,15,"But I'm also confident that Secretary Mattis will be successful if it ends up being his turn.""",1
4,46.0,2,16,Tillerson also emphasized his partnership with Secretary Mattis.,0
4,46.0,2,17,The change in position comes on the heels of Pyongyang's most successful missile test to date.,0
4,46.0,2,18,The Hwasong-15 missile that was launched November 29th is believed to put the entire continental United States within the range of the North Korea's nuclear weapons.,0
4,46.0,2,19,"If these estimates are true, the Hwasong-15 test serves as a major turning point in US/DPRK relations, as well as in the nuclear arena overall.",0
4,46.0,2,t,North Korea and U.S. are meeting for talks,0
4,46.0,2,0,The United States had previously held that they would not engage in talks with the Democratic People's Republic of Korea (DPRK) unless certain conditions were met.,0
4,46.0,2,1,"President Trump has held that North Korea must agree to denuclearization before talks could commence, reiterating this position in November's diplomatic visit to Asia.",0
4,46.0,2,2,"Until today, Secretary of State Rex Tillerson had echoed this stance.",0
4,46.0,2,3,"Today, Tillerson, surprised the world by changing the United States' stance on diplomatic talks with the isolationist dictatorship.",1
4,46.0,2,4,"Appearing before the Atlantic Council Korea Foundation Forum, Tillerson said, ""[W]e're ready to have the first meeting without precondition.""",0
4,46.0,2,5,"The Secretary of State went on to say, ""We can at least sit down and see each other face to face.",0
4,46.0,2,6,"And then we can begin to lay out a map, a roadmap, of what we might be willing to work towards We need the DPRK to come to the table for talks.",0
4,46.0,2,7,"We're ready to talk any time they'd like to talk.""",0
4,46.0,2,8,"Tillerson's new position comes at a time when the media has been wildly speculating about a rift between the Secretary of State and President Trump, with many news outlets claiming the Secretary of State is about to see a pink slip.",1
4,46.0,2,9,"In his speech, Tillerson seemed to imply that President Trump also backs his position, saying, ""It's not realistic to say 'we're only going to talk if you come to the table ready to give up your program.'",0
4,46.0,2,10,They have too much invested in it.,0
4,46.0,2,11,"And the president is very realistic about that as well.""",0
4,46.0,2,12,"Despite the willingness to reach a diplomatic solution, the Secretary of State did not weaken the stance of the United States, insisting that North Korea must be willing to consider denuclearization.",0
4,46.0,2,13,"While emphasizing his desire for diplomatic relations, Tillerson also stressed the willingness of the current administration to seek military intervention if necessary, saying, ""As I've told people many times, I will continue our diplomatic efforts ",0
4,46.0,2,14,I'm confident that we're gonna be successful.,0
4,46.0,2,15,"But I'm also confident that Secretary Mattis will be successful if it ends up being his turn.""",0
4,46.0,2,16,Tillerson also emphasized his partnership with Secretary Mattis.,0
4,46.0,2,17,The change in position comes on the heels of Pyongyang's most successful missile test to date.,0
4,46.0,2,18,The Hwasong-15 missile that was launched November 29th is believed to put the entire continental United States within the range of the North Korea's nuclear weapons.,1
4,46.0,2,19,"If these estimates are true, the Hwasong-15 test serves as a major turning point in US/DPRK relations, as well as in the nuclear arena overall.",1
