id_event,id_article,article_bias,id_sentence,sentence_text,bias_score
3,24.0,3,t,What President Trump doesn't get about the NFL,0
3,24.0,3,0,"At a political rally for Sen. Luther Strange (R-Ala.), President Trump called on NFL owners to fire players who kneel during the national anthem as a form of protest.",0
3,24.0,3,1,Editor's note: This video contains strong language.,1
3,24.0,3,2,(Reuters),1
3,24.0,3,3,"At a political rally for Sen. Luther Strange (R-Ala.), President Trump called on NFL owners to fire players who kneel during the national anthem as a form of protest.",1
3,24.0,3,4,Editor's note: This video contains strong language.,1
3,24.0,3,5,(Reuters),1
3,24.0,3,6,How the NFL responds to Donald Trump's spit-foaming is hardly a test case for whether the republic will stand.,0
3,24.0,3,7,"Nevertheless, the league is a maker of manners in this country, so it means something that Commissioner Roger Goodell and others are getting it right, striking the perfect calm but resistant tone in response to Trump's gutter-mouthing, a tone that sa",1
3,24.0,3,8,"The NFL, faced with whether to play to the basest instincts of the audience, declined.",1
3,24.0,3,9,It adhered to civility.,1
3,24.0,3,10,"The league is apparently unifying around the notion that, whatever side you may be on in the siege-controversy over NFL players kneeling during the anthem to protest racial injustice, whether you see it as a matter of patriotism, activism or some ta",1
3,24.0,3,11,[Trump turns sports into a political battleground with comments on NFL and Steph Curry],1
3,24.0,3,12,Who knows what Trump's real gripe is with the NFL.,1
3,24.0,3,13,Maybe he's still angry that owners denied him entry to their club years ago.,1
3,24.0,3,14,Or maybe Colin Kaepernick's mute but unrepentant protest really arouses his spittle.,1
3,24.0,3,15,"Or maybe he's just creating an ""Are you not entertained!""",0
3,24.0,3,16,"circus-maximus spectacle by bull-baiting a wealthy league that is easy to resent by cash-strapped, job-insecure fans.",1
3,24.0,3,17,"Regardless, Trump misreads what Americans love about the NFL.",1
3,24.0,3,18,"It's beloved not so much for its violence or crudity, but rather the skill that results in violence averted.",1
3,24.0,3,19,"It's a game, ultimately, of restraint.",1
3,24.0,3,t,What President Trump doesn't get about the NFL,1
3,24.0,3,0,"At a political rally for Sen. Luther Strange (R-Ala.), President Trump called on NFL owners to fire players who kneel during the national anthem as a form of protest.",1
3,24.0,3,1,Editor's note: This video contains strong language.,0
3,24.0,3,2,(Reuters),0
3,24.0,3,3,"At a political rally for Sen. Luther Strange (R-Ala.), President Trump called on NFL owners to fire players who kneel during the national anthem as a form of protest.",1
3,24.0,3,4,Editor's note: This video contains strong language.,0
3,24.0,3,5,(Reuters),0
3,24.0,3,6,How the NFL responds to Donald Trump's spit-foaming is hardly a test case for whether the republic will stand.,1
3,24.0,3,7,"Nevertheless, the league is a maker of manners in this country, so it means something that Commissioner Roger Goodell and others are getting it right, striking the perfect calm but resistant tone in response to Trump's gutter-mouthing, a tone that sa",1
3,24.0,3,8,"The NFL, faced with whether to play to the basest instincts of the audience, declined.",1
3,24.0,3,9,It adhered to civility.,0
3,24.0,3,10,"The league is apparently unifying around the notion that, whatever side you may be on in the siege-controversy over NFL players kneeling during the anthem to protest racial injustice, whether you see it as a matter of patriotism, activism or some ta",1
3,24.0,3,11,[Trump turns sports into a political battleground with comments on NFL and Steph Curry],1
3,24.0,3,12,Who knows what Trump's real gripe is with the NFL.,1
3,24.0,3,13,Maybe he's still angry that owners denied him entry to their club years ago.,0
3,24.0,3,14,Or maybe Colin Kaepernick's mute but unrepentant protest really arouses his spittle.,0
3,24.0,3,15,"Or maybe he's just creating an ""Are you not entertained!""",0
3,24.0,3,16,"circus-maximus spectacle by bull-baiting a wealthy league that is easy to resent by cash-strapped, job-insecure fans.",1
3,24.0,3,17,"Regardless, Trump misreads what Americans love about the NFL.",1
3,24.0,3,18,"It's beloved not so much for its violence or crudity, but rather the skill that results in violence averted.",0
3,24.0,3,19,"It's a game, ultimately, of restraint.",1
3,24.0,3,t,What President Trump doesn't get about the NFL,1
3,24.0,3,0,"At a political rally for Sen. Luther Strange (R-Ala.), President Trump called on NFL owners to fire players who kneel during the national anthem as a form of protest.",0
3,24.0,3,1,Editor's note: This video contains strong language.,0
3,24.0,3,2,(Reuters),0
3,24.0,3,3,"At a political rally for Sen. Luther Strange (R-Ala.), President Trump called on NFL owners to fire players who kneel during the national anthem as a form of protest.",0
3,24.0,3,4,Editor's note: This video contains strong language.,0
3,24.0,3,5,(Reuters),0
3,24.0,3,6,How the NFL responds to Donald Trump's spit-foaming is hardly a test case for whether the republic will stand.,1
3,24.0,3,7,"Nevertheless, the league is a maker of manners in this country, so it means something that Commissioner Roger Goodell and others are getting it right, striking the perfect calm but resistant tone in response to Trump's gutter-mouthing, a tone that sa",1
3,24.0,3,8,"The NFL, faced with whether to play to the basest instincts of the audience, declined.",0
3,24.0,3,9,It adhered to civility.,0
3,24.0,3,10,"The league is apparently unifying around the notion that, whatever side you may be on in the siege-controversy over NFL players kneeling during the anthem to protest racial injustice, whether you see it as a matter of patriotism, activism or some ta",1
3,24.0,3,11,[Trump turns sports into a political battleground with comments on NFL and Steph Curry],1
3,24.0,3,12,Who knows what Trump's real gripe is with the NFL.,1
3,24.0,3,13,Maybe he's still angry that owners denied him entry to their club years ago.,1
3,24.0,3,14,Or maybe Colin Kaepernick's mute but unrepentant protest really arouses his spittle.,1
3,24.0,3,15,"Or maybe he's just creating an ""Are you not entertained!""",0
3,24.0,3,16,"circus-maximus spectacle by bull-baiting a wealthy league that is easy to resent by cash-strapped, job-insecure fans.",1
3,24.0,3,17,"Regardless, Trump misreads what Americans love about the NFL.",1
3,24.0,3,18,"It's beloved not so much for its violence or crudity, but rather the skill that results in violence averted.",1
3,24.0,3,19,"It's a game, ultimately, of restraint.",1
3,24.0,3,t,What President Trump doesn't get about the NFL,0
3,24.0,3,0,"At a political rally for Sen. Luther Strange (R-Ala.), President Trump called on NFL owners to fire players who kneel during the national anthem as a form of protest.",0
3,24.0,3,1,Editor's note: This video contains strong language.,0
3,24.0,3,2,(Reuters),0
3,24.0,3,3,"At a political rally for Sen. Luther Strange (R-Ala.), President Trump called on NFL owners to fire players who kneel during the national anthem as a form of protest.",0
3,24.0,3,4,Editor's note: This video contains strong language.,0
3,24.0,3,5,(Reuters),0
3,24.0,3,6,How the NFL responds to Donald Trump's spit-foaming is hardly a test case for whether the republic will stand.,1
3,24.0,3,7,"Nevertheless, the league is a maker of manners in this country, so it means something that Commissioner Roger Goodell and others are getting it right, striking the perfect calm but resistant tone in response to Trump's gutter-mouthing, a tone that sa",1
3,24.0,3,8,"The NFL, faced with whether to play to the basest instincts of the audience, declined.",0
3,24.0,3,9,It adhered to civility.,0
3,24.0,3,10,"The league is apparently unifying around the notion that, whatever side you may be on in the siege-controversy over NFL players kneeling during the anthem to protest racial injustice, whether you see it as a matter of patriotism, activism or some ta",1
3,24.0,3,11,[Trump turns sports into a political battleground with comments on NFL and Steph Curry],1
3,24.0,3,12,Who knows what Trump's real gripe is with the NFL.,1
3,24.0,3,13,Maybe he's still angry that owners denied him entry to their club years ago.,1
3,24.0,3,14,Or maybe Colin Kaepernick's mute but unrepentant protest really arouses his spittle.,0
3,24.0,3,15,"Or maybe he's just creating an ""Are you not entertained!""",1
3,24.0,3,16,"circus-maximus spectacle by bull-baiting a wealthy league that is easy to resent by cash-strapped, job-insecure fans.",1
3,24.0,3,17,"Regardless, Trump misreads what Americans love about the NFL.",0
3,24.0,3,18,"It's beloved not so much for its violence or crudity, but rather the skill that results in violence averted.",0
3,24.0,3,19,"It's a game, ultimately, of restraint.",0
3,25.0,3,t,The President Demands Silence From Colin Kaepernick,1
3,25.0,3,0,"President Trump showed an awkward sense of timing in denouncing Colin Kaepernick, the former Super Bowl quarterback who last season began kneeling during the national anthem to protest police injustice against minorities.",1
3,25.0,3,1,He tweeted on Saturday:,1
3,25.0,3,2,"His demand for Mr. Kaepernick's silence came two days after The New York Times reported on another form of silence that comes with the privilege of dedicating your life, breaking your body and soul, to be in the N.F.L.",0
3,25.0,3,3,"Doctors, it said, had found a severe level of the degenerative brain disease chronic traumatic encephalopathy, or C.T.E., in Aaron Hernandez, the 27-year-old former New England Patriot who committed suicide in April while imprisoned on a murder sente",1
3,25.0,3,4,His brain showed the kind of damage usually seen in players in their 60s.,1
3,25.0,3,5,C.T.E.,1
3,25.0,3,6,'s toll on players' health - a recent survey found C.T.E.,1
3,25.0,3,7,in the brains of 110 of 111 former N.F.L.,1
3,25.0,3,8,players examined - was of no concern to Mr. Trump.,1
3,25.0,3,9,"At a political rally in Alabama on Friday, the president complained about referees penalizing teams for excessive violence.",1
3,25.0,3,10,"Demonstrating with his fists colliding, he referred to a ""beautiful tackle"" that earned a 15-yard penalty.",1
3,25.0,3,11,"""They're ruining the game,"" he said.",1
3,25.0,3,12,"He dismissed a fear that has led thousands of parents to keep their children from playing football, as casually as he disregarded the fears of Mr. Kaepernick for the safety and dignity of young black and Hispanic men off the field.",0
3,25.0,3,13,"""Wouldn't you love to see one of these N.F.L.",1
3,25.0,3,14,"owners, when somebody disrespects our flag, to say, 'Get that son of a bitch off the field right now, out, he's fired,' "" he said at Friday's rally.",1
3,25.0,3,15,Mr. Kaepernick has essentially gotten that message already from the Trump-loving owners of N.F.L.,1
3,25.0,3,16,"teams, none of whom have even offered him a backup position despite a striking level of mediocrity among even many starting quarterbacks.",1
3,25.0,3,17,But the president was not just speaking to Mr. Kaepernick.,1
3,25.0,3,18,His message was to anyone who would protest racial injustice or inequity.,1
3,25.0,3,19,Shut up.,1
3,25.0,3,t,The President Demands Silence From Colin Kaepernick,1
3,25.0,3,0,"President Trump showed an awkward sense of timing in denouncing Colin Kaepernick, the former Super Bowl quarterback who last season began kneeling during the national anthem to protest police injustice against minorities.",1
3,25.0,3,1,He tweeted on Saturday:,0
3,25.0,3,2,"His demand for Mr. Kaepernick's silence came two days after The New York Times reported on another form of silence that comes with the privilege of dedicating your life, breaking your body and soul, to be in the N.F.L.",1
3,25.0,3,3,"Doctors, it said, had found a severe level of the degenerative brain disease chronic traumatic encephalopathy, or C.T.E., in Aaron Hernandez, the 27-year-old former New England Patriot who committed suicide in April while imprisoned on a murder sente",0
3,25.0,3,4,His brain showed the kind of damage usually seen in players in their 60s.,0
3,25.0,3,5,C.T.E.,0
3,25.0,3,6,'s toll on players' health - a recent survey found C.T.E.,0
3,25.0,3,7,in the brains of 110 of 111 former N.F.L.,0
3,25.0,3,8,players examined - was of no concern to Mr. Trump.,1
3,25.0,3,9,"At a political rally in Alabama on Friday, the president complained about referees penalizing teams for excessive violence.",1
3,25.0,3,10,"Demonstrating with his fists colliding, he referred to a ""beautiful tackle"" that earned a 15-yard penalty.",1
3,25.0,3,11,"""They're ruining the game,"" he said.",1
3,25.0,3,12,"He dismissed a fear that has led thousands of parents to keep their children from playing football, as casually as he disregarded the fears of Mr. Kaepernick for the safety and dignity of young black and Hispanic men off the field.",1
3,25.0,3,13,"""Wouldn't you love to see one of these N.F.L.",1
3,25.0,3,14,"owners, when somebody disrespects our flag, to say, 'Get that son of a bitch off the field right now, out, he's fired,' "" he said at Friday's rally.",0
3,25.0,3,15,Mr. Kaepernick has essentially gotten that message already from the Trump-loving owners of N.F.L.,1
3,25.0,3,16,"teams, none of whom have even offered him a backup position despite a striking level of mediocrity among even many starting quarterbacks.",0
3,25.0,3,17,But the president was not just speaking to Mr. Kaepernick.,1
3,25.0,3,18,His message was to anyone who would protest racial injustice or inequity.,1
3,25.0,3,19,Shut up.,1
3,25.0,2,t,The President Demands Silence From Colin Kaepernick,0
3,25.0,2,0,"President Trump showed an awkward sense of timing in denouncing Colin Kaepernick, the former Super Bowl quarterback who last season began kneeling during the national anthem to protest police injustice against minorities.",1
3,25.0,2,1,He tweeted on Saturday:,0
3,25.0,2,2,"His demand for Mr. Kaepernick's silence came two days after The New York Times reported on another form of silence that comes with the privilege of dedicating your life, breaking your body and soul, to be in the N.F.L.",0
3,25.0,2,3,"Doctors, it said, had found a severe level of the degenerative brain disease chronic traumatic encephalopathy, or C.T.E., in Aaron Hernandez, the 27-year-old former New England Patriot who committed suicide in April while imprisoned on a murder sente",0
3,25.0,2,4,His brain showed the kind of damage usually seen in players in their 60s.,0
3,25.0,2,5,C.T.E.,0
3,25.0,2,6,'s toll on players' health - a recent survey found C.T.E.,0
3,25.0,2,7,in the brains of 110 of 111 former N.F.L.,0
3,25.0,2,8,players examined - was of no concern to Mr. Trump.,1
3,25.0,2,9,"At a political rally in Alabama on Friday, the president complained about referees penalizing teams for excessive violence.",0
3,25.0,2,10,"Demonstrating with his fists colliding, he referred to a ""beautiful tackle"" that earned a 15-yard penalty.",1
3,25.0,2,11,"""They're ruining the game,"" he said.",0
3,25.0,2,12,"He dismissed a fear that has led thousands of parents to keep their children from playing football, as casually as he disregarded the fears of Mr. Kaepernick for the safety and dignity of young black and Hispanic men off the field.",1
3,25.0,2,13,"""Wouldn't you love to see one of these N.F.L.",0
3,25.0,2,14,"owners, when somebody disrespects our flag, to say, 'Get that son of a bitch off the field right now, out, he's fired,' "" he said at Friday's rally.",0
3,25.0,2,15,Mr. Kaepernick has essentially gotten that message already from the Trump-loving owners of N.F.L.,0
3,25.0,2,16,"teams, none of whom have even offered him a backup position despite a striking level of mediocrity among even many starting quarterbacks.",0
3,25.0,2,17,But the president was not just speaking to Mr. Kaepernick.,0
3,25.0,2,18,His message was to anyone who would protest racial injustice or inequity.,1
3,25.0,2,19,Shut up.,1
3,25.0,3,t,The President Demands Silence From Colin Kaepernick,0
3,25.0,3,0,"President Trump showed an awkward sense of timing in denouncing Colin Kaepernick, the former Super Bowl quarterback who last season began kneeling during the national anthem to protest police injustice against minorities.",0
3,25.0,3,1,He tweeted on Saturday:,0
3,25.0,3,2,"His demand for Mr. Kaepernick's silence came two days after The New York Times reported on another form of silence that comes with the privilege of dedicating your life, breaking your body and soul, to be in the N.F.L.",0
3,25.0,3,3,"Doctors, it said, had found a severe level of the degenerative brain disease chronic traumatic encephalopathy, or C.T.E., in Aaron Hernandez, the 27-year-old former New England Patriot who committed suicide in April while imprisoned on a murder sente",1
3,25.0,3,4,His brain showed the kind of damage usually seen in players in their 60s.,0
3,25.0,3,5,C.T.E.,0
3,25.0,3,6,'s toll on players' health - a recent survey found C.T.E.,0
3,25.0,3,7,in the brains of 110 of 111 former N.F.L.,0
3,25.0,3,8,players examined - was of no concern to Mr. Trump.,1
3,25.0,3,9,"At a political rally in Alabama on Friday, the president complained about referees penalizing teams for excessive violence.",1
3,25.0,3,10,"Demonstrating with his fists colliding, he referred to a ""beautiful tackle"" that earned a 15-yard penalty.",1
3,25.0,3,11,"""They're ruining the game,"" he said.",1
3,25.0,3,12,"He dismissed a fear that has led thousands of parents to keep their children from playing football, as casually as he disregarded the fears of Mr. Kaepernick for the safety and dignity of young black and Hispanic men off the field.",0
3,25.0,3,13,"""Wouldn't you love to see one of these N.F.L.",1
3,25.0,3,14,"owners, when somebody disrespects our flag, to say, 'Get that son of a bitch off the field right now, out, he's fired,' "" he said at Friday's rally.",1
3,25.0,3,15,Mr. Kaepernick has essentially gotten that message already from the Trump-loving owners of N.F.L.,1
3,25.0,3,16,"teams, none of whom have even offered him a backup position despite a striking level of mediocrity among even many starting quarterbacks.",0
3,25.0,3,17,But the president was not just speaking to Mr. Kaepernick.,0
3,25.0,3,18,His message was to anyone who would protest racial injustice or inequity.,1
3,25.0,3,19,Shut up.,0
3,26.0,1,t,"Trump: 'Standing with locked arms is good, kneeling is not acceptable'",0
3,26.0,1,0,"President Trump has responded to players from multiple NFL teams kneeling or locking arms on Sunday, tweeting that taking a knee is not acceptable, and suggested the act of protest will lead to bad ratings for the league?셲 games.",0
3,26.0,1,1,"Meanwhile, while one Pittsburgh team did not come out of the locker room for the anthem on Sunday, another has accepted the president's invitation to join him at the White House.",0
3,26.0,1,2,"Trump tweeted that the Stanley Cup Champion Pittsburgh Penguins will be joining him at the White House, but did not provide a date.",0
3,26.0,1,3,"""Great team!""",0
3,26.0,1,4,he added.,0
3,26.0,1,5,The Pittsburgh Steelers on Sunday chose not to participate in the national anthem ceremony at all at Soldier Field in Chicago for their noon game against the Chicago Bears.,0
3,26.0,1,6,"Elsewhere, owners from the Atlanta Falcons, Detroit Lions, New York Jets, Miami Dolphins, Philadelphia Eagles and Jacksonville Jaguars have now joined players on the field in solidarity.",0
3,26.0,1,7,"One owner, Robert Kraft of the New England Patriots, criticized Trump, who he has previously called a very good friend, saying he is ""deeply disappointed"" in the president?셲 comments condemning NFL players who kneel in protest during the national ant",0
3,26.0,1,8,"""There is no greater unifier in this country than sports, and unfortunately, nothing more divisive than politics,"" Kraft said in a statement tweeted by the Patriots",0
3,26.0,1,9,"""I think our political leaders could learn a lot from the lessons of teamwork and the importance of working together toward a common goal,"" the statement said.",0
3,26.0,1,10,"""Our players are intelligent, thoughtful, and care deeply about our community and I support their right to peacefully affect social change and raise awareness in a manner that they feel is impactful.""",0
3,26.0,1,11,"The public disagreement comes only months after the Patriots made a formal visit to the White House in April during which Kraft called Trump a ""very good friend.""",0
3,26.0,1,12,"Kraft's comments came shortly after Trump early on Sunday morning turned his attention to NFL fans in his feud with the league over players who kneel in protest during the national anthem, saying many people ""stay away"" from the games ""because they ",0
3,26.0,1,13,"The president also suggested that if fans refuse to go to games due to the protests, ""you will see change fast.""",0
3,26.0,1,14,Trump's tweets Sunday came just a couple of hours before a series of NFL games scheduled for the day begin.,0
3,26.0,1,15,"Earlier, on Saturday night, the president slammed NFL Commissioner Roger Goodell for speaking out against Trump's condemnation of kneeling players and statement that team owners should fire those players.",0
3,26.0,1,16,"Goodell is ""trying to justify the total disrespect certain players show to our country,"" Trump tweeted",0
3,26.0,1,17,"""Divisive comments like these demonstrate an unfortunate lack of respect for the NFL, our great game and all of our players, and a failure to understand the overwhelming force for good our clubs and players represent in our communities.""",0
3,26.0,1,18,NFL players across the league and their union -- and even some team officials -- were more direct in their response to Trump's criticism Friday night of the handful of NFL players who have kneeled or sat on the bench during the national anthem perfo,0
3,26.0,1,19,The practice was most famously done by former San Francisco 49ers quarterback Colin Kaepernick.,0
3,26.0,2,t,"Trump: 'Standing with locked arms is good, kneeling is not acceptable'",0
3,26.0,2,0,"President Trump has responded to players from multiple NFL teams kneeling or locking arms on Sunday, tweeting that taking a knee is not acceptable, and suggested the act of protest will lead to bad ratings for the league?셲 games.",0
3,26.0,2,1,"Meanwhile, while one Pittsburgh team did not come out of the locker room for the anthem on Sunday, another has accepted the president's invitation to join him at the White House.",0
3,26.0,2,2,"Trump tweeted that the Stanley Cup Champion Pittsburgh Penguins will be joining him at the White House, but did not provide a date.",0
3,26.0,2,3,"""Great team!""",0
3,26.0,2,4,he added.,0
3,26.0,2,5,The Pittsburgh Steelers on Sunday chose not to participate in the national anthem ceremony at all at Soldier Field in Chicago for their noon game against the Chicago Bears.,0
3,26.0,2,6,"Elsewhere, owners from the Atlanta Falcons, Detroit Lions, New York Jets, Miami Dolphins, Philadelphia Eagles and Jacksonville Jaguars have now joined players on the field in solidarity.",0
3,26.0,2,7,"One owner, Robert Kraft of the New England Patriots, criticized Trump, who he has previously called a very good friend, saying he is ""deeply disappointed"" in the president?셲 comments condemning NFL players who kneel in protest during the national ant",0
3,26.0,2,8,"""There is no greater unifier in this country than sports, and unfortunately, nothing more divisive than politics,"" Kraft said in a statement tweeted by the Patriots",0
3,26.0,2,9,"""I think our political leaders could learn a lot from the lessons of teamwork and the importance of working together toward a common goal,"" the statement said.",0
3,26.0,2,10,"""Our players are intelligent, thoughtful, and care deeply about our community and I support their right to peacefully affect social change and raise awareness in a manner that they feel is impactful.""",0
3,26.0,2,11,"The public disagreement comes only months after the Patriots made a formal visit to the White House in April during which Kraft called Trump a ""very good friend.""",0
3,26.0,2,12,"Kraft's comments came shortly after Trump early on Sunday morning turned his attention to NFL fans in his feud with the league over players who kneel in protest during the national anthem, saying many people ""stay away"" from the games ""because they ",0
3,26.0,2,13,"The president also suggested that if fans refuse to go to games due to the protests, ""you will see change fast.""",0
3,26.0,2,14,Trump's tweets Sunday came just a couple of hours before a series of NFL games scheduled for the day begin.,0
3,26.0,2,15,"Earlier, on Saturday night, the president slammed NFL Commissioner Roger Goodell for speaking out against Trump's condemnation of kneeling players and statement that team owners should fire those players.",0
3,26.0,2,16,"Goodell is ""trying to justify the total disrespect certain players show to our country,"" Trump tweeted",0
3,26.0,2,17,"""Divisive comments like these demonstrate an unfortunate lack of respect for the NFL, our great game and all of our players, and a failure to understand the overwhelming force for good our clubs and players represent in our communities.""",0
3,26.0,2,18,NFL players across the league and their union -- and even some team officials -- were more direct in their response to Trump's criticism Friday night of the handful of NFL players who have kneeled or sat on the bench during the national anthem perfo,0
3,26.0,2,19,The practice was most famously done by former San Francisco 49ers quarterback Colin Kaepernick.,0
3,26.0,2,t,"Trump: 'Standing with locked arms is good, kneeling is not acceptable'",0
3,26.0,2,0,"President Trump has responded to players from multiple NFL teams kneeling or locking arms on Sunday, tweeting that taking a knee is not acceptable, and suggested the act of protest will lead to bad ratings for the league?셲 games.",0
3,26.0,2,1,"Meanwhile, while one Pittsburgh team did not come out of the locker room for the anthem on Sunday, another has accepted the president's invitation to join him at the White House.",0
3,26.0,2,2,"Trump tweeted that the Stanley Cup Champion Pittsburgh Penguins will be joining him at the White House, but did not provide a date.",0
3,26.0,2,3,"""Great team!""",0
3,26.0,2,4,he added.,0
3,26.0,2,5,The Pittsburgh Steelers on Sunday chose not to participate in the national anthem ceremony at all at Soldier Field in Chicago for their noon game against the Chicago Bears.,0
3,26.0,2,6,"Elsewhere, owners from the Atlanta Falcons, Detroit Lions, New York Jets, Miami Dolphins, Philadelphia Eagles and Jacksonville Jaguars have now joined players on the field in solidarity.",0
3,26.0,2,7,"One owner, Robert Kraft of the New England Patriots, criticized Trump, who he has previously called a very good friend, saying he is ""deeply disappointed"" in the president?셲 comments condemning NFL players who kneel in protest during the national ant",0
3,26.0,2,8,"""There is no greater unifier in this country than sports, and unfortunately, nothing more divisive than politics,"" Kraft said in a statement tweeted by the Patriots",0
3,26.0,2,9,"""I think our political leaders could learn a lot from the lessons of teamwork and the importance of working together toward a common goal,"" the statement said.",0
3,26.0,2,10,"""Our players are intelligent, thoughtful, and care deeply about our community and I support their right to peacefully affect social change and raise awareness in a manner that they feel is impactful.""",0
3,26.0,2,11,"The public disagreement comes only months after the Patriots made a formal visit to the White House in April during which Kraft called Trump a ""very good friend.""",0
3,26.0,2,12,"Kraft's comments came shortly after Trump early on Sunday morning turned his attention to NFL fans in his feud with the league over players who kneel in protest during the national anthem, saying many people ""stay away"" from the games ""because they ",0
3,26.0,2,13,"The president also suggested that if fans refuse to go to games due to the protests, ""you will see change fast.""",0
3,26.0,2,14,Trump's tweets Sunday came just a couple of hours before a series of NFL games scheduled for the day begin.,0
3,26.0,2,15,"Earlier, on Saturday night, the president slammed NFL Commissioner Roger Goodell for speaking out against Trump's condemnation of kneeling players and statement that team owners should fire those players.",1
3,26.0,2,16,"Goodell is ""trying to justify the total disrespect certain players show to our country,"" Trump tweeted",0
3,26.0,2,17,"""Divisive comments like these demonstrate an unfortunate lack of respect for the NFL, our great game and all of our players, and a failure to understand the overwhelming force for good our clubs and players represent in our communities.""",0
3,26.0,2,18,NFL players across the league and their union -- and even some team officials -- were more direct in their response to Trump's criticism Friday night of the handful of NFL players who have kneeled or sat on the bench during the national anthem perfo,1
3,26.0,2,19,The practice was most famously done by former San Francisco 49ers quarterback Colin Kaepernick.,0
3,26.0,2,t,"Trump: 'Standing with locked arms is good, kneeling is not acceptable'",0
3,26.0,2,0,"President Trump has responded to players from multiple NFL teams kneeling or locking arms on Sunday, tweeting that taking a knee is not acceptable, and suggested the act of protest will lead to bad ratings for the league?셲 games.",1
3,26.0,2,1,"Meanwhile, while one Pittsburgh team did not come out of the locker room for the anthem on Sunday, another has accepted the president's invitation to join him at the White House.",0
3,26.0,2,2,"Trump tweeted that the Stanley Cup Champion Pittsburgh Penguins will be joining him at the White House, but did not provide a date.",0
3,26.0,2,3,"""Great team!""",0
3,26.0,2,4,he added.,1
3,26.0,2,5,The Pittsburgh Steelers on Sunday chose not to participate in the national anthem ceremony at all at Soldier Field in Chicago for their noon game against the Chicago Bears.,0
3,26.0,2,6,"Elsewhere, owners from the Atlanta Falcons, Detroit Lions, New York Jets, Miami Dolphins, Philadelphia Eagles and Jacksonville Jaguars have now joined players on the field in solidarity.",0
3,26.0,2,7,"One owner, Robert Kraft of the New England Patriots, criticized Trump, who he has previously called a very good friend, saying he is ""deeply disappointed"" in the president?셲 comments condemning NFL players who kneel in protest during the national ant",0
3,26.0,2,8,"""There is no greater unifier in this country than sports, and unfortunately, nothing more divisive than politics,"" Kraft said in a statement tweeted by the Patriots",1
3,26.0,2,9,"""I think our political leaders could learn a lot from the lessons of teamwork and the importance of working together toward a common goal,"" the statement said.",0
3,26.0,2,10,"""Our players are intelligent, thoughtful, and care deeply about our community and I support their right to peacefully affect social change and raise awareness in a manner that they feel is impactful.""",1
3,26.0,2,11,"The public disagreement comes only months after the Patriots made a formal visit to the White House in April during which Kraft called Trump a ""very good friend.""",0
3,26.0,2,12,"Kraft's comments came shortly after Trump early on Sunday morning turned his attention to NFL fans in his feud with the league over players who kneel in protest during the national anthem, saying many people ""stay away"" from the games ""because they ",1
3,26.0,2,13,"The president also suggested that if fans refuse to go to games due to the protests, ""you will see change fast.""",0
3,26.0,2,14,Trump's tweets Sunday came just a couple of hours before a series of NFL games scheduled for the day begin.,1
3,26.0,2,15,"Earlier, on Saturday night, the president slammed NFL Commissioner Roger Goodell for speaking out against Trump's condemnation of kneeling players and statement that team owners should fire those players.",0
3,26.0,2,16,"Goodell is ""trying to justify the total disrespect certain players show to our country,"" Trump tweeted",1
3,26.0,2,17,"""Divisive comments like these demonstrate an unfortunate lack of respect for the NFL, our great game and all of our players, and a failure to understand the overwhelming force for good our clubs and players represent in our communities.""",1
3,26.0,2,18,NFL players across the league and their union -- and even some team officials -- were more direct in their response to Trump's criticism Friday night of the handful of NFL players who have kneeled or sat on the bench during the national anthem perfo,0
3,26.0,2,19,The practice was most famously done by former San Francisco 49ers quarterback Colin Kaepernick.,1
3,26.0,2,t,"Trump: 'Standing with locked arms is good, kneeling is not acceptable'",0
3,26.0,2,0,"President Trump has responded to players from multiple NFL teams kneeling or locking arms on Sunday, tweeting that taking a knee is not acceptable, and suggested the act of protest will lead to bad ratings for the league?셲 games.",0
3,26.0,2,1,"Meanwhile, while one Pittsburgh team did not come out of the locker room for the anthem on Sunday, another has accepted the president's invitation to join him at the White House.",0
3,26.0,2,2,"Trump tweeted that the Stanley Cup Champion Pittsburgh Penguins will be joining him at the White House, but did not provide a date.",1
3,26.0,2,3,"""Great team!""",1
3,26.0,2,4,he added.,0
3,26.0,2,5,The Pittsburgh Steelers on Sunday chose not to participate in the national anthem ceremony at all at Soldier Field in Chicago for their noon game against the Chicago Bears.,1
3,26.0,2,6,"Elsewhere, owners from the Atlanta Falcons, Detroit Lions, New York Jets, Miami Dolphins, Philadelphia Eagles and Jacksonville Jaguars have now joined players on the field in solidarity.",1
3,26.0,2,7,"One owner, Robert Kraft of the New England Patriots, criticized Trump, who he has previously called a very good friend, saying he is ""deeply disappointed"" in the president?셲 comments condemning NFL players who kneel in protest during the national ant",0
3,26.0,2,8,"""There is no greater unifier in this country than sports, and unfortunately, nothing more divisive than politics,"" Kraft said in a statement tweeted by the Patriots",0
3,26.0,2,9,"""I think our political leaders could learn a lot from the lessons of teamwork and the importance of working together toward a common goal,"" the statement said.",0
3,26.0,2,10,"""Our players are intelligent, thoughtful, and care deeply about our community and I support their right to peacefully affect social change and raise awareness in a manner that they feel is impactful.""",1
3,26.0,2,11,"The public disagreement comes only months after the Patriots made a formal visit to the White House in April during which Kraft called Trump a ""very good friend.""",1
3,26.0,2,12,"Kraft's comments came shortly after Trump early on Sunday morning turned his attention to NFL fans in his feud with the league over players who kneel in protest during the national anthem, saying many people ""stay away"" from the games ""because they ",0
3,26.0,2,13,"The president also suggested that if fans refuse to go to games due to the protests, ""you will see change fast.""",0
3,26.0,2,14,Trump's tweets Sunday came just a couple of hours before a series of NFL games scheduled for the day begin.,0
3,26.0,2,15,"Earlier, on Saturday night, the president slammed NFL Commissioner Roger Goodell for speaking out against Trump's condemnation of kneeling players and statement that team owners should fire those players.",1
3,26.0,2,16,"Goodell is ""trying to justify the total disrespect certain players show to our country,"" Trump tweeted",0
3,26.0,2,17,"""Divisive comments like these demonstrate an unfortunate lack of respect for the NFL, our great game and all of our players, and a failure to understand the overwhelming force for good our clubs and players represent in our communities.""",1
3,26.0,2,18,NFL players across the league and their union -- and even some team officials -- were more direct in their response to Trump's criticism Friday night of the handful of NFL players who have kneeled or sat on the bench during the national anthem perfo,0
3,26.0,2,19,The practice was most famously done by former San Francisco 49ers quarterback Colin Kaepernick.,0
3,27.0,3,t,Trump's Attack On Black Athletes May Bring a League to Its Feet,0
3,27.0,3,0,"If any doubts remain about the veracity of ESPN anchor Jemele Hill's assessment of Donald Trump, the president spent Friday night and much of Saturday morning lashing out at black athletes-because said attacks play straight to his white nationalist b",0
3,27.0,3,1,"On Friday, while stumping in Alabama for GOP senate candidate Luther Strange, Trump diverted from his prepared remarks, as is his wont.",0
3,27.0,3,2,"After a lengthy pause, Trump stared grimly into the distance, and then unleashed a winding, unhinged spiel about NFL players who kneeled during the National Anthem.",0
3,27.0,3,3,"He asked the assembled crowd, ""Wouldn't you love to see one of these NFL owners, when somebody disrespects our flag, to say, 'get that son of a bitch off the field right now.",1
3,27.0,3,4,"He's fired.'""",0
3,27.0,3,5,The audience cheered.,0
3,27.0,3,6,"Trump didn't stop there, waxing nostalgic about the NFL of yore, when men-real men-could inflict permanent damage on one another without worrying about those pesky concussive and subconcussive blows to the head and long-term cognitive diseases, sound",1
3,27.0,3,7,"""They're ruining the game!""",0
3,27.0,3,8,he whinged.,1
3,27.0,3,9,"Trump added that ratings had dropped, partly because fans preferred to watch him, and encouraging anyone who witnesses the free expression of political thought should flee to a preferred safe space and boycott the NFL altogether.",1
3,27.0,3,10,"""I guarantee things will stop,"" he said.",1
3,27.0,3,11,"""Just pick up and leave.",0
3,27.0,3,12,Pick up and leave.,0
3,27.0,3,13,"Not the same game anymore, anyway.""",1
3,27.0,3,14,Trump's anti-NFL comments in Huntsville were just the beginning.,0
3,27.0,3,15,"On Saturday morning, shortly following a Fox & Friends segment on the Golden State Warriors' star, Stephen Curry.",1
3,27.0,3,16,"Specifically, Trump did not fancy Curry's announcement that he had no desire to be feted by the White House, and so Trump tweeted that he never wanted Curry and the rest of those mean ol' world champion Golden State Warriors to come to his party any",1
3,27.0,3,17,"Granted, as LeBron James helpfully pointed out, Curry wasn't ""hesitating.""",0
3,27.0,3,18,He said outright that he had no intention of serving as Trump's grinning prop.,1
3,27.0,3,19,"Also, the insult ""bum"" has been dragged back into the lexicon, which is nice, given that it will probably irk Trump as much as any other (accurate) label.",1
3,27.0,3,t,Trump's Attack On Black Athletes May Bring a League to Its Feet,1
3,27.0,3,0,"If any doubts remain about the veracity of ESPN anchor Jemele Hill's assessment of Donald Trump, the president spent Friday night and much of Saturday morning lashing out at black athletes-because said attacks play straight to his white nationalist b",1
3,27.0,3,1,"On Friday, while stumping in Alabama for GOP senate candidate Luther Strange, Trump diverted from his prepared remarks, as is his wont.",1
3,27.0,3,2,"After a lengthy pause, Trump stared grimly into the distance, and then unleashed a winding, unhinged spiel about NFL players who kneeled during the National Anthem.",1
3,27.0,3,3,"He asked the assembled crowd, ""Wouldn't you love to see one of these NFL owners, when somebody disrespects our flag, to say, 'get that son of a bitch off the field right now.",1
3,27.0,3,4,"He's fired.'""",1
3,27.0,3,5,The audience cheered.,0
3,27.0,3,6,"Trump didn't stop there, waxing nostalgic about the NFL of yore, when men-real men-could inflict permanent damage on one another without worrying about those pesky concussive and subconcussive blows to the head and long-term cognitive diseases, sound",0
3,27.0,3,7,"""They're ruining the game!""",0
3,27.0,3,8,he whinged.,0
3,27.0,3,9,"Trump added that ratings had dropped, partly because fans preferred to watch him, and encouraging anyone who witnesses the free expression of political thought should flee to a preferred safe space and boycott the NFL altogether.",0
3,27.0,3,10,"""I guarantee things will stop,"" he said.",0
3,27.0,3,11,"""Just pick up and leave.",0
3,27.0,3,12,Pick up and leave.,0
3,27.0,3,13,"Not the same game anymore, anyway.""",0
3,27.0,3,14,Trump's anti-NFL comments in Huntsville were just the beginning.,0
3,27.0,3,15,"On Saturday morning, shortly following a Fox & Friends segment on the Golden State Warriors' star, Stephen Curry.",0
3,27.0,3,16,"Specifically, Trump did not fancy Curry's announcement that he had no desire to be feted by the White House, and so Trump tweeted that he never wanted Curry and the rest of those mean ol' world champion Golden State Warriors to come to his party any",0
3,27.0,3,17,"Granted, as LeBron James helpfully pointed out, Curry wasn't ""hesitating.""",0
3,27.0,3,18,He said outright that he had no intention of serving as Trump's grinning prop.,0
3,27.0,3,19,"Also, the insult ""bum"" has been dragged back into the lexicon, which is nice, given that it will probably irk Trump as much as any other (accurate) label.",1
3,27.0,4,t,Trump's Attack On Black Athletes May Bring a League to Its Feet,1
3,27.0,4,0,"If any doubts remain about the veracity of ESPN anchor Jemele Hill's assessment of Donald Trump, the president spent Friday night and much of Saturday morning lashing out at black athletes-because said attacks play straight to his white nationalist b",1
3,27.0,4,1,"On Friday, while stumping in Alabama for GOP senate candidate Luther Strange, Trump diverted from his prepared remarks, as is his wont.",0
3,27.0,4,2,"After a lengthy pause, Trump stared grimly into the distance, and then unleashed a winding, unhinged spiel about NFL players who kneeled during the National Anthem.",0
3,27.0,4,3,"He asked the assembled crowd, ""Wouldn't you love to see one of these NFL owners, when somebody disrespects our flag, to say, 'get that son of a bitch off the field right now.",0
3,27.0,4,4,"He's fired.'""",0
3,27.0,4,5,The audience cheered.,0
3,27.0,4,6,"Trump didn't stop there, waxing nostalgic about the NFL of yore, when men-real men-could inflict permanent damage on one another without worrying about those pesky concussive and subconcussive blows to the head and long-term cognitive diseases, sound",1
3,27.0,4,7,"""They're ruining the game!""",0
3,27.0,4,8,he whinged.,0
3,27.0,4,9,"Trump added that ratings had dropped, partly because fans preferred to watch him, and encouraging anyone who witnesses the free expression of political thought should flee to a preferred safe space and boycott the NFL altogether.",1
3,27.0,4,10,"""I guarantee things will stop,"" he said.",0
3,27.0,4,11,"""Just pick up and leave.",0
3,27.0,4,12,Pick up and leave.,0
3,27.0,4,13,"Not the same game anymore, anyway.""",0
3,27.0,4,14,Trump's anti-NFL comments in Huntsville were just the beginning.,1
3,27.0,4,15,"On Saturday morning, shortly following a Fox & Friends segment on the Golden State Warriors' star, Stephen Curry.",0
3,27.0,4,16,"Specifically, Trump did not fancy Curry's announcement that he had no desire to be feted by the White House, and so Trump tweeted that he never wanted Curry and the rest of those mean ol' world champion Golden State Warriors to come to his party any",0
3,27.0,4,17,"Granted, as LeBron James helpfully pointed out, Curry wasn't ""hesitating.""",0
3,27.0,4,18,He said outright that he had no intention of serving as Trump's grinning prop.,0
3,27.0,4,19,"Also, the insult ""bum"" has been dragged back into the lexicon, which is nice, given that it will probably irk Trump as much as any other (accurate) label.",1
3,27.0,2,t,Trump's Attack On Black Athletes May Bring a League to Its Feet,0
3,27.0,2,0,"If any doubts remain about the veracity of ESPN anchor Jemele Hill's assessment of Donald Trump, the president spent Friday night and much of Saturday morning lashing out at black athletes-because said attacks play straight to his white nationalist b",1
3,27.0,2,1,"On Friday, while stumping in Alabama for GOP senate candidate Luther Strange, Trump diverted from his prepared remarks, as is his wont.",0
3,27.0,2,2,"After a lengthy pause, Trump stared grimly into the distance, and then unleashed a winding, unhinged spiel about NFL players who kneeled during the National Anthem.",0
3,27.0,2,3,"He asked the assembled crowd, ""Wouldn't you love to see one of these NFL owners, when somebody disrespects our flag, to say, 'get that son of a bitch off the field right now.",0
3,27.0,2,4,"He's fired.'""",0
3,27.0,2,5,The audience cheered.,0
3,27.0,2,6,"Trump didn't stop there, waxing nostalgic about the NFL of yore, when men-real men-could inflict permanent damage on one another without worrying about those pesky concussive and subconcussive blows to the head and long-term cognitive diseases, sound",1
3,27.0,2,7,"""They're ruining the game!""",0
3,27.0,2,8,he whinged.,1
3,27.0,2,9,"Trump added that ratings had dropped, partly because fans preferred to watch him, and encouraging anyone who witnesses the free expression of political thought should flee to a preferred safe space and boycott the NFL altogether.",0
3,27.0,2,10,"""I guarantee things will stop,"" he said.",0
3,27.0,2,11,"""Just pick up and leave.",0
3,27.0,2,12,Pick up and leave.,0
3,27.0,2,13,"Not the same game anymore, anyway.""",0
3,27.0,2,14,Trump's anti-NFL comments in Huntsville were just the beginning.,1
3,27.0,2,15,"On Saturday morning, shortly following a Fox & Friends segment on the Golden State Warriors' star, Stephen Curry.",0
3,27.0,2,16,"Specifically, Trump did not fancy Curry's announcement that he had no desire to be feted by the White House, and so Trump tweeted that he never wanted Curry and the rest of those mean ol' world champion Golden State Warriors to come to his party any",0
3,27.0,2,17,"Granted, as LeBron James helpfully pointed out, Curry wasn't ""hesitating.""",0
3,27.0,2,18,He said outright that he had no intention of serving as Trump's grinning prop.,1
3,27.0,2,19,"Also, the insult ""bum"" has been dragged back into the lexicon, which is nice, given that it will probably irk Trump as much as any other (accurate) label.",0
3,27.0,3,t,Trump's Attack On Black Athletes May Bring a League to Its Feet,1
3,27.0,3,0,"If any doubts remain about the veracity of ESPN anchor Jemele Hill's assessment of Donald Trump, the president spent Friday night and much of Saturday morning lashing out at black athletes-because said attacks play straight to his white nationalist b",0
3,27.0,3,1,"On Friday, while stumping in Alabama for GOP senate candidate Luther Strange, Trump diverted from his prepared remarks, as is his wont.",1
3,27.0,3,2,"After a lengthy pause, Trump stared grimly into the distance, and then unleashed a winding, unhinged spiel about NFL players who kneeled during the National Anthem.",0
3,27.0,3,3,"He asked the assembled crowd, ""Wouldn't you love to see one of these NFL owners, when somebody disrespects our flag, to say, 'get that son of a bitch off the field right now.",1
3,27.0,3,4,"He's fired.'""",0
3,27.0,3,5,The audience cheered.,0
3,27.0,3,6,"Trump didn't stop there, waxing nostalgic about the NFL of yore, when men-real men-could inflict permanent damage on one another without worrying about those pesky concussive and subconcussive blows to the head and long-term cognitive diseases, sound",1
3,27.0,3,7,"""They're ruining the game!""",1
3,27.0,3,8,he whinged.,0
3,27.0,3,9,"Trump added that ratings had dropped, partly because fans preferred to watch him, and encouraging anyone who witnesses the free expression of political thought should flee to a preferred safe space and boycott the NFL altogether.",0
3,27.0,3,10,"""I guarantee things will stop,"" he said.",0
3,27.0,3,11,"""Just pick up and leave.",0
3,27.0,3,12,Pick up and leave.,1
3,27.0,3,13,"Not the same game anymore, anyway.""",0
3,27.0,3,14,Trump's anti-NFL comments in Huntsville were just the beginning.,1
3,27.0,3,15,"On Saturday morning, shortly following a Fox & Friends segment on the Golden State Warriors' star, Stephen Curry.",1
3,27.0,3,16,"Specifically, Trump did not fancy Curry's announcement that he had no desire to be feted by the White House, and so Trump tweeted that he never wanted Curry and the rest of those mean ol' world champion Golden State Warriors to come to his party any",0
3,27.0,3,17,"Granted, as LeBron James helpfully pointed out, Curry wasn't ""hesitating.""",0
3,27.0,3,18,He said outright that he had no intention of serving as Trump's grinning prop.,0
3,27.0,3,19,"Also, the insult ""bum"" has been dragged back into the lexicon, which is nice, given that it will probably irk Trump as much as any other (accurate) label.",0
3,28.0,2,t,Trump performs pick and roil on world of sports,0
3,28.0,2,0,"Addressing an exuberant crowd in an arena Friday evening, President Trump roiled the world of sports at an event which originally had nothing to do with sports.",0
3,28.0,2,1,"The rally, meant to gin up support for Sen. Luther Strange, who on Tuesday faces an uphill battle in a GOP runoff contest, took a hard turn to politics when Trump exhorted NFL team owners to fire players who kneel during the national anthem.",0
3,28.0,2,2,"""Wouldn't you love to see one of these NFL owners, when somebody disrespects our flag, to say, 'Get that son of a bitch off the field right now.",1
3,28.0,2,3,He is fired.,0
3,28.0,2,4,"He's fired,'"" Trump declared.",0
3,28.0,2,5,"Hours later Trump was back on offense, tweeting about NBA star Stephen Curry, who a day prior told reporters that he really didn't want to go to the White House if his championship-winning team, the Golden State Warriors, attended a customary White H",0
3,28.0,2,6,"""Going to the White House is considered a great honor for a championship team,"" Trump declared in a tweet Saturday morning.",1
3,28.0,2,7,"""Stephen Curry is hesitating,therefore invitation is withdrawn!""",0
3,28.0,2,8,"The backlash has been fierce and widespread, including retorts from an array of players, politicians and civil rights groups.",0
3,28.0,2,9,"NFL Commissioner Roger Goodell rebuked Trump over what he panned as ""divisive"" comments while celebrating some players' recent efforts to raise a significant amount of money for people impacted by hurricanes that have wracked the Southeast U.S.",0
3,28.0,2,10,"Trump has since fired back at Goodell, tweeting that the commissioner was tring to ""justify"" the ""total disrespect certain players show to our country"" -- players, Trump noted, who have the ""privilege"" to make millions of dollars.",0
3,28.0,2,11,"""Tell them to stand!""",1
3,28.0,2,12,Trump demanded.,0
3,28.0,2,13,"The NFL Players Association declared that ""it will never back down"" in supporting players' rights.",0
3,28.0,2,14,"""Whether or not Roger and the owners will speak for themselves about their views on player rights and their commitment to player safety remains to be seen,"" NFLPA executive director DeMaurice Smith said in a statement posted to Twitter Saturday morn",0
3,28.0,2,15,"""This union, however, will never back down when it comes to protecting the constitutional rights of our players as citizens as well as their safety as men who compete in a game that exposes them to great risks.""",0
3,28.0,2,16,"While a number of players also slammed the president for his attack on the NFL, including Redskins linebacker Zach Brown, who tweeted at Trump to ""stay in [your] place,"" the Trump faithful rallied to his cause.",0
3,28.0,2,17,"For example, Fox News' Sean Hannity tweeted Saturday of the coming demise for the NFL if it and its players keep dabbling in politics.",1
3,28.0,2,18,"""If @NFL and players choose to continue to make political statements (their right) I predict fans who disagree will flee (their right also),"" he said.",1
3,28.0,2,19,Former San Francisco 49ers quarterback Colin Kaepernick sparked the kneeling controversy last season when he took a knee during the national anthem to protest the treatment of African Americans and other minorities in the U.S.,0
3,28.0,3,t,Trump performs pick and roil on world of sports,0
3,28.0,3,0,"Addressing an exuberant crowd in an arena Friday evening, President Trump roiled the world of sports at an event which originally had nothing to do with sports.",0
3,28.0,3,1,"The rally, meant to gin up support for Sen. Luther Strange, who on Tuesday faces an uphill battle in a GOP runoff contest, took a hard turn to politics when Trump exhorted NFL team owners to fire players who kneel during the national anthem.",0
3,28.0,3,2,"""Wouldn't you love to see one of these NFL owners, when somebody disrespects our flag, to say, 'Get that son of a bitch off the field right now.",1
3,28.0,3,3,He is fired.,1
3,28.0,3,4,"He's fired,'"" Trump declared.",0
3,28.0,3,5,"Hours later Trump was back on offense, tweeting about NBA star Stephen Curry, who a day prior told reporters that he really didn't want to go to the White House if his championship-winning team, the Golden State Warriors, attended a customary White H",1
3,28.0,3,6,"""Going to the White House is considered a great honor for a championship team,"" Trump declared in a tweet Saturday morning.",0
3,28.0,3,7,"""Stephen Curry is hesitating,therefore invitation is withdrawn!""",0
3,28.0,3,8,"The backlash has been fierce and widespread, including retorts from an array of players, politicians and civil rights groups.",1
3,28.0,3,9,"NFL Commissioner Roger Goodell rebuked Trump over what he panned as ""divisive"" comments while celebrating some players' recent efforts to raise a significant amount of money for people impacted by hurricanes that have wracked the Southeast U.S.",0
3,28.0,3,10,"Trump has since fired back at Goodell, tweeting that the commissioner was tring to ""justify"" the ""total disrespect certain players show to our country"" -- players, Trump noted, who have the ""privilege"" to make millions of dollars.",0
3,28.0,3,11,"""Tell them to stand!""",0
3,28.0,3,12,Trump demanded.,0
3,28.0,3,13,"The NFL Players Association declared that ""it will never back down"" in supporting players' rights.",0
3,28.0,3,14,"""Whether or not Roger and the owners will speak for themselves about their views on player rights and their commitment to player safety remains to be seen,"" NFLPA executive director DeMaurice Smith said in a statement posted to Twitter Saturday morn",0
3,28.0,3,15,"""This union, however, will never back down when it comes to protecting the constitutional rights of our players as citizens as well as their safety as men who compete in a game that exposes them to great risks.""",0
3,28.0,3,16,"While a number of players also slammed the president for his attack on the NFL, including Redskins linebacker Zach Brown, who tweeted at Trump to ""stay in [your] place,"" the Trump faithful rallied to his cause.",0
3,28.0,3,17,"For example, Fox News' Sean Hannity tweeted Saturday of the coming demise for the NFL if it and its players keep dabbling in politics.",0
3,28.0,3,18,"""If @NFL and players choose to continue to make political statements (their right) I predict fans who disagree will flee (their right also),"" he said.",0
3,28.0,3,19,Former San Francisco 49ers quarterback Colin Kaepernick sparked the kneeling controversy last season when he took a knee during the national anthem to protest the treatment of African Americans and other minorities in the U.S.,0
3,28.0,3,t,Trump performs pick and roil on world of sports,1
3,28.0,3,0,"Addressing an exuberant crowd in an arena Friday evening, President Trump roiled the world of sports at an event which originally had nothing to do with sports.",1
3,28.0,3,1,"The rally, meant to gin up support for Sen. Luther Strange, who on Tuesday faces an uphill battle in a GOP runoff contest, took a hard turn to politics when Trump exhorted NFL team owners to fire players who kneel during the national anthem.",1
3,28.0,3,2,"""Wouldn't you love to see one of these NFL owners, when somebody disrespects our flag, to say, 'Get that son of a bitch off the field right now.",0
3,28.0,3,3,He is fired.,0
3,28.0,3,4,"He's fired,'"" Trump declared.",0
3,28.0,3,5,"Hours later Trump was back on offense, tweeting about NBA star Stephen Curry, who a day prior told reporters that he really didn't want to go to the White House if his championship-winning team, the Golden State Warriors, attended a customary White H",0
3,28.0,3,6,"""Going to the White House is considered a great honor for a championship team,"" Trump declared in a tweet Saturday morning.",0
3,28.0,3,7,"""Stephen Curry is hesitating,therefore invitation is withdrawn!""",0
3,28.0,3,8,"The backlash has been fierce and widespread, including retorts from an array of players, politicians and civil rights groups.",0
3,28.0,3,9,"NFL Commissioner Roger Goodell rebuked Trump over what he panned as ""divisive"" comments while celebrating some players' recent efforts to raise a significant amount of money for people impacted by hurricanes that have wracked the Southeast U.S.",0
3,28.0,3,10,"Trump has since fired back at Goodell, tweeting that the commissioner was tring to ""justify"" the ""total disrespect certain players show to our country"" -- players, Trump noted, who have the ""privilege"" to make millions of dollars.",0
3,28.0,3,11,"""Tell them to stand!""",0
3,28.0,3,12,Trump demanded.,0
3,28.0,3,13,"The NFL Players Association declared that ""it will never back down"" in supporting players' rights.",0
3,28.0,3,14,"""Whether or not Roger and the owners will speak for themselves about their views on player rights and their commitment to player safety remains to be seen,"" NFLPA executive director DeMaurice Smith said in a statement posted to Twitter Saturday morn",0
3,28.0,3,15,"""This union, however, will never back down when it comes to protecting the constitutional rights of our players as citizens as well as their safety as men who compete in a game that exposes them to great risks.""",0
3,28.0,3,16,"While a number of players also slammed the president for his attack on the NFL, including Redskins linebacker Zach Brown, who tweeted at Trump to ""stay in [your] place,"" the Trump faithful rallied to his cause.",0
3,28.0,3,17,"For example, Fox News' Sean Hannity tweeted Saturday of the coming demise for the NFL if it and its players keep dabbling in politics.",0
3,28.0,3,18,"""If @NFL and players choose to continue to make political statements (their right) I predict fans who disagree will flee (their right also),"" he said.",0
3,28.0,3,19,Former San Francisco 49ers quarterback Colin Kaepernick sparked the kneeling controversy last season when he took a knee during the national anthem to protest the treatment of African Americans and other minorities in the U.S.,0
3,28.0,2,t,Trump performs pick and roil on world of sports,1
3,28.0,2,0,"Addressing an exuberant crowd in an arena Friday evening, President Trump roiled the world of sports at an event which originally had nothing to do with sports.",1
3,28.0,2,1,"The rally, meant to gin up support for Sen. Luther Strange, who on Tuesday faces an uphill battle in a GOP runoff contest, took a hard turn to politics when Trump exhorted NFL team owners to fire players who kneel during the national anthem.",0
3,28.0,2,2,"""Wouldn't you love to see one of these NFL owners, when somebody disrespects our flag, to say, 'Get that son of a bitch off the field right now.",1
3,28.0,2,3,He is fired.,0
3,28.0,2,4,"He's fired,'"" Trump declared.",0
3,28.0,2,5,"Hours later Trump was back on offense, tweeting about NBA star Stephen Curry, who a day prior told reporters that he really didn't want to go to the White House if his championship-winning team, the Golden State Warriors, attended a customary White H",0
3,28.0,2,6,"""Going to the White House is considered a great honor for a championship team,"" Trump declared in a tweet Saturday morning.",0
3,28.0,2,7,"""Stephen Curry is hesitating,therefore invitation is withdrawn!""",1
3,28.0,2,8,"The backlash has been fierce and widespread, including retorts from an array of players, politicians and civil rights groups.",0
3,28.0,2,9,"NFL Commissioner Roger Goodell rebuked Trump over what he panned as ""divisive"" comments while celebrating some players' recent efforts to raise a significant amount of money for people impacted by hurricanes that have wracked the Southeast U.S.",0
3,28.0,2,10,"Trump has since fired back at Goodell, tweeting that the commissioner was tring to ""justify"" the ""total disrespect certain players show to our country"" -- players, Trump noted, who have the ""privilege"" to make millions of dollars.",0
3,28.0,2,11,"""Tell them to stand!""",0
3,28.0,2,12,Trump demanded.,1
3,28.0,2,13,"The NFL Players Association declared that ""it will never back down"" in supporting players' rights.",1
3,28.0,2,14,"""Whether or not Roger and the owners will speak for themselves about their views on player rights and their commitment to player safety remains to be seen,"" NFLPA executive director DeMaurice Smith said in a statement posted to Twitter Saturday morn",0
3,28.0,2,15,"""This union, however, will never back down when it comes to protecting the constitutional rights of our players as citizens as well as their safety as men who compete in a game that exposes them to great risks.""",0
3,28.0,2,16,"While a number of players also slammed the president for his attack on the NFL, including Redskins linebacker Zach Brown, who tweeted at Trump to ""stay in [your] place,"" the Trump faithful rallied to his cause.",0
3,28.0,2,17,"For example, Fox News' Sean Hannity tweeted Saturday of the coming demise for the NFL if it and its players keep dabbling in politics.",0
3,28.0,2,18,"""If @NFL and players choose to continue to make political statements (their right) I predict fans who disagree will flee (their right also),"" he said.",0
3,28.0,2,19,Former San Francisco 49ers quarterback Colin Kaepernick sparked the kneeling controversy last season when he took a knee during the national anthem to protest the treatment of African Americans and other minorities in the U.S.,0
3,28.0,1,t,Trump performs pick and roil on world of sports,1
3,28.0,1,0,"Addressing an exuberant crowd in an arena Friday evening, President Trump roiled the world of sports at an event which originally had nothing to do with sports.",0
3,28.0,1,1,"The rally, meant to gin up support for Sen. Luther Strange, who on Tuesday faces an uphill battle in a GOP runoff contest, took a hard turn to politics when Trump exhorted NFL team owners to fire players who kneel during the national anthem.",0
3,28.0,1,2,"""Wouldn't you love to see one of these NFL owners, when somebody disrespects our flag, to say, 'Get that son of a bitch off the field right now.",0
3,28.0,1,3,He is fired.,0
3,28.0,1,4,"He's fired,'"" Trump declared.",0
3,28.0,1,5,"Hours later Trump was back on offense, tweeting about NBA star Stephen Curry, who a day prior told reporters that he really didn't want to go to the White House if his championship-winning team, the Golden State Warriors, attended a customary White H",1
3,28.0,1,6,"""Going to the White House is considered a great honor for a championship team,"" Trump declared in a tweet Saturday morning.",0
3,28.0,1,7,"""Stephen Curry is hesitating,therefore invitation is withdrawn!""",1
3,28.0,1,8,"The backlash has been fierce and widespread, including retorts from an array of players, politicians and civil rights groups.",1
3,28.0,1,9,"NFL Commissioner Roger Goodell rebuked Trump over what he panned as ""divisive"" comments while celebrating some players' recent efforts to raise a significant amount of money for people impacted by hurricanes that have wracked the Southeast U.S.",0
3,28.0,1,10,"Trump has since fired back at Goodell, tweeting that the commissioner was tring to ""justify"" the ""total disrespect certain players show to our country"" -- players, Trump noted, who have the ""privilege"" to make millions of dollars.",0
3,28.0,1,11,"""Tell them to stand!""",1
3,28.0,1,12,Trump demanded.,0
3,28.0,1,13,"The NFL Players Association declared that ""it will never back down"" in supporting players' rights.",0
3,28.0,1,14,"""Whether or not Roger and the owners will speak for themselves about their views on player rights and their commitment to player safety remains to be seen,"" NFLPA executive director DeMaurice Smith said in a statement posted to Twitter Saturday morn",0
3,28.0,1,15,"""This union, however, will never back down when it comes to protecting the constitutional rights of our players as citizens as well as their safety as men who compete in a game that exposes them to great risks.""",1
3,28.0,1,16,"While a number of players also slammed the president for his attack on the NFL, including Redskins linebacker Zach Brown, who tweeted at Trump to ""stay in [your] place,"" the Trump faithful rallied to his cause.",0
3,28.0,1,17,"For example, Fox News' Sean Hannity tweeted Saturday of the coming demise for the NFL if it and its players keep dabbling in politics.",1
3,28.0,1,18,"""If @NFL and players choose to continue to make political statements (their right) I predict fans who disagree will flee (their right also),"" he said.",0
3,28.0,1,19,Former San Francisco 49ers quarterback Colin Kaepernick sparked the kneeling controversy last season when he took a knee during the national anthem to protest the treatment of African Americans and other minorities in the U.S.,0
3,29.0,2,t,President Trump attacks NFL players (again) and withdraws invitation to NBA's Golden State Warriors,0
3,29.0,2,0,"A pro football season already rankled by lower-than-usual ratings took a sharp political turn this weekend, as President Donald Trump took aim at NFL players.",0
3,29.0,2,1,"Some of the league's stars - including the still-unemployed quarterback Colin Kaepernick - have knelt during the ceremony, raised their fists or turned their backs to the U.S. flag in a bid to raise awareness to injustice, including the mistreatment ",1
3,29.0,2,2,"Trump, however, unexpectedly slammed those players during a speech last night in Alabama, at one point saying of protesters: ""Get that son of a bitch off the field.""",0
3,29.0,2,3,"Without mentioning any particular names, Trump continued the attack on Saturday, tweeting that protesting players should not have jobs in the NFL at all.",0
3,29.0,2,4,"Trump's broadside quickly drew condemnation: NFL Commissioner Roger Goodell did not mention the president by name, but did say Trump's comments ""demonstrate an unfortunate lack of respect for the NFL, our great game and all of our players.""",0
3,29.0,2,5,"Nevertheless, the new public spat could create new headaches for the league - a day before football Sunday, no less - at a time when it's already grappling with lower-than-ever ratings.",0
3,29.0,2,6,Trump's tweets targeting the NFL mark only his latest attacks against athletes who have criticized his presidency.,0
3,29.0,2,7,"Earlier, Golden State Warriors star Stephen Curry said he he would not attend a ceremony at the White House honoring his team's NBA championship win - a move that led Trump to tweet that the ""invitation is withdrawn.""",0
3,29.0,2,8,"Entering week three of the season, some of the drop-off in interest is beyond the NFL's control, such as low viewership in football hubs like Texas and Florida, the sites of major devastation after two record hurricanes.",0
3,29.0,2,9,"But the league has plenty of other audience-affecting problems on its plate, from its players continued run-ins with the law for alleged domestic violence to mounting evidence about the game's grave risks to players' own health.",0
3,29.0,1,t,President Trump attacks NFL players (again) and withdraws invitation to NBA's Golden State Warriors,0
3,29.0,1,0,"A pro football season already rankled by lower-than-usual ratings took a sharp political turn this weekend, as President Donald Trump took aim at NFL players.",0
3,29.0,1,1,"Some of the league's stars - including the still-unemployed quarterback Colin Kaepernick - have knelt during the ceremony, raised their fists or turned their backs to the U.S. flag in a bid to raise awareness to injustice, including the mistreatment ",0
3,29.0,1,2,"Trump, however, unexpectedly slammed those players during a speech last night in Alabama, at one point saying of protesters: ""Get that son of a bitch off the field.""",0
3,29.0,1,3,"Without mentioning any particular names, Trump continued the attack on Saturday, tweeting that protesting players should not have jobs in the NFL at all.",0
3,29.0,1,4,"Trump's broadside quickly drew condemnation: NFL Commissioner Roger Goodell did not mention the president by name, but did say Trump's comments ""demonstrate an unfortunate lack of respect for the NFL, our great game and all of our players.""",0
3,29.0,1,5,"Nevertheless, the new public spat could create new headaches for the league - a day before football Sunday, no less - at a time when it's already grappling with lower-than-ever ratings.",0
3,29.0,1,6,Trump's tweets targeting the NFL mark only his latest attacks against athletes who have criticized his presidency.,0
3,29.0,1,7,"Earlier, Golden State Warriors star Stephen Curry said he he would not attend a ceremony at the White House honoring his team's NBA championship win - a move that led Trump to tweet that the ""invitation is withdrawn.""",0
3,29.0,1,8,"Entering week three of the season, some of the drop-off in interest is beyond the NFL's control, such as low viewership in football hubs like Texas and Florida, the sites of major devastation after two record hurricanes.",0
3,29.0,1,9,"But the league has plenty of other audience-affecting problems on its plate, from its players continued run-ins with the law for alleged domestic violence to mounting evidence about the game's grave risks to players' own health.",0
3,29.0,3,t,President Trump attacks NFL players (again) and withdraws invitation to NBA's Golden State Warriors,0
3,29.0,3,0,"A pro football season already rankled by lower-than-usual ratings took a sharp political turn this weekend, as President Donald Trump took aim at NFL players.",0
3,29.0,3,1,"Some of the league's stars - including the still-unemployed quarterback Colin Kaepernick - have knelt during the ceremony, raised their fists or turned their backs to the U.S. flag in a bid to raise awareness to injustice, including the mistreatment ",0
3,29.0,3,2,"Trump, however, unexpectedly slammed those players during a speech last night in Alabama, at one point saying of protesters: ""Get that son of a bitch off the field.""",1
3,29.0,3,3,"Without mentioning any particular names, Trump continued the attack on Saturday, tweeting that protesting players should not have jobs in the NFL at all.",1
3,29.0,3,4,"Trump's broadside quickly drew condemnation: NFL Commissioner Roger Goodell did not mention the president by name, but did say Trump's comments ""demonstrate an unfortunate lack of respect for the NFL, our great game and all of our players.""",0
3,29.0,3,5,"Nevertheless, the new public spat could create new headaches for the league - a day before football Sunday, no less - at a time when it's already grappling with lower-than-ever ratings.",1
3,29.0,3,6,Trump's tweets targeting the NFL mark only his latest attacks against athletes who have criticized his presidency.,0
3,29.0,3,7,"Earlier, Golden State Warriors star Stephen Curry said he he would not attend a ceremony at the White House honoring his team's NBA championship win - a move that led Trump to tweet that the ""invitation is withdrawn.""",0
3,29.0,3,8,"Entering week three of the season, some of the drop-off in interest is beyond the NFL's control, such as low viewership in football hubs like Texas and Florida, the sites of major devastation after two record hurricanes.",0
3,29.0,3,9,"But the league has plenty of other audience-affecting problems on its plate, from its players continued run-ins with the law for alleged domestic violence to mounting evidence about the game's grave risks to players' own health.",1
3,29.0,2,t,President Trump attacks NFL players (again) and withdraws invitation to NBA's Golden State Warriors,1
3,29.0,2,0,"A pro football season already rankled by lower-than-usual ratings took a sharp political turn this weekend, as President Donald Trump took aim at NFL players.",0
3,29.0,2,1,"Some of the league's stars - including the still-unemployed quarterback Colin Kaepernick - have knelt during the ceremony, raised their fists or turned their backs to the U.S. flag in a bid to raise awareness to injustice, including the mistreatment ",1
3,29.0,2,2,"Trump, however, unexpectedly slammed those players during a speech last night in Alabama, at one point saying of protesters: ""Get that son of a bitch off the field.""",0
3,29.0,2,3,"Without mentioning any particular names, Trump continued the attack on Saturday, tweeting that protesting players should not have jobs in the NFL at all.",0
3,29.0,2,4,"Trump's broadside quickly drew condemnation: NFL Commissioner Roger Goodell did not mention the president by name, but did say Trump's comments ""demonstrate an unfortunate lack of respect for the NFL, our great game and all of our players.""",1
3,29.0,2,5,"Nevertheless, the new public spat could create new headaches for the league - a day before football Sunday, no less - at a time when it's already grappling with lower-than-ever ratings.",0
3,29.0,2,6,Trump's tweets targeting the NFL mark only his latest attacks against athletes who have criticized his presidency.,1
3,29.0,2,7,"Earlier, Golden State Warriors star Stephen Curry said he he would not attend a ceremony at the White House honoring his team's NBA championship win - a move that led Trump to tweet that the ""invitation is withdrawn.""",0
3,29.0,2,8,"Entering week three of the season, some of the drop-off in interest is beyond the NFL's control, such as low viewership in football hubs like Texas and Florida, the sites of major devastation after two record hurricanes.",1
3,29.0,2,9,"But the league has plenty of other audience-affecting problems on its plate, from its players continued run-ins with the law for alleged domestic violence to mounting evidence about the game's grave risks to players' own health.",0
3,29.0,2,t,President Trump attacks NFL players (again) and withdraws invitation to NBA's Golden State Warriors,1
3,29.0,2,0,"A pro football season already rankled by lower-than-usual ratings took a sharp political turn this weekend, as President Donald Trump took aim at NFL players.",0
3,29.0,2,1,"Some of the league's stars - including the still-unemployed quarterback Colin Kaepernick - have knelt during the ceremony, raised their fists or turned their backs to the U.S. flag in a bid to raise awareness to injustice, including the mistreatment ",0
3,29.0,2,2,"Trump, however, unexpectedly slammed those players during a speech last night in Alabama, at one point saying of protesters: ""Get that son of a bitch off the field.""",0
3,29.0,2,3,"Without mentioning any particular names, Trump continued the attack on Saturday, tweeting that protesting players should not have jobs in the NFL at all.",1
3,29.0,2,4,"Trump's broadside quickly drew condemnation: NFL Commissioner Roger Goodell did not mention the president by name, but did say Trump's comments ""demonstrate an unfortunate lack of respect for the NFL, our great game and all of our players.""",0
3,29.0,2,5,"Nevertheless, the new public spat could create new headaches for the league - a day before football Sunday, no less - at a time when it's already grappling with lower-than-ever ratings.",0
3,29.0,2,6,Trump's tweets targeting the NFL mark only his latest attacks against athletes who have criticized his presidency.,1
3,29.0,2,7,"Earlier, Golden State Warriors star Stephen Curry said he he would not attend a ceremony at the White House honoring his team's NBA championship win - a move that led Trump to tweet that the ""invitation is withdrawn.""",1
3,29.0,2,8,"Entering week three of the season, some of the drop-off in interest is beyond the NFL's control, such as low viewership in football hubs like Texas and Florida, the sites of major devastation after two record hurricanes.",0
3,29.0,2,9,"But the league has plenty of other audience-affecting problems on its plate, from its players continued run-ins with the law for alleged domestic violence to mounting evidence about the game's grave risks to players' own health.",0
3,30.0,2,t,Players with 'privilege' to make millions in NFL should not be allowed to 'disrespect' the USA,0
3,30.0,2,0,"President Trump reprised his ""The Apprentice"" catchphrase Saturday afternoon calling for athletes who ""disrespect"" the American flag and national anthem to be fired.",0
3,30.0,2,1,"""If a player wants the privilege of making millions of dollars in the NFL, or other leagues, he or she should not be allowed to disrespect our Great American Flag (or Country) and should stand for the National Anthem,"" Trump said in a pair of tweets.",0
3,30.0,2,2,"""If not, YOU'RE FIRED.",0
3,30.0,2,3,"Find something else to do!""",0
3,30.0,2,4,"The tweets come one day after Trump, during a rally in Alabama in support of Sen. Luther Strange, urged NFL team owners to get rid of players who kneel during the national anthem.",0
3,30.0,2,5,"""Wouldn't you love to see one of these NFL owners, when somebody disrespects our flag, to say, 'Get that son of a bitch off the field right now.",0
3,30.0,2,6,He is fired.,1
3,30.0,2,7,"He's fired,'"" Trump said.",0
3,30.0,2,8,"Though he didn't mention anyone by name Friday, Trump was referring to a recent flurry of protests to the national anthem in professional sports.",0
3,30.0,2,9,"When quarterback Colin Kaepernick took a knee during the national anthem in Sept. 2016 in protest of wrongdoings against minorities, that action brought large amounts of criticism to the player, but also inspired a movement of players to follow suit.",0
3,30.0,2,10,"Trump has faced widespread condemnation for his remarks, including from NFL players, the NFL players' union and NFL Commissioner Roger Goodell.",0
3,30.0,2,11,"The president also criticized another sports star on Saturday, the NBA's Stephen Curry, and rescinded an invitation to come to the White House, after Curry said he didn't want to go.",0
3,30.0,2,12,"That too has earned a broad array of backlash, including from Lebron James.",0
3,30.0,2,t,Players with 'privilege' to make millions in NFL should not be allowed to 'disrespect' the USA,1
3,30.0,2,0,"President Trump reprised his ""The Apprentice"" catchphrase Saturday afternoon calling for athletes who ""disrespect"" the American flag and national anthem to be fired.",0
3,30.0,2,1,"""If a player wants the privilege of making millions of dollars in the NFL, or other leagues, he or she should not be allowed to disrespect our Great American Flag (or Country) and should stand for the National Anthem,"" Trump said in a pair of tweets.",0
3,30.0,2,2,"""If not, YOU'RE FIRED.",0
3,30.0,2,3,"Find something else to do!""",0
3,30.0,2,4,"The tweets come one day after Trump, during a rally in Alabama in support of Sen. Luther Strange, urged NFL team owners to get rid of players who kneel during the national anthem.",0
3,30.0,2,5,"""Wouldn't you love to see one of these NFL owners, when somebody disrespects our flag, to say, 'Get that son of a bitch off the field right now.",1
3,30.0,2,6,He is fired.,1
3,30.0,2,7,"He's fired,'"" Trump said.",0
3,30.0,2,8,"Though he didn't mention anyone by name Friday, Trump was referring to a recent flurry of protests to the national anthem in professional sports.",0
3,30.0,2,9,"When quarterback Colin Kaepernick took a knee during the national anthem in Sept. 2016 in protest of wrongdoings against minorities, that action brought large amounts of criticism to the player, but also inspired a movement of players to follow suit.",0
3,30.0,2,10,"Trump has faced widespread condemnation for his remarks, including from NFL players, the NFL players' union and NFL Commissioner Roger Goodell.",0
3,30.0,2,11,"The president also criticized another sports star on Saturday, the NBA's Stephen Curry, and rescinded an invitation to come to the White House, after Curry said he didn't want to go.",0
3,30.0,2,12,"That too has earned a broad array of backlash, including from Lebron James.",0
3,30.0,3,t,Players with 'privilege' to make millions in NFL should not be allowed to 'disrespect' the USA,0
3,30.0,3,0,"President Trump reprised his ""The Apprentice"" catchphrase Saturday afternoon calling for athletes who ""disrespect"" the American flag and national anthem to be fired.",0
3,30.0,3,1,"""If a player wants the privilege of making millions of dollars in the NFL, or other leagues, he or she should not be allowed to disrespect our Great American Flag (or Country) and should stand for the National Anthem,"" Trump said in a pair of tweets.",0
3,30.0,3,2,"""If not, YOU'RE FIRED.",0
3,30.0,3,3,"Find something else to do!""",0
3,30.0,3,4,"The tweets come one day after Trump, during a rally in Alabama in support of Sen. Luther Strange, urged NFL team owners to get rid of players who kneel during the national anthem.",0
3,30.0,3,5,"""Wouldn't you love to see one of these NFL owners, when somebody disrespects our flag, to say, 'Get that son of a bitch off the field right now.",0
3,30.0,3,6,He is fired.,0
3,30.0,3,7,"He's fired,'"" Trump said.",0
3,30.0,3,8,"Though he didn't mention anyone by name Friday, Trump was referring to a recent flurry of protests to the national anthem in professional sports.",0
3,30.0,3,9,"When quarterback Colin Kaepernick took a knee during the national anthem in Sept. 2016 in protest of wrongdoings against minorities, that action brought large amounts of criticism to the player, but also inspired a movement of players to follow suit.",0
3,30.0,3,10,"Trump has faced widespread condemnation for his remarks, including from NFL players, the NFL players' union and NFL Commissioner Roger Goodell.",0
3,30.0,3,11,"The president also criticized another sports star on Saturday, the NBA's Stephen Curry, and rescinded an invitation to come to the White House, after Curry said he didn't want to go.",0
3,30.0,3,12,"That too has earned a broad array of backlash, including from Lebron James.",1
3,30.0,2,t,Players with 'privilege' to make millions in NFL should not be allowed to 'disrespect' the USA,1
3,30.0,2,0,"President Trump reprised his ""The Apprentice"" catchphrase Saturday afternoon calling for athletes who ""disrespect"" the American flag and national anthem to be fired.",1
3,30.0,2,1,"""If a player wants the privilege of making millions of dollars in the NFL, or other leagues, he or she should not be allowed to disrespect our Great American Flag (or Country) and should stand for the National Anthem,"" Trump said in a pair of tweets.",0
3,30.0,2,2,"""If not, YOU'RE FIRED.",0
3,30.0,2,3,"Find something else to do!""",0
3,30.0,2,4,"The tweets come one day after Trump, during a rally in Alabama in support of Sen. Luther Strange, urged NFL team owners to get rid of players who kneel during the national anthem.",0
3,30.0,2,5,"""Wouldn't you love to see one of these NFL owners, when somebody disrespects our flag, to say, 'Get that son of a bitch off the field right now.",0
3,30.0,2,6,He is fired.,1
3,30.0,2,7,"He's fired,'"" Trump said.",0
3,30.0,2,8,"Though he didn't mention anyone by name Friday, Trump was referring to a recent flurry of protests to the national anthem in professional sports.",0
3,30.0,2,9,"When quarterback Colin Kaepernick took a knee during the national anthem in Sept. 2016 in protest of wrongdoings against minorities, that action brought large amounts of criticism to the player, but also inspired a movement of players to follow suit.",1
3,30.0,2,10,"Trump has faced widespread condemnation for his remarks, including from NFL players, the NFL players' union and NFL Commissioner Roger Goodell.",0
3,30.0,2,11,"The president also criticized another sports star on Saturday, the NBA's Stephen Curry, and rescinded an invitation to come to the White House, after Curry said he didn't want to go.",0
3,30.0,2,12,"That too has earned a broad array of backlash, including from Lebron James.",0
3,30.0,2,t,Players with 'privilege' to make millions in NFL should not be allowed to 'disrespect' the USA,1
3,30.0,2,0,"President Trump reprised his ""The Apprentice"" catchphrase Saturday afternoon calling for athletes who ""disrespect"" the American flag and national anthem to be fired.",0
3,30.0,2,1,"""If a player wants the privilege of making millions of dollars in the NFL, or other leagues, he or she should not be allowed to disrespect our Great American Flag (or Country) and should stand for the National Anthem,"" Trump said in a pair of tweets.",0
3,30.0,2,2,"""If not, YOU'RE FIRED.",0
3,30.0,2,3,"Find something else to do!""",1
3,30.0,2,4,"The tweets come one day after Trump, during a rally in Alabama in support of Sen. Luther Strange, urged NFL team owners to get rid of players who kneel during the national anthem.",1
3,30.0,2,5,"""Wouldn't you love to see one of these NFL owners, when somebody disrespects our flag, to say, 'Get that son of a bitch off the field right now.",0
3,30.0,2,6,He is fired.,1
3,30.0,2,7,"He's fired,'"" Trump said.",0
3,30.0,2,8,"Though he didn't mention anyone by name Friday, Trump was referring to a recent flurry of protests to the national anthem in professional sports.",0
3,30.0,2,9,"When quarterback Colin Kaepernick took a knee during the national anthem in Sept. 2016 in protest of wrongdoings against minorities, that action brought large amounts of criticism to the player, but also inspired a movement of players to follow suit.",1
3,30.0,2,10,"Trump has faced widespread condemnation for his remarks, including from NFL players, the NFL players' union and NFL Commissioner Roger Goodell.",0
3,30.0,2,11,"The president also criticized another sports star on Saturday, the NBA's Stephen Curry, and rescinded an invitation to come to the White House, after Curry said he didn't want to go.",1
3,30.0,2,12,"That too has earned a broad array of backlash, including from Lebron James.",0
3,31.0,4,t,Dallas Cowboys: Jason Garrett doesn't expect Cowboys to protest national anthem following President Trump's comments,0
3,31.0,4,0,"Dallas Cowboys head coach Jason Garrett at the podium during his press conference a day after the Cowboys released Dallas Cowboys wide receiver Lucky Whitehead (13) at training camp in Oxnard, California on Tuesday, July 25, 2017.",0
3,31.0,4,1,(Vernon Bryant/The Dallas Morning News),0
3,31.0,4,2,FRISCO -- Jason Garrett doesn't expect Cowboys players to protest the national anthem Monday night after hearing President Trump's recent criticism of those who have protested before NFL games.,0
3,31.0,4,3,The Cowboys coach had very little to say when asked during a Saturday news conference about Trump's comments Friday night.,0
3,31.0,4,4,"Garrett replied ""I don't"" when asked if there's a need to address Trump's words with the team.",0
3,31.0,4,5,"""We have an approach that we believe in,"" Garrett said.",0
3,31.0,4,6,"""I have no real comment beyond that.""",0
3,31.0,4,7,Does Garrett not have an opinion on what Trump said?,1
3,31.0,4,8,"""I just don't think it's in anyone's best interest for me to comment on that,"" he responded.",0
3,31.0,4,9,"During a rally in Alabama, Trump encouraged fans to boycott games in which they see players protesting.",1
3,31.0,4,10,"""Wouldn't you love to see one of these NFL owners, when somebody disrespects our flag, to say, 'Get that son of a bitch off the field right now, out, he's fired.",1
3,31.0,4,11,"He's fired,'"" Trump said.",1
3,31.0,4,12,"""You know, some owner is going to do that.",1
3,31.0,4,13,"He's going to say, 'That guy that disrespects our flag, he's fired.'",1
3,31.0,4,14,"And that owner, they don't know it, they're friends of mine, many of them, [but] they'll be the most popular person in this country.""",1
3,31.0,4,15,Cowboys linebackers Sean Lee and Jaylon Smith were asked Saturday for their thoughts on hearing those words from the President.,1
3,31.0,4,16,"""I don't agree with his comments,"" Smith said.",1
3,31.0,4,17,"""But I love my team.",0
3,31.0,4,18,Really no other comment than that.,0
3,31.0,4,19,"I don't agree with it.""",1
3,31.0,2,t,Dallas Cowboys: Jason Garrett doesn't expect Cowboys to protest national anthem following President Trump's comments,0
3,31.0,2,0,"Dallas Cowboys head coach Jason Garrett at the podium during his press conference a day after the Cowboys released Dallas Cowboys wide receiver Lucky Whitehead (13) at training camp in Oxnard, California on Tuesday, July 25, 2017.",0
3,31.0,2,1,(Vernon Bryant/The Dallas Morning News),0
3,31.0,2,2,FRISCO -- Jason Garrett doesn't expect Cowboys players to protest the national anthem Monday night after hearing President Trump's recent criticism of those who have protested before NFL games.,0
3,31.0,2,3,The Cowboys coach had very little to say when asked during a Saturday news conference about Trump's comments Friday night.,0
3,31.0,2,4,"Garrett replied ""I don't"" when asked if there's a need to address Trump's words with the team.",0
3,31.0,2,5,"""We have an approach that we believe in,"" Garrett said.",0
3,31.0,2,6,"""I have no real comment beyond that.""",0
3,31.0,2,7,Does Garrett not have an opinion on what Trump said?,1
3,31.0,2,8,"""I just don't think it's in anyone's best interest for me to comment on that,"" he responded.",0
3,31.0,2,9,"During a rally in Alabama, Trump encouraged fans to boycott games in which they see players protesting.",0
3,31.0,2,10,"""Wouldn't you love to see one of these NFL owners, when somebody disrespects our flag, to say, 'Get that son of a bitch off the field right now, out, he's fired.",0
3,31.0,2,11,"He's fired,'"" Trump said.",0
3,31.0,2,12,"""You know, some owner is going to do that.",0
3,31.0,2,13,"He's going to say, 'That guy that disrespects our flag, he's fired.'",1
3,31.0,2,14,"And that owner, they don't know it, they're friends of mine, many of them, [but] they'll be the most popular person in this country.""",0
3,31.0,2,15,Cowboys linebackers Sean Lee and Jaylon Smith were asked Saturday for their thoughts on hearing those words from the President.,0
3,31.0,2,16,"""I don't agree with his comments,"" Smith said.",0
3,31.0,2,17,"""But I love my team.",0
3,31.0,2,18,Really no other comment than that.,0
3,31.0,2,19,"I don't agree with it.""",0
3,31.0,4,t,Dallas Cowboys: Jason Garrett doesn't expect Cowboys to protest national anthem following President Trump's comments,1
3,31.0,4,0,"Dallas Cowboys head coach Jason Garrett at the podium during his press conference a day after the Cowboys released Dallas Cowboys wide receiver Lucky Whitehead (13) at training camp in Oxnard, California on Tuesday, July 25, 2017.",0
3,31.0,4,1,(Vernon Bryant/The Dallas Morning News),0
3,31.0,4,2,FRISCO -- Jason Garrett doesn't expect Cowboys players to protest the national anthem Monday night after hearing President Trump's recent criticism of those who have protested before NFL games.,0
3,31.0,4,3,The Cowboys coach had very little to say when asked during a Saturday news conference about Trump's comments Friday night.,1
3,31.0,4,4,"Garrett replied ""I don't"" when asked if there's a need to address Trump's words with the team.",0
3,31.0,4,5,"""We have an approach that we believe in,"" Garrett said.",0
3,31.0,4,6,"""I have no real comment beyond that.""",0
3,31.0,4,7,Does Garrett not have an opinion on what Trump said?,0
3,31.0,4,8,"""I just don't think it's in anyone's best interest for me to comment on that,"" he responded.",0
3,31.0,4,9,"During a rally in Alabama, Trump encouraged fans to boycott games in which they see players protesting.",0
3,31.0,4,10,"""Wouldn't you love to see one of these NFL owners, when somebody disrespects our flag, to say, 'Get that son of a bitch off the field right now, out, he's fired.",0
3,31.0,4,11,"He's fired,'"" Trump said.",0
3,31.0,4,12,"""You know, some owner is going to do that.",0
3,31.0,4,13,"He's going to say, 'That guy that disrespects our flag, he's fired.'",0
3,31.0,4,14,"And that owner, they don't know it, they're friends of mine, many of them, [but] they'll be the most popular person in this country.""",0
3,31.0,4,15,Cowboys linebackers Sean Lee and Jaylon Smith were asked Saturday for their thoughts on hearing those words from the President.,1
3,31.0,4,16,"""I don't agree with his comments,"" Smith said.",0
3,31.0,4,17,"""But I love my team.",0
3,31.0,4,18,Really no other comment than that.,0
3,31.0,4,19,"I don't agree with it.""",0
3,31.0,2,t,Dallas Cowboys: Jason Garrett doesn't expect Cowboys to protest national anthem following President Trump's comments,0
3,31.0,2,0,"Dallas Cowboys head coach Jason Garrett at the podium during his press conference a day after the Cowboys released Dallas Cowboys wide receiver Lucky Whitehead (13) at training camp in Oxnard, California on Tuesday, July 25, 2017.",1
3,31.0,2,1,(Vernon Bryant/The Dallas Morning News),1
3,31.0,2,2,FRISCO -- Jason Garrett doesn't expect Cowboys players to protest the national anthem Monday night after hearing President Trump's recent criticism of those who have protested before NFL games.,0
3,31.0,2,3,The Cowboys coach had very little to say when asked during a Saturday news conference about Trump's comments Friday night.,0
3,31.0,2,4,"Garrett replied ""I don't"" when asked if there's a need to address Trump's words with the team.",0
3,31.0,2,5,"""We have an approach that we believe in,"" Garrett said.",0
3,31.0,2,6,"""I have no real comment beyond that.""",1
3,31.0,2,7,Does Garrett not have an opinion on what Trump said?,0
3,31.0,2,8,"""I just don't think it's in anyone's best interest for me to comment on that,"" he responded.",0
3,31.0,2,9,"During a rally in Alabama, Trump encouraged fans to boycott games in which they see players protesting.",0
3,31.0,2,10,"""Wouldn't you love to see one of these NFL owners, when somebody disrespects our flag, to say, 'Get that son of a bitch off the field right now, out, he's fired.",1
3,31.0,2,11,"He's fired,'"" Trump said.",0
3,31.0,2,12,"""You know, some owner is going to do that.",0
3,31.0,2,13,"He's going to say, 'That guy that disrespects our flag, he's fired.'",0
3,31.0,2,14,"And that owner, they don't know it, they're friends of mine, many of them, [but] they'll be the most popular person in this country.""",1
3,31.0,2,15,Cowboys linebackers Sean Lee and Jaylon Smith were asked Saturday for their thoughts on hearing those words from the President.,0
3,31.0,2,16,"""I don't agree with his comments,"" Smith said.",1
3,31.0,2,17,"""But I love my team.",0
3,31.0,2,18,Really no other comment than that.,1
3,31.0,2,19,"I don't agree with it.""",0
3,31.0,3,t,Dallas Cowboys: Jason Garrett doesn't expect Cowboys to protest national anthem following President Trump's comments,0
3,31.0,3,0,"Dallas Cowboys head coach Jason Garrett at the podium during his press conference a day after the Cowboys released Dallas Cowboys wide receiver Lucky Whitehead (13) at training camp in Oxnard, California on Tuesday, July 25, 2017.",0
3,31.0,3,1,(Vernon Bryant/The Dallas Morning News),0
3,31.0,3,2,FRISCO -- Jason Garrett doesn't expect Cowboys players to protest the national anthem Monday night after hearing President Trump's recent criticism of those who have protested before NFL games.,0
3,31.0,3,3,The Cowboys coach had very little to say when asked during a Saturday news conference about Trump's comments Friday night.,0
3,31.0,3,4,"Garrett replied ""I don't"" when asked if there's a need to address Trump's words with the team.",0
3,31.0,3,5,"""We have an approach that we believe in,"" Garrett said.",1
3,31.0,3,6,"""I have no real comment beyond that.""",0
3,31.0,3,7,Does Garrett not have an opinion on what Trump said?,0
3,31.0,3,8,"""I just don't think it's in anyone's best interest for me to comment on that,"" he responded.",0
3,31.0,3,9,"During a rally in Alabama, Trump encouraged fans to boycott games in which they see players protesting.",1
3,31.0,3,10,"""Wouldn't you love to see one of these NFL owners, when somebody disrespects our flag, to say, 'Get that son of a bitch off the field right now, out, he's fired.",0
3,31.0,3,11,"He's fired,'"" Trump said.",0
3,31.0,3,12,"""You know, some owner is going to do that.",0
3,31.0,3,13,"He's going to say, 'That guy that disrespects our flag, he's fired.'",0
3,31.0,3,14,"And that owner, they don't know it, they're friends of mine, many of them, [but] they'll be the most popular person in this country.""",0
3,31.0,3,15,Cowboys linebackers Sean Lee and Jaylon Smith were asked Saturday for their thoughts on hearing those words from the President.,0
3,31.0,3,16,"""I don't agree with his comments,"" Smith said.",0
3,31.0,3,17,"""But I love my team.",1
3,31.0,3,18,Really no other comment than that.,0
3,31.0,3,19,"I don't agree with it.""",0
3,32.0,4,t,President Donald Trump Slams Commish Goodell for 'Justifying' the NFL's 'Disrespect' for Our Country,1
3,32.0,4,0,"On Saturday evening, Trump sent out a tweet urging the commissioner to ""tell them to stand!""",0
3,32.0,4,1,"""Roger Goodell of NFL just put out a statement trying to justify the total disrespect certain players show to our country,"" Trump tweeted on September 23.",1
3,32.0,4,2,"""Tell them to stand!""",1
3,32.0,4,3,he added.,0
3,32.0,4,4,"Trump's early evening tweet came several hours after a statement by the NFL chief who called the president ""divisive"" and said he failed to ""understand the overwhelming force for good"" the NFL offers the country.",0
3,32.0,4,5,"The NFL commish also touted his league as fostering ""unity"" despite the disunity that the protests he has allowed has caused the nation.",1
3,32.0,4,6,"On Saturday morning, Goodell said, ""The NFL and our players are at our best when we help create a sense of unity in our country and our culture.",0
3,32.0,4,7,There is no better example than the amazing response from our clubs and players to the terrible natural disasters we've experienced over the last month.,1
3,32.0,4,8,"Divisive comments like these demonstrate an unfortunate lack of respect for the NFL, our great game and all of our players, and a failure to understand the overwhelming force for good our clubs and players represent in our communities.""",1
3,32.0,4,9,"Goodell's statement came the morning after Trump's broadside against the NFL delivered during a Friday evening rally in Huntsville, Alabama, for Republican Senate candidate Luther Strange.",1
3,32.0,4,10,"During the September 22 rally, Trump called players who protest during the playing of the national anthem ""sons of b**ches"" and said he hoped NFL owners would ""fire"" them.",1
3,32.0,1,t,President Donald Trump Slams Commish Goodell for 'Justifying' the NFL's 'Disrespect' for Our Country,0
3,32.0,1,0,"On Saturday evening, Trump sent out a tweet urging the commissioner to ""tell them to stand!""",0
3,32.0,1,1,"""Roger Goodell of NFL just put out a statement trying to justify the total disrespect certain players show to our country,"" Trump tweeted on September 23.",0
3,32.0,1,2,"""Tell them to stand!""",0
3,32.0,1,3,he added.,0
3,32.0,1,4,"Trump's early evening tweet came several hours after a statement by the NFL chief who called the president ""divisive"" and said he failed to ""understand the overwhelming force for good"" the NFL offers the country.",0
3,32.0,1,5,"The NFL commish also touted his league as fostering ""unity"" despite the disunity that the protests he has allowed has caused the nation.",0
3,32.0,1,6,"On Saturday morning, Goodell said, ""The NFL and our players are at our best when we help create a sense of unity in our country and our culture.",0
3,32.0,1,7,There is no better example than the amazing response from our clubs and players to the terrible natural disasters we've experienced over the last month.,0
3,32.0,1,8,"Divisive comments like these demonstrate an unfortunate lack of respect for the NFL, our great game and all of our players, and a failure to understand the overwhelming force for good our clubs and players represent in our communities.""",1
3,32.0,1,9,"Goodell's statement came the morning after Trump's broadside against the NFL delivered during a Friday evening rally in Huntsville, Alabama, for Republican Senate candidate Luther Strange.",0
3,32.0,1,10,"During the September 22 rally, Trump called players who protest during the playing of the national anthem ""sons of b**ches"" and said he hoped NFL owners would ""fire"" them.",0
3,32.0,3,t,President Donald Trump Slams Commish Goodell for 'Justifying' the NFL's 'Disrespect' for Our Country,1
3,32.0,3,0,"On Saturday evening, Trump sent out a tweet urging the commissioner to ""tell them to stand!""",0
3,32.0,3,1,"""Roger Goodell of NFL just put out a statement trying to justify the total disrespect certain players show to our country,"" Trump tweeted on September 23.",1
3,32.0,3,2,"""Tell them to stand!""",1
3,32.0,3,3,he added.,0
3,32.0,3,4,"Trump's early evening tweet came several hours after a statement by the NFL chief who called the president ""divisive"" and said he failed to ""understand the overwhelming force for good"" the NFL offers the country.",0
3,32.0,3,5,"The NFL commish also touted his league as fostering ""unity"" despite the disunity that the protests he has allowed has caused the nation.",0
3,32.0,3,6,"On Saturday morning, Goodell said, ""The NFL and our players are at our best when we help create a sense of unity in our country and our culture.",0
3,32.0,3,7,There is no better example than the amazing response from our clubs and players to the terrible natural disasters we've experienced over the last month.,0
3,32.0,3,8,"Divisive comments like these demonstrate an unfortunate lack of respect for the NFL, our great game and all of our players, and a failure to understand the overwhelming force for good our clubs and players represent in our communities.""",0
3,32.0,3,9,"Goodell's statement came the morning after Trump's broadside against the NFL delivered during a Friday evening rally in Huntsville, Alabama, for Republican Senate candidate Luther Strange.",0
3,32.0,3,10,"During the September 22 rally, Trump called players who protest during the playing of the national anthem ""sons of b**ches"" and said he hoped NFL owners would ""fire"" them.",1
3,32.0,2,t,President Donald Trump Slams Commish Goodell for 'Justifying' the NFL's 'Disrespect' for Our Country,0
3,32.0,2,0,"On Saturday evening, Trump sent out a tweet urging the commissioner to ""tell them to stand!""",1
3,32.0,2,1,"""Roger Goodell of NFL just put out a statement trying to justify the total disrespect certain players show to our country,"" Trump tweeted on September 23.",0
3,32.0,2,2,"""Tell them to stand!""",0
3,32.0,2,3,he added.,0
3,32.0,2,4,"Trump's early evening tweet came several hours after a statement by the NFL chief who called the president ""divisive"" and said he failed to ""understand the overwhelming force for good"" the NFL offers the country.",0
3,32.0,2,5,"The NFL commish also touted his league as fostering ""unity"" despite the disunity that the protests he has allowed has caused the nation.",1
3,32.0,2,6,"On Saturday morning, Goodell said, ""The NFL and our players are at our best when we help create a sense of unity in our country and our culture.",0
3,32.0,2,7,There is no better example than the amazing response from our clubs and players to the terrible natural disasters we've experienced over the last month.,0
3,32.0,2,8,"Divisive comments like these demonstrate an unfortunate lack of respect for the NFL, our great game and all of our players, and a failure to understand the overwhelming force for good our clubs and players represent in our communities.""",1
3,32.0,2,9,"Goodell's statement came the morning after Trump's broadside against the NFL delivered during a Friday evening rally in Huntsville, Alabama, for Republican Senate candidate Luther Strange.",1
3,32.0,2,10,"During the September 22 rally, Trump called players who protest during the playing of the national anthem ""sons of b**ches"" and said he hoped NFL owners would ""fire"" them.",0
3,32.0,3,t,President Donald Trump Slams Commish Goodell for 'Justifying' the NFL's 'Disrespect' for Our Country,0
3,32.0,3,0,"On Saturday evening, Trump sent out a tweet urging the commissioner to ""tell them to stand!""",0
3,32.0,3,1,"""Roger Goodell of NFL just put out a statement trying to justify the total disrespect certain players show to our country,"" Trump tweeted on September 23.",0
3,32.0,3,2,"""Tell them to stand!""",0
3,32.0,3,3,he added.,0
3,32.0,3,4,"Trump's early evening tweet came several hours after a statement by the NFL chief who called the president ""divisive"" and said he failed to ""understand the overwhelming force for good"" the NFL offers the country.",0
3,32.0,3,5,"The NFL commish also touted his league as fostering ""unity"" despite the disunity that the protests he has allowed has caused the nation.",1
3,32.0,3,6,"On Saturday morning, Goodell said, ""The NFL and our players are at our best when we help create a sense of unity in our country and our culture.",1
3,32.0,3,7,There is no better example than the amazing response from our clubs and players to the terrible natural disasters we've experienced over the last month.,1
3,32.0,3,8,"Divisive comments like these demonstrate an unfortunate lack of respect for the NFL, our great game and all of our players, and a failure to understand the overwhelming force for good our clubs and players represent in our communities.""",0
3,32.0,3,9,"Goodell's statement came the morning after Trump's broadside against the NFL delivered during a Friday evening rally in Huntsville, Alabama, for Republican Senate candidate Luther Strange.",0
3,32.0,3,10,"During the September 22 rally, Trump called players who protest during the playing of the national anthem ""sons of b**ches"" and said he hoped NFL owners would ""fire"" them.",0
3,33.0,2,t,Trump doubles down on call to 'fire' NFL anthem protesters,0
3,33.0,2,0,"President Trump ratcheted up his war of words with the NFL Saturday, insisting again that the league should boot players who refuse to stand during the national anthem.",0
3,33.0,2,1,"""If a player wants the privilege of making millions of dollars in the NFL,or other leagues, he or she should not be allowed to disrespect .our Great American Flag (or Country) and should stand for the National Anthem.",0
3,33.0,2,2,"If not, YOU'RE FIRED.",1
3,33.0,2,3,"Find something else to do!""",1
3,33.0,2,4,"The salvo comes after the NFL and its players' union on Saturday slammed Trump for suggesting that owners fire players who kneel during the national anthem and that fans consider walking out in protest ""when somebody disrespects our flag.""",1
3,33.0,2,5,"""Divisive comments like these demonstrate an unfortunate lack of respect for the NFL, our great game and all of our players,"" the league commissioner, Roger Goodell, said in a statement.",1
3,33.0,2,6,"DeMaurice Smith, executive director of the NFL Players Association, tweeted: ""We will never back down.",1
3,33.0,2,7,"We no longer can afford to stick to sports.""",1
3,33.0,2,8,"Trump on Friday said at a Alabama rally that he's hoping team owners take a hard line stance against players who take a knee during ""The Star-Spangled Banner.""",1
3,33.0,2,t,Trump doubles down on call to 'fire' NFL anthem protesters,1
3,33.0,2,0,"President Trump ratcheted up his war of words with the NFL Saturday, insisting again that the league should boot players who refuse to stand during the national anthem.",0
3,33.0,2,1,"""If a player wants the privilege of making millions of dollars in the NFL,or other leagues, he or she should not be allowed to disrespect .our Great American Flag (or Country) and should stand for the National Anthem.",0
3,33.0,2,2,"If not, YOU'RE FIRED.",0
3,33.0,2,3,"Find something else to do!""",0
3,33.0,2,4,"The salvo comes after the NFL and its players' union on Saturday slammed Trump for suggesting that owners fire players who kneel during the national anthem and that fans consider walking out in protest ""when somebody disrespects our flag.""",0
3,33.0,2,5,"""Divisive comments like these demonstrate an unfortunate lack of respect for the NFL, our great game and all of our players,"" the league commissioner, Roger Goodell, said in a statement.",1
3,33.0,2,6,"DeMaurice Smith, executive director of the NFL Players Association, tweeted: ""We will never back down.",0
3,33.0,2,7,"We no longer can afford to stick to sports.""",0
3,33.0,2,8,"Trump on Friday said at a Alabama rally that he's hoping team owners take a hard line stance against players who take a knee during ""The Star-Spangled Banner.""",0
3,33.0,3,t,Trump doubles down on call to 'fire' NFL anthem protesters,1
3,33.0,3,0,"President Trump ratcheted up his war of words with the NFL Saturday, insisting again that the league should boot players who refuse to stand during the national anthem.",0
3,33.0,3,1,"""If a player wants the privilege of making millions of dollars in the NFL,or other leagues, he or she should not be allowed to disrespect .our Great American Flag (or Country) and should stand for the National Anthem.",0
3,33.0,3,2,"If not, YOU'RE FIRED.",0
3,33.0,3,3,"Find something else to do!""",0
3,33.0,3,4,"The salvo comes after the NFL and its players' union on Saturday slammed Trump for suggesting that owners fire players who kneel during the national anthem and that fans consider walking out in protest ""when somebody disrespects our flag.""",0
3,33.0,3,5,"""Divisive comments like these demonstrate an unfortunate lack of respect for the NFL, our great game and all of our players,"" the league commissioner, Roger Goodell, said in a statement.",0
3,33.0,3,6,"DeMaurice Smith, executive director of the NFL Players Association, tweeted: ""We will never back down.",0
3,33.0,3,7,"We no longer can afford to stick to sports.""",0
3,33.0,3,8,"Trump on Friday said at a Alabama rally that he's hoping team owners take a hard line stance against players who take a knee during ""The Star-Spangled Banner.""",0
3,33.0,2,t,Trump doubles down on call to 'fire' NFL anthem protesters,0
3,33.0,2,0,"President Trump ratcheted up his war of words with the NFL Saturday, insisting again that the league should boot players who refuse to stand during the national anthem.",0
3,33.0,2,1,"""If a player wants the privilege of making millions of dollars in the NFL,or other leagues, he or she should not be allowed to disrespect .our Great American Flag (or Country) and should stand for the National Anthem.",1
3,33.0,2,2,"If not, YOU'RE FIRED.",0
3,33.0,2,3,"Find something else to do!""",1
3,33.0,2,4,"The salvo comes after the NFL and its players' union on Saturday slammed Trump for suggesting that owners fire players who kneel during the national anthem and that fans consider walking out in protest ""when somebody disrespects our flag.""",0
3,33.0,2,5,"""Divisive comments like these demonstrate an unfortunate lack of respect for the NFL, our great game and all of our players,"" the league commissioner, Roger Goodell, said in a statement.",1
3,33.0,2,6,"DeMaurice Smith, executive director of the NFL Players Association, tweeted: ""We will never back down.",0
3,33.0,2,7,"We no longer can afford to stick to sports.""",0
3,33.0,2,8,"Trump on Friday said at a Alabama rally that he's hoping team owners take a hard line stance against players who take a knee during ""The Star-Spangled Banner.""",0
3,33.0,2,t,Trump doubles down on call to 'fire' NFL anthem protesters,0
3,33.0,2,0,"President Trump ratcheted up his war of words with the NFL Saturday, insisting again that the league should boot players who refuse to stand during the national anthem.",1
3,33.0,2,1,"""If a player wants the privilege of making millions of dollars in the NFL,or other leagues, he or she should not be allowed to disrespect .our Great American Flag (or Country) and should stand for the National Anthem.",0
3,33.0,2,2,"If not, YOU'RE FIRED.",0
3,33.0,2,3,"Find something else to do!""",0
3,33.0,2,4,"The salvo comes after the NFL and its players' union on Saturday slammed Trump for suggesting that owners fire players who kneel during the national anthem and that fans consider walking out in protest ""when somebody disrespects our flag.""",0
3,33.0,2,5,"""Divisive comments like these demonstrate an unfortunate lack of respect for the NFL, our great game and all of our players,"" the league commissioner, Roger Goodell, said in a statement.",0
3,33.0,2,6,"DeMaurice Smith, executive director of the NFL Players Association, tweeted: ""We will never back down.",0
3,33.0,2,7,"We no longer can afford to stick to sports.""",0
3,33.0,2,8,"Trump on Friday said at a Alabama rally that he's hoping team owners take a hard line stance against players who take a knee during ""The Star-Spangled Banner.""",0
3,34.0,4,t,Teresa Kaepernick On Trump Calling Injustice Protesters Sons Of Bitches,1
3,34.0,4,0,"President Donald Trump has made something of a hobby out of attacking private citizens, Colin Kaepernick among them.",1
3,34.0,4,1,"During a rally held in Alabama last night, he referred to Kaepernick (among others), though not by name, saying that NFL owners should, when faced with a player kneeling during the national anthem, ""get that son of a bitch off the field.""",1
3,34.0,4,2,This demonstrated an already-evident dearth of intellect and a possible lack of understanding that Kaepernick is off the field due mainly if not entirely to his silent protests against police brutality.,1
3,34.0,4,3,"Kaepernick's mom, Teresa, who has never shied away from expressing her beliefs on Twitter-especially when it comes to her kids-responded in the most appropriate way possible:",0
3,34.0,4,4,I called Teresa today to ask her how it feels to have the president of the United States trashing her son and his right to protest over and over again.,1
3,34.0,4,5,"She made clear that she speaks only for herself, and never for Colin, but here is a conversation with Teresa, which has been lightly edited for clarity:",0
3,34.0,4,6,"Deadspin: Has it stopped being interesting this year, though?",0
3,34.0,4,7,"Teresa: Uh, no.",0
3,34.0,4,8,It hasn't.,0
3,34.0,4,9,"You know, I always say to my husband ... we don't get too upset over most of this stuff anymore.",0
3,34.0,4,10,"He and I will look at each other and say, ""We do lead an interesting life, I guess.""",0
3,34.0,4,11,"I mean, how else are you gonna look at it?",0
3,34.0,4,12,I can't be losing sleep over this kind of stuff.,0
3,34.0,4,13,"It's disappointing that Trump is the president and talks the way he talks, though.",1
3,34.0,4,14,It's just incredibly disappointing.,0
3,34.0,4,15,"Rick and I had never been real political people, but prior to when all of the campaigning was going on, I mean, it didn't take more than a minute to realize we didn't want Donald Trump in the presidency.",1
3,34.0,4,16,"The guy is not all there, and I can't tell you how shocked we were when he won, but we have been pretty vocal about it since long before Colin took a knee.",1
3,34.0,4,17,"So, we have some pretty strong feelings about that part of things.",0
3,34.0,4,18,"To see this man that you have no respect for, basically because of all that he's done in this presidency so far, slandering my kid publicly ...",1
3,34.0,4,19,"This is the third time from the podium-always at his rallies, never at a regular press conferences where someone questioned him.",1
3,34.0,2,t,Teresa Kaepernick On Trump Calling Injustice Protesters Sons Of Bitches,0
3,34.0,2,0,"President Donald Trump has made something of a hobby out of attacking private citizens, Colin Kaepernick among them.",0
3,34.0,2,1,"During a rally held in Alabama last night, he referred to Kaepernick (among others), though not by name, saying that NFL owners should, when faced with a player kneeling during the national anthem, ""get that son of a bitch off the field.""",0
3,34.0,2,2,This demonstrated an already-evident dearth of intellect and a possible lack of understanding that Kaepernick is off the field due mainly if not entirely to his silent protests against police brutality.,0
3,34.0,2,3,"Kaepernick's mom, Teresa, who has never shied away from expressing her beliefs on Twitter-especially when it comes to her kids-responded in the most appropriate way possible:",0
3,34.0,2,4,I called Teresa today to ask her how it feels to have the president of the United States trashing her son and his right to protest over and over again.,0
3,34.0,2,5,"She made clear that she speaks only for herself, and never for Colin, but here is a conversation with Teresa, which has been lightly edited for clarity:",1
3,34.0,2,6,"Deadspin: Has it stopped being interesting this year, though?",0
3,34.0,2,7,"Teresa: Uh, no.",0
3,34.0,2,8,It hasn't.,0
3,34.0,2,9,"You know, I always say to my husband ... we don't get too upset over most of this stuff anymore.",0
3,34.0,2,10,"He and I will look at each other and say, ""We do lead an interesting life, I guess.""",0
3,34.0,2,11,"I mean, how else are you gonna look at it?",1
3,34.0,2,12,I can't be losing sleep over this kind of stuff.,0
3,34.0,2,13,"It's disappointing that Trump is the president and talks the way he talks, though.",0
3,34.0,2,14,It's just incredibly disappointing.,0
3,34.0,2,15,"Rick and I had never been real political people, but prior to when all of the campaigning was going on, I mean, it didn't take more than a minute to realize we didn't want Donald Trump in the presidency.",0
3,34.0,2,16,"The guy is not all there, and I can't tell you how shocked we were when he won, but we have been pretty vocal about it since long before Colin took a knee.",0
3,34.0,2,17,"So, we have some pretty strong feelings about that part of things.",0
3,34.0,2,18,"To see this man that you have no respect for, basically because of all that he's done in this presidency so far, slandering my kid publicly ...",0
3,34.0,2,19,"This is the third time from the podium-always at his rallies, never at a regular press conferences where someone questioned him.",0
3,34.0,4,t,Teresa Kaepernick On Trump Calling Injustice Protesters Sons Of Bitches,1
3,34.0,4,0,"President Donald Trump has made something of a hobby out of attacking private citizens, Colin Kaepernick among them.",1
3,34.0,4,1,"During a rally held in Alabama last night, he referred to Kaepernick (among others), though not by name, saying that NFL owners should, when faced with a player kneeling during the national anthem, ""get that son of a bitch off the field.""",0
3,34.0,4,2,This demonstrated an already-evident dearth of intellect and a possible lack of understanding that Kaepernick is off the field due mainly if not entirely to his silent protests against police brutality.,1
3,34.0,4,3,"Kaepernick's mom, Teresa, who has never shied away from expressing her beliefs on Twitter-especially when it comes to her kids-responded in the most appropriate way possible:",1
3,34.0,4,4,I called Teresa today to ask her how it feels to have the president of the United States trashing her son and his right to protest over and over again.,1
3,34.0,4,5,"She made clear that she speaks only for herself, and never for Colin, but here is a conversation with Teresa, which has been lightly edited for clarity:",1
3,34.0,4,6,"Deadspin: Has it stopped being interesting this year, though?",0
3,34.0,4,7,"Teresa: Uh, no.",0
3,34.0,4,8,It hasn't.,0
3,34.0,4,9,"You know, I always say to my husband ... we don't get too upset over most of this stuff anymore.",0
3,34.0,4,10,"He and I will look at each other and say, ""We do lead an interesting life, I guess.""",0
3,34.0,4,11,"I mean, how else are you gonna look at it?",0
3,34.0,4,12,I can't be losing sleep over this kind of stuff.,0
3,34.0,4,13,"It's disappointing that Trump is the president and talks the way he talks, though.",0
3,34.0,4,14,It's just incredibly disappointing.,0
3,34.0,4,15,"Rick and I had never been real political people, but prior to when all of the campaigning was going on, I mean, it didn't take more than a minute to realize we didn't want Donald Trump in the presidency.",1
3,34.0,4,16,"The guy is not all there, and I can't tell you how shocked we were when he won, but we have been pretty vocal about it since long before Colin took a knee.",0
3,34.0,4,17,"So, we have some pretty strong feelings about that part of things.",0
3,34.0,4,18,"To see this man that you have no respect for, basically because of all that he's done in this presidency so far, slandering my kid publicly ...",0
3,34.0,4,19,"This is the third time from the podium-always at his rallies, never at a regular press conferences where someone questioned him.",0
3,34.0,3,t,Teresa Kaepernick On Trump Calling Injustice Protesters Sons Of Bitches,0
3,34.0,3,0,"President Donald Trump has made something of a hobby out of attacking private citizens, Colin Kaepernick among them.",0
3,34.0,3,1,"During a rally held in Alabama last night, he referred to Kaepernick (among others), though not by name, saying that NFL owners should, when faced with a player kneeling during the national anthem, ""get that son of a bitch off the field.""",1
3,34.0,3,2,This demonstrated an already-evident dearth of intellect and a possible lack of understanding that Kaepernick is off the field due mainly if not entirely to his silent protests against police brutality.,0
3,34.0,3,3,"Kaepernick's mom, Teresa, who has never shied away from expressing her beliefs on Twitter-especially when it comes to her kids-responded in the most appropriate way possible:",0
3,34.0,3,4,I called Teresa today to ask her how it feels to have the president of the United States trashing her son and his right to protest over and over again.,1
3,34.0,3,5,"She made clear that she speaks only for herself, and never for Colin, but here is a conversation with Teresa, which has been lightly edited for clarity:",0
3,34.0,3,6,"Deadspin: Has it stopped being interesting this year, though?",1
3,34.0,3,7,"Teresa: Uh, no.",0
3,34.0,3,8,It hasn't.,0
3,34.0,3,9,"You know, I always say to my husband ... we don't get too upset over most of this stuff anymore.",0
3,34.0,3,10,"He and I will look at each other and say, ""We do lead an interesting life, I guess.""",0
3,34.0,3,11,"I mean, how else are you gonna look at it?",1
3,34.0,3,12,I can't be losing sleep over this kind of stuff.,1
3,34.0,3,13,"It's disappointing that Trump is the president and talks the way he talks, though.",0
3,34.0,3,14,It's just incredibly disappointing.,0
3,34.0,3,15,"Rick and I had never been real political people, but prior to when all of the campaigning was going on, I mean, it didn't take more than a minute to realize we didn't want Donald Trump in the presidency.",1
3,34.0,3,16,"The guy is not all there, and I can't tell you how shocked we were when he won, but we have been pretty vocal about it since long before Colin took a knee.",0
3,34.0,3,17,"So, we have some pretty strong feelings about that part of things.",0
3,34.0,3,18,"To see this man that you have no respect for, basically because of all that he's done in this presidency so far, slandering my kid publicly ...",1
3,34.0,3,19,"This is the third time from the podium-always at his rallies, never at a regular press conferences where someone questioned him.",0
3,34.0,1,t,Teresa Kaepernick On Trump Calling Injustice Protesters Sons Of Bitches,0
3,34.0,1,0,"President Donald Trump has made something of a hobby out of attacking private citizens, Colin Kaepernick among them.",0
3,34.0,1,1,"During a rally held in Alabama last night, he referred to Kaepernick (among others), though not by name, saying that NFL owners should, when faced with a player kneeling during the national anthem, ""get that son of a bitch off the field.""",0
3,34.0,1,2,This demonstrated an already-evident dearth of intellect and a possible lack of understanding that Kaepernick is off the field due mainly if not entirely to his silent protests against police brutality.,0
3,34.0,1,3,"Kaepernick's mom, Teresa, who has never shied away from expressing her beliefs on Twitter-especially when it comes to her kids-responded in the most appropriate way possible:",0
3,34.0,1,4,I called Teresa today to ask her how it feels to have the president of the United States trashing her son and his right to protest over and over again.,0
3,34.0,1,5,"She made clear that she speaks only for herself, and never for Colin, but here is a conversation with Teresa, which has been lightly edited for clarity:",0
3,34.0,1,6,"Deadspin: Has it stopped being interesting this year, though?",0
3,34.0,1,7,"Teresa: Uh, no.",0
3,34.0,1,8,It hasn't.,0
3,34.0,1,9,"You know, I always say to my husband ... we don't get too upset over most of this stuff anymore.",0
3,34.0,1,10,"He and I will look at each other and say, ""We do lead an interesting life, I guess.""",0
3,34.0,1,11,"I mean, how else are you gonna look at it?",0
3,34.0,1,12,I can't be losing sleep over this kind of stuff.,0
3,34.0,1,13,"It's disappointing that Trump is the president and talks the way he talks, though.",0
3,34.0,1,14,It's just incredibly disappointing.,0
3,34.0,1,15,"Rick and I had never been real political people, but prior to when all of the campaigning was going on, I mean, it didn't take more than a minute to realize we didn't want Donald Trump in the presidency.",0
3,34.0,1,16,"The guy is not all there, and I can't tell you how shocked we were when he won, but we have been pretty vocal about it since long before Colin took a knee.",0
3,34.0,1,17,"So, we have some pretty strong feelings about that part of things.",0
3,34.0,1,18,"To see this man that you have no respect for, basically because of all that he's done in this presidency so far, slandering my kid publicly ...",0
3,34.0,1,19,"This is the third time from the podium-always at his rallies, never at a regular press conferences where someone questioned him.",0
3,35.0,4,t,Trump Wants 'Son of a Bitch' NFL Players Fired But Colin Kaepernick-And His Mom-Are Fighting Back,1
3,35.0,4,0,"At an Alabama rally Friday night President Trump lashed out at familiar targets, including Hilary Clinton and the media but also singled out a new opponent: NFL players who have held protests during the national anthem.",1
3,35.0,4,1,"Trump told the Republican rally that such actions ""disrespect our heritage.""",0
3,35.0,4,2,"""Wouldn't you love to see one of these NFL owners, when somebody disrespects our flag, to say, 'Get that son of a bitch off the field right now, out, he's fired.",1
3,35.0,4,3,"He's fired,'"" Trump said.",1
3,35.0,4,4,Keep up with this story and more by subscribing now,0
3,35.0,4,5,"""You know, some owner is going to do that.",1
3,35.0,4,6,"He's going to say, 'That guy that disrespects our flag, he's fired.'",1
3,35.0,4,7,"And that owner, they don't know it [but] they'll be the most popular person in this country.""",0
3,35.0,4,8,He went on to encourage spectators to boycott games where national anthem protests take place.,0
3,35.0,4,9,"""But do you know what's hurting the game more than that?""",0
3,35.0,4,10,he said.,0
3,35.0,4,11,"""When people like yourselves turn on television and you see those people taking the knee when they're playing our great national anthem.",1
3,35.0,4,12,"The only thing you could do better is if you see it, even if it's one player, leave the stadium.",1
3,35.0,4,13,"""I guarantee things will stop.",0
3,35.0,4,14,Things will stop.,0
3,35.0,4,15,Just pick up and leave.,1
3,35.0,4,16,Pick up and leave.,1
3,35.0,4,17,"Not the same game anymore, anyway.""",0
3,35.0,4,18,Trump's rant did not go unnoticed-by the mother of Colin Kaepernick.,1
3,35.0,4,19,"Responding to the president's rant, Teresa Kaepernick tweeted, ""Guess that makes me a proud bitch!""",1
3,35.0,2,t,Trump Wants 'Son of a Bitch' NFL Players Fired But Colin Kaepernick-And His Mom-Are Fighting Back,0
3,35.0,2,0,"At an Alabama rally Friday night President Trump lashed out at familiar targets, including Hilary Clinton and the media but also singled out a new opponent: NFL players who have held protests during the national anthem.",0
3,35.0,2,1,"Trump told the Republican rally that such actions ""disrespect our heritage.""",0
3,35.0,2,2,"""Wouldn't you love to see one of these NFL owners, when somebody disrespects our flag, to say, 'Get that son of a bitch off the field right now, out, he's fired.",0
3,35.0,2,3,"He's fired,'"" Trump said.",0
3,35.0,2,4,Keep up with this story and more by subscribing now,0
3,35.0,2,5,"""You know, some owner is going to do that.",0
3,35.0,2,6,"He's going to say, 'That guy that disrespects our flag, he's fired.'",0
3,35.0,2,7,"And that owner, they don't know it [but] they'll be the most popular person in this country.""",0
3,35.0,2,8,He went on to encourage spectators to boycott games where national anthem protests take place.,0
3,35.0,2,9,"""But do you know what's hurting the game more than that?""",0
3,35.0,2,10,he said.,0
3,35.0,2,11,"""When people like yourselves turn on television and you see those people taking the knee when they're playing our great national anthem.",0
3,35.0,2,12,"The only thing you could do better is if you see it, even if it's one player, leave the stadium.",0
3,35.0,2,13,"""I guarantee things will stop.",1
3,35.0,2,14,Things will stop.,0
3,35.0,2,15,Just pick up and leave.,0
3,35.0,2,16,Pick up and leave.,1
3,35.0,2,17,"Not the same game anymore, anyway.""",0
3,35.0,2,18,Trump's rant did not go unnoticed-by the mother of Colin Kaepernick.,0
3,35.0,2,19,"Responding to the president's rant, Teresa Kaepernick tweeted, ""Guess that makes me a proud bitch!""",1
3,35.0,4,t,Trump Wants 'Son of a Bitch' NFL Players Fired But Colin Kaepernick-And His Mom-Are Fighting Back,1
3,35.0,4,0,"At an Alabama rally Friday night President Trump lashed out at familiar targets, including Hilary Clinton and the media but also singled out a new opponent: NFL players who have held protests during the national anthem.",0
3,35.0,4,1,"Trump told the Republican rally that such actions ""disrespect our heritage.""",1
3,35.0,4,2,"""Wouldn't you love to see one of these NFL owners, when somebody disrespects our flag, to say, 'Get that son of a bitch off the field right now, out, he's fired.",0
3,35.0,4,3,"He's fired,'"" Trump said.",0
3,35.0,4,4,Keep up with this story and more by subscribing now,0
3,35.0,4,5,"""You know, some owner is going to do that.",0
3,35.0,4,6,"He's going to say, 'That guy that disrespects our flag, he's fired.'",0
3,35.0,4,7,"And that owner, they don't know it [but] they'll be the most popular person in this country.""",0
3,35.0,4,8,He went on to encourage spectators to boycott games where national anthem protests take place.,0
3,35.0,4,9,"""But do you know what's hurting the game more than that?""",0
3,35.0,4,10,he said.,0
3,35.0,4,11,"""When people like yourselves turn on television and you see those people taking the knee when they're playing our great national anthem.",0
3,35.0,4,12,"The only thing you could do better is if you see it, even if it's one player, leave the stadium.",0
3,35.0,4,13,"""I guarantee things will stop.",0
3,35.0,4,14,Things will stop.,0
3,35.0,4,15,Just pick up and leave.,0
3,35.0,4,16,Pick up and leave.,0
3,35.0,4,17,"Not the same game anymore, anyway.""",0
3,35.0,4,18,Trump's rant did not go unnoticed-by the mother of Colin Kaepernick.,1
3,35.0,4,19,"Responding to the president's rant, Teresa Kaepernick tweeted, ""Guess that makes me a proud bitch!""",1
3,35.0,3,t,Trump Wants 'Son of a Bitch' NFL Players Fired But Colin Kaepernick-And His Mom-Are Fighting Back,1
3,35.0,3,0,"At an Alabama rally Friday night President Trump lashed out at familiar targets, including Hilary Clinton and the media but also singled out a new opponent: NFL players who have held protests during the national anthem.",1
3,35.0,3,1,"Trump told the Republican rally that such actions ""disrespect our heritage.""",0
3,35.0,3,2,"""Wouldn't you love to see one of these NFL owners, when somebody disrespects our flag, to say, 'Get that son of a bitch off the field right now, out, he's fired.",0
3,35.0,3,3,"He's fired,'"" Trump said.",0
3,35.0,3,4,Keep up with this story and more by subscribing now,1
3,35.0,3,5,"""You know, some owner is going to do that.",0
3,35.0,3,6,"He's going to say, 'That guy that disrespects our flag, he's fired.'",1
3,35.0,3,7,"And that owner, they don't know it [but] they'll be the most popular person in this country.""",0
3,35.0,3,8,He went on to encourage spectators to boycott games where national anthem protests take place.,0
3,35.0,3,9,"""But do you know what's hurting the game more than that?""",0
3,35.0,3,10,he said.,0
3,35.0,3,11,"""When people like yourselves turn on television and you see those people taking the knee when they're playing our great national anthem.",1
3,35.0,3,12,"The only thing you could do better is if you see it, even if it's one player, leave the stadium.",0
3,35.0,3,13,"""I guarantee things will stop.",1
3,35.0,3,14,Things will stop.,0
3,35.0,3,15,Just pick up and leave.,0
3,35.0,3,16,Pick up and leave.,1
3,35.0,3,17,"Not the same game anymore, anyway.""",0
3,35.0,3,18,Trump's rant did not go unnoticed-by the mother of Colin Kaepernick.,0
3,35.0,3,19,"Responding to the president's rant, Teresa Kaepernick tweeted, ""Guess that makes me a proud bitch!""",1
3,35.0,1,t,Trump Wants 'Son of a Bitch' NFL Players Fired But Colin Kaepernick-And His Mom-Are Fighting Back,0
3,35.0,1,0,"At an Alabama rally Friday night President Trump lashed out at familiar targets, including Hilary Clinton and the media but also singled out a new opponent: NFL players who have held protests during the national anthem.",0
3,35.0,1,1,"Trump told the Republican rally that such actions ""disrespect our heritage.""",0
3,35.0,1,2,"""Wouldn't you love to see one of these NFL owners, when somebody disrespects our flag, to say, 'Get that son of a bitch off the field right now, out, he's fired.",0
3,35.0,1,3,"He's fired,'"" Trump said.",0
3,35.0,1,4,Keep up with this story and more by subscribing now,1
3,35.0,1,5,"""You know, some owner is going to do that.",1
3,35.0,1,6,"He's going to say, 'That guy that disrespects our flag, he's fired.'",0
3,35.0,1,7,"And that owner, they don't know it [but] they'll be the most popular person in this country.""",0
3,35.0,1,8,He went on to encourage spectators to boycott games where national anthem protests take place.,1
3,35.0,1,9,"""But do you know what's hurting the game more than that?""",0
3,35.0,1,10,he said.,0
3,35.0,1,11,"""When people like yourselves turn on television and you see those people taking the knee when they're playing our great national anthem.",1
3,35.0,1,12,"The only thing you could do better is if you see it, even if it's one player, leave the stadium.",0
3,35.0,1,13,"""I guarantee things will stop.",1
3,35.0,1,14,Things will stop.,0
3,35.0,1,15,Just pick up and leave.,0
3,35.0,1,16,Pick up and leave.,0
3,35.0,1,17,"Not the same game anymore, anyway.""",0
3,35.0,1,18,Trump's rant did not go unnoticed-by the mother of Colin Kaepernick.,0
3,35.0,1,19,"Responding to the president's rant, Teresa Kaepernick tweeted, ""Guess that makes me a proud bitch!""",0
