/opt/anaconda3/envs/tm_final/bin/python /Users/lujing/Desktop/cources/text_mining/final_ass/topic_biased_sentences_in_news/tm_final/bias_roberta_2.py 
FULL Dataset: (4140, 2)
TRAIN Dataset: (3312, 2)
TEST Dataset: (828, 2)
Some weights of RobertaModel were not initialized from the model checkpoint at roberta-base and are newly initialized: ['roberta.pooler.dense.bias', 'roberta.pooler.dense.weight']
You should probably TRAIN this model on a down-stream task to be able to use it for predictions and inference.
/opt/anaconda3/envs/tm_final/lib/python3.11/site-packages/torch/optim/lr_scheduler.py:28: UserWarning: The verbose parameter is deprecated. Please use get_last_lr() to access the learning rate.
  warnings.warn("The verbose parameter is deprecated. Please use get_last_lr() "
0it [00:00, ?it/s]outputs:tensor([[ 0.0936,  0.5698, -0.7526],
        [ 0.0215,  0.1920, -0.9056],
        [ 0.0765,  0.0991, -1.0214],
        [ 0.0283,  0.1047, -0.9436],
        [-0.0666,  0.4902, -1.1559],
        [-0.0778,  0.2375, -0.8729],
        [-0.0360,  0.0751, -0.9902],
        [ 0.1406,  0.1623, -0.9282]], grad_fn=<AddmmBackward0>)
targets:tensor([2, 2, 0, 1, 1, 1, 2, 2])
probs:tensor([[0.5234, 0.6387, 0.3203],
        [0.5054, 0.5478, 0.2879],
        [0.5191, 0.5248, 0.2648],
        [0.5071, 0.5262, 0.2802],
        [0.4834, 0.6202, 0.2394],
        [0.4806, 0.5591, 0.2947],
        [0.4910, 0.5188, 0.2709],
        [0.5351, 0.5405, 0.2833]], grad_fn=<SigmoidBackward0>)

Step: 0
Raw logits: tensor([ 0.0936,  0.5698, -0.7526], grad_fn=<SelectBackward0>)
Probabilities: tensor([0.5234, 0.6387, 0.3203], grad_fn=<SelectBackward0>)
Predictions distribution: [3 0 5 0]
Targets distribution: [1 3 4 0]
Loss: 4.544772624969482
Training Accuracy per 5 steps: 37.5
1it [00:22, 22.01s/it]outputs:tensor([[ 0.1891,  0.1439, -0.9988],
        [ 0.0921,  0.0359, -1.0465],
        [ 0.1055,  0.1589, -0.8758],
        [ 0.0612,  0.1533, -1.0539],
        [ 0.0245,  0.1607, -0.9974],
        [ 0.1440,  0.2002, -0.8721],
        [ 0.1093,  0.1543, -0.9340],
        [ 0.0340,  0.2155, -0.8733]], grad_fn=<AddmmBackward0>)
targets:tensor([3, 1, 3, 1, 2, 1, 2, 1])
probs:tensor([[0.5471, 0.5359, 0.2692],
        [0.5230, 0.5090, 0.2599],
        [0.5264, 0.5396, 0.2941],
        [0.5153, 0.5383, 0.2585],
        [0.5061, 0.5401, 0.2694],
        [0.5359, 0.5499, 0.2948],
        [0.5273, 0.5385, 0.2821],
        [0.5085, 0.5537, 0.2946]], grad_fn=<SigmoidBackward0>)
2it [00:42, 20.89s/it]outputs:tensor([[-0.0560,  0.3822, -1.0826],
        [ 0.2152,  0.1871, -0.9155],
        [ 0.0639,  0.2252, -0.8796],
        [ 0.0412,  0.1535, -0.9585],
        [ 0.1948,  0.2413, -1.0423],
        [ 0.0760,  0.1950, -0.8829],
        [ 0.1237,  0.2330, -0.9926],
        [ 0.1132,  0.1265, -0.9530]], grad_fn=<AddmmBackward0>)
targets:tensor([1, 3, 2, 3, 2, 2, 1, 2])
probs:tensor([[0.4860, 0.5944, 0.2530],
        [0.5536, 0.5466, 0.2859],
        [0.5160, 0.5561, 0.2933],
        [0.5103, 0.5383, 0.2772],
        [0.5485, 0.5600, 0.2607],
        [0.5190, 0.5486, 0.2926],
        [0.5309, 0.5580, 0.2704],
        [0.5283, 0.5316, 0.2783]], grad_fn=<SigmoidBackward0>)
3it [01:00, 19.93s/it]outputs:tensor([[ 0.0792,  0.0679, -0.9626],
        [ 0.3140,  0.2187, -1.1785],
        [ 0.0207,  0.0813, -1.0412],
        [ 0.1817,  0.1610, -1.0499],
        [ 0.0999,  0.2166, -1.0054],
        [ 0.1097,  0.1705, -0.9665],
        [ 0.2160,  0.2231, -0.9411],
        [ 0.1520,  0.2302, -1.0112]], grad_fn=<AddmmBackward0>)
targets:tensor([1, 2, 0, 2, 3, 0, 1, 1])
probs:tensor([[0.5198, 0.5170, 0.2764],
        [0.5779, 0.5544, 0.2353],
        [0.5052, 0.5203, 0.2609],
        [0.5453, 0.5402, 0.2592],
        [0.5249, 0.5539, 0.2679],
        [0.5274, 0.5425, 0.2756],
        [0.5538, 0.5555, 0.2807],
        [0.5379, 0.5573, 0.2667]], grad_fn=<SigmoidBackward0>)
4it [01:19, 19.45s/it]outputs:tensor([[ 0.7758,  0.2435, -1.2410],
        [ 0.1831,  0.0580, -0.9362],
        [ 0.1005,  0.1428, -0.9953],
        [ 0.1553,  0.2691, -1.0472],
        [ 0.2279,  0.3070, -1.0151],
        [ 0.1759,  0.3884, -0.9860],
        [ 0.1757,  0.1529, -0.8628],
        [ 0.1499,  0.2039, -0.8437]], grad_fn=<AddmmBackward0>)
targets:tensor([2, 1, 1, 0, 2, 3, 3, 3])
probs:tensor([[0.6848, 0.5606, 0.2243],
        [0.5456, 0.5145, 0.2817],
        [0.5251, 0.5356, 0.2699],
        [0.5388, 0.5669, 0.2598],
        [0.5567, 0.5762, 0.2660],
        [0.5439, 0.5959, 0.2717],
        [0.5438, 0.5381, 0.2968],
        [0.5374, 0.5508, 0.3008]], grad_fn=<SigmoidBackward0>)
5it [01:39, 19.52s/it]outputs:tensor([[ 0.3792,  0.2839, -1.0019],
        [ 0.2361,  0.1504, -0.8834],
        [ 0.3063,  0.1696, -1.0660],
        [ 0.7013,  0.6573, -1.0799],
        [ 0.3527,  0.2758, -0.9711],
        [ 0.2314,  0.0989, -0.9651],
        [ 0.2985,  0.2479, -0.9436],
        [ 0.4406,  0.4089, -1.0319]], grad_fn=<AddmmBackward0>)
targets:tensor([3, 2, 2, 0, 1, 2, 0, 0])
probs:tensor([[0.5937, 0.5705, 0.2686],
        [0.5588, 0.5375, 0.2925],
        [0.5760, 0.5423, 0.2562],
        [0.6685, 0.6587, 0.2535],
        [0.5873, 0.5685, 0.2747],
        [0.5576, 0.5247, 0.2759],
        [0.5741, 0.5617, 0.2802],
        [0.6084, 0.6008, 0.2627]], grad_fn=<SigmoidBackward0>)

Step: 5
Raw logits: tensor([ 0.3792,  0.2839, -1.0019], grad_fn=<SelectBackward0>)
Probabilities: tensor([0.5937, 0.5705, 0.2686], grad_fn=<SelectBackward0>)
Predictions distribution: [ 4  0 44  0]
Targets distribution: [ 7 15 17  9]
Loss: 3.773568868637085
Training Accuracy per 5 steps: 33.333333333333336
6it [01:57, 19.22s/it]outputs:tensor([[ 0.4729,  0.1676, -1.0578],
        [ 0.6183,  0.5411, -0.6958],
        [ 0.6851,  0.4526, -1.3358],
        [ 0.2915,  0.1133, -0.7916],
        [ 0.3485,  0.4150, -0.9759],
        [ 0.1652,  0.1738, -1.0121],
        [ 0.1992,  0.2496, -0.8463],
        [ 1.0031,  0.3640, -0.8404]], grad_fn=<AddmmBackward0>)
targets:tensor([1, 0, 0, 2, 0, 2, 1, 0])
probs:tensor([[0.6161, 0.5418, 0.2577],
        [0.6498, 0.6321, 0.3328],
        [0.6649, 0.6112, 0.2082],
        [0.5724, 0.5283, 0.3118],
        [0.5862, 0.6023, 0.2737],
        [0.5412, 0.5433, 0.2666],
        [0.5496, 0.5621, 0.3002],
        [0.7317, 0.5900, 0.3014]], grad_fn=<SigmoidBackward0>)
7it [02:17, 19.49s/it]outputs:tensor([[ 0.2771,  0.1388, -0.9110],
        [ 0.5392,  0.4122, -1.0292],
        [ 0.3806,  0.3523, -1.0634],
        [ 0.7408,  0.4211, -1.1028],
        [ 0.4088,  0.1550, -0.9612],
        [ 0.6018,  0.6697, -1.1574],
        [ 0.4827,  0.3099, -1.0148],
        [ 0.4637,  0.3571, -0.8120]], grad_fn=<AddmmBackward0>)
targets:tensor([2, 0, 1, 0, 2, 2, 2, 1])
probs:tensor([[0.5688, 0.5346, 0.2868],
        [0.6316, 0.6016, 0.2632],
        [0.5940, 0.5872, 0.2567],
        [0.6772, 0.6037, 0.2492],
        [0.6008, 0.5387, 0.2766],
        [0.6461, 0.6614, 0.2391],
        [0.6184, 0.5769, 0.2660],
        [0.6139, 0.5883, 0.3075]], grad_fn=<SigmoidBackward0>)
8it [02:35, 18.84s/it]outputs:tensor([[ 0.6891,  0.4767, -0.9725],
        [ 0.4689,  0.5681, -0.9828],
        [ 0.1919,  0.1839, -1.0749],
        [ 0.9594,  0.8363, -1.1099],
        [ 0.9025,  0.5289, -0.8180],
        [ 0.2670,  0.1995, -0.9889],
        [ 0.1373,  0.1264, -0.9541],
        [ 0.1930,  0.2848, -0.8575]], grad_fn=<AddmmBackward0>)
targets:tensor([2, 2, 1, 1, 1, 1, 0, 1])
probs:tensor([[0.6658, 0.6170, 0.2744],
        [0.6151, 0.6383, 0.2723],
        [0.5478, 0.5458, 0.2545],
        [0.7230, 0.6977, 0.2479],
        [0.7115, 0.6292, 0.3062],
        [0.5663, 0.5497, 0.2711],
        [0.5343, 0.5315, 0.2781],
        [0.5481, 0.5707, 0.2979]], grad_fn=<SigmoidBackward0>)
9it [02:54, 18.81s/it]outputs:tensor([[ 1.1328,  0.4934, -1.0000],
        [ 0.8009,  0.4644, -0.9215],
        [ 0.5170,  0.2680, -1.0804],
        [ 0.9250,  0.5374, -1.1383],
        [ 0.4415,  0.3633, -1.0627],
        [ 0.4806,  0.1935, -0.9611],
        [ 0.3606,  0.2332, -0.9999],
        [ 0.3344,  0.1155, -0.9105]], grad_fn=<AddmmBackward0>)
targets:tensor([0, 3, 1, 1, 2, 1, 2, 1])
probs:tensor([[0.7564, 0.6209, 0.2689],
        [0.6902, 0.6141, 0.2847],
        [0.6264, 0.5666, 0.2534],
        [0.7161, 0.6312, 0.2426],
        [0.6086, 0.5898, 0.2568],
        [0.6179, 0.5482, 0.2767],
        [0.5892, 0.5580, 0.2690],
        [0.5828, 0.5288, 0.2869]], grad_fn=<SigmoidBackward0>)
10it [03:13, 18.86s/it]outputs:tensor([[ 0.7233,  0.3797, -1.0231],
        [ 1.2814,  0.6103, -1.0875],
        [ 1.1132,  0.5063, -1.1728],
        [ 0.5528,  0.2216, -1.0406],
        [ 0.4289,  0.2891, -0.8765],
        [ 0.9665,  0.2559, -1.2305],
        [ 1.0412,  0.5695, -1.3055],
        [ 0.3456,  0.3062, -0.9547]], grad_fn=<AddmmBackward0>)
targets:tensor([2, 2, 2, 0, 1, 2, 1, 1])
probs:tensor([[0.6733, 0.5938, 0.2644],
        [0.7827, 0.6480, 0.2521],
        [0.7527, 0.6239, 0.2364],
        [0.6348, 0.5552, 0.2610],
        [0.6056, 0.5718, 0.2939],
        [0.7244, 0.5636, 0.2261],
        [0.7391, 0.6386, 0.2132],
        [0.5856, 0.5759, 0.2779]], grad_fn=<SigmoidBackward0>)

Step: 10
Raw logits: tensor([ 0.7233,  0.3797, -1.0231], grad_fn=<SelectBackward0>)
Probabilities: tensor([0.6733, 0.5938, 0.2644], grad_fn=<SelectBackward0>)
Predictions distribution: [ 4  0 84  0]
Targets distribution: [16 31 31 10]
Loss: 3.0838265419006348
Training Accuracy per 5 steps: 34.09090909090909
11it [03:34, 19.76s/it]outputs:tensor([[ 0.4727,  0.1649, -1.0445],
        [ 1.3560,  0.4168, -0.8662],
        [ 1.2388,  0.6475, -0.9760],
        [ 0.6620,  0.3244, -0.9592],
        [ 0.5192,  0.1932, -1.0406],
        [ 0.4276,  0.1340, -0.9929],
        [ 1.1772,  0.4511, -0.9187],
        [ 1.2816,  0.3646, -1.0910]], grad_fn=<AddmmBackward0>)
targets:tensor([1, 0, 0, 0, 2, 0, 2, 0])
probs:tensor([[0.6160, 0.5411, 0.2603],
        [0.7951, 0.6027, 0.2961],
        [0.7754, 0.6564, 0.2737],
        [0.6597, 0.5804, 0.2770],
        [0.6270, 0.5482, 0.2610],
        [0.6053, 0.5335, 0.2703],
        [0.7644, 0.6109, 0.2852],
        [0.7827, 0.5901, 0.2514]], grad_fn=<SigmoidBackward0>)
12it [04:01, 21.70s/it]outputs:tensor([[ 1.1454,  0.6584, -1.1541],
        [ 1.3005,  0.3238, -1.1072],
        [ 1.3952,  0.7027, -1.3928],
        [ 1.2738,  0.2995, -0.9666],
        [ 0.9625,  0.1333, -1.0909],
        [ 1.3289,  0.4026, -1.1255],
        [ 0.4324,  0.2106, -1.0400],
        [ 1.4895,  0.5639, -1.1619]], grad_fn=<AddmmBackward0>)
targets:tensor([0, 3, 0, 1, 1, 0, 0, 2])
probs:tensor([[0.7587, 0.6589, 0.2397],
        [0.7859, 0.5802, 0.2484],
        [0.8014, 0.6688, 0.1990],
        [0.7814, 0.5743, 0.2756],
        [0.7236, 0.5333, 0.2515],
        [0.7907, 0.5993, 0.2450],
        [0.6064, 0.5525, 0.2611],
        [0.8160, 0.6374, 0.2383]], grad_fn=<SigmoidBackward0>)
13it [04:25, 22.60s/it]outputs:tensor([[ 1.3456,  0.5377, -1.0377],
        [ 0.5700,  0.3761, -0.9270],
        [ 1.5962,  0.4721, -1.2307],
        [ 0.2464,  0.2091, -1.0080],
        [ 1.6498,  0.5392, -1.1494],
        [ 1.7488,  0.5997, -1.3125],
        [ 1.5893,  0.3976, -1.1635],
        [ 1.6878,  0.8690, -1.2109]], grad_fn=<AddmmBackward0>)
targets:tensor([0, 1, 2, 1, 2, 2, 3, 3])
probs:tensor([[0.7934, 0.6313, 0.2616],
        [0.6388, 0.5929, 0.2835],
        [0.8315, 0.6159, 0.2261],
        [0.5613, 0.5521, 0.2674],
        [0.8389, 0.6316, 0.2406],
        [0.8518, 0.6456, 0.2121],
        [0.8305, 0.5981, 0.2380],
        [0.8439, 0.7045, 0.2295]], grad_fn=<SigmoidBackward0>)
14it [04:51, 23.51s/it]outputs:tensor([[ 1.4973,  0.4344, -1.4441],
        [ 1.6960,  0.3435, -1.3740],
        [ 1.2621,  0.2751, -1.0832],
        [ 0.7091,  0.3698, -0.8998],
        [ 1.0498,  0.4077, -0.8761],
        [ 1.4973,  0.5224, -1.2404],
        [ 1.7046,  0.6198, -0.6511],
        [ 1.4394,  0.8437, -0.8663]], grad_fn=<AddmmBackward0>)
targets:tensor([3, 0, 0, 2, 0, 0, 0, 0])
probs:tensor([[0.8172, 0.6069, 0.1909],
        [0.8450, 0.5850, 0.2020],
        [0.7794, 0.5683, 0.2529],
        [0.6702, 0.5914, 0.2891],
        [0.7407, 0.6005, 0.2940],
        [0.8172, 0.6277, 0.2244],
        [0.8461, 0.6502, 0.3427],
        [0.8084, 0.6993, 0.2960]], grad_fn=<SigmoidBackward0>)
15it [05:14, 23.45s/it]outputs:tensor([[ 1.2049,  0.3765, -1.1519],
        [ 1.7902,  0.6597, -0.8718],
        [ 0.9324,  0.6108, -1.0089],
        [ 1.7435,  0.5318, -1.4789],
        [ 1.5507,  0.3342, -1.4196],
        [ 1.8040,  0.3590, -1.2245],
        [ 0.7674,  0.1399, -0.9779],
        [ 1.2923,  0.3742, -1.1462]], grad_fn=<AddmmBackward0>)
targets:tensor([0, 1, 2, 1, 1, 3, 0, 2])
probs:tensor([[0.7694, 0.5930, 0.2401],
        [0.8569, 0.6592, 0.2949],
        [0.7176, 0.6481, 0.2672],
        [0.8511, 0.6299, 0.1856],
        [0.8250, 0.5828, 0.1947],
        [0.8586, 0.5888, 0.2272],
        [0.6829, 0.5349, 0.2733],
        [0.7845, 0.5925, 0.2412]], grad_fn=<SigmoidBackward0>)

Step: 15
Raw logits: tensor([ 1.2049,  0.3765, -1.1519], grad_fn=<SelectBackward0>)
Probabilities: tensor([0.7694, 0.5930, 0.2401], grad_fn=<SelectBackward0>)
Predictions distribution: [  4   0 124   0]
Targets distribution: [34 39 40 15]
Loss: 2.6015172004699707
Training Accuracy per 5 steps: 30.46875
16it [05:32, 21.90s/it]outputs:tensor([[ 0.5936,  0.1816, -0.9704],
        [ 0.4315,  0.3210, -0.8438],
        [ 1.7623,  0.4420, -1.3588],
        [ 1.4545,  0.5280, -1.2521],
        [ 2.0367,  0.6917, -0.9312],
        [ 2.1561,  0.7284, -0.9472],
        [ 1.5108,  0.4628, -1.1898],
        [ 1.9797,  0.4750, -1.4925]], grad_fn=<AddmmBackward0>)
targets:tensor([0, 1, 0, 0, 3, 3, 1, 2])
probs:tensor([[0.6442, 0.5453, 0.2748],
        [0.6062, 0.5796, 0.3007],
        [0.8535, 0.6087, 0.2044],
        [0.8107, 0.6290, 0.2223],
        [0.8846, 0.6663, 0.2827],
        [0.8962, 0.6745, 0.2794],
        [0.8192, 0.6137, 0.2333],
        [0.8786, 0.6166, 0.1835]], grad_fn=<SigmoidBackward0>)
17it [05:53, 21.42s/it]outputs:tensor([[ 1.8905,  0.8499, -1.1745],
        [ 1.9186,  0.5503, -1.0963],
        [ 1.3073,  0.6211, -0.9543],
        [ 1.2410,  0.2845, -0.9348],
        [ 1.6433,  0.7023, -1.2370],
        [ 1.4589,  0.6011, -1.2389],
        [ 0.8294,  0.3593, -1.1289],
        [ 1.9041,  0.5905, -1.1244]], grad_fn=<AddmmBackward0>)
targets:tensor([1, 2, 2, 1, 0, 0, 0, 3])
probs:tensor([[0.8688, 0.7006, 0.2360],
        [0.8720, 0.6342, 0.2504],
        [0.7871, 0.6505, 0.2780],
        [0.7757, 0.5707, 0.2819],
        [0.8380, 0.6687, 0.2250],
        [0.8114, 0.6459, 0.2246],
        [0.6962, 0.5889, 0.2444],
        [0.8704, 0.6435, 0.2452]], grad_fn=<SigmoidBackward0>)
18it [06:15, 21.77s/it]outputs:tensor([[ 1.3529,  0.2624, -1.2899],
        [ 1.7312,  0.0984, -1.4863],
        [ 0.9344,  0.3411, -1.0725],
        [ 2.2173,  0.6793, -1.1970],
        [ 2.1103,  0.7670, -1.1700],
        [ 1.7109,  0.5246, -1.1011],
        [ 1.9229,  0.5878, -1.2968],
        [ 1.6614,  0.2543, -1.2644]], grad_fn=<AddmmBackward0>)
targets:tensor([2, 1, 2, 1, 1, 1, 2, 2])
probs:tensor([[0.7946, 0.5652, 0.2159],
        [0.8496, 0.5246, 0.1845],
        [0.7180, 0.5845, 0.2549],
        [0.9018, 0.6636, 0.2320],
        [0.8919, 0.6829, 0.2369],
        [0.8469, 0.6282, 0.2495],
        [0.8725, 0.6429, 0.2147],
        [0.8404, 0.5632, 0.2202]], grad_fn=<SigmoidBackward0>)
19it [06:40, 22.55s/it]outputs:tensor([[ 1.7252,  0.4079, -1.1837],
        [ 1.2523,  0.4683, -1.2476],
        [ 1.6412,  0.3311, -1.2020],
        [ 1.7267,  0.6060, -1.2463],
        [ 1.8221,  0.5693, -1.1540],
        [ 1.0130,  0.3064, -1.2529],
        [ 2.2870,  0.7398, -1.3743],
        [ 1.3255,  0.4379, -1.1410]], grad_fn=<AddmmBackward0>)
targets:tensor([2, 1, 2, 3, 3, 1, 2, 1])
probs:tensor([[0.8488, 0.6006, 0.2344],
        [0.7777, 0.6150, 0.2231],
        [0.8377, 0.5820, 0.2311],
        [0.8490, 0.6470, 0.2233],
        [0.8608, 0.6386, 0.2398],
        [0.7336, 0.5760, 0.2222],
        [0.9078, 0.6769, 0.2019],
        [0.7901, 0.6078, 0.2421]], grad_fn=<SigmoidBackward0>)
20it [07:02, 22.34s/it]outputs:tensor([[ 1.4020,  0.3072, -1.4550],
        [ 2.0032,  0.8222, -1.3297],
        [ 2.1132,  0.0667, -1.0906],
        [ 1.9901,  0.5248, -1.1749],
        [ 1.3530,  0.5995, -0.9033],
        [ 1.1015,  0.4617, -1.0332],
        [ 1.9677,  0.4501, -1.1703],
        [ 1.5455,  0.4409, -1.2260]], grad_fn=<AddmmBackward0>)
targets:tensor([1, 1, 1, 2, 2, 1, 0, 0])
probs:tensor([[0.8025, 0.5762, 0.1892],
        [0.8811, 0.6947, 0.2092],
        [0.8922, 0.5167, 0.2515],
        [0.8798, 0.6283, 0.2360],
        [0.7946, 0.6455, 0.2884],
        [0.7505, 0.6134, 0.2625],
        [0.8774, 0.6107, 0.2368],
        [0.8243, 0.6085, 0.2269]], grad_fn=<SigmoidBackward0>)

Step: 20
Raw logits: tensor([ 1.4020,  0.3072, -1.4550], grad_fn=<SelectBackward0>)
Probabilities: tensor([0.8025, 0.5762, 0.1892], grad_fn=<SelectBackward0>)
Predictions distribution: [  4   0 164   0]
Targets distribution: [42 54 52 20]
Loss: 2.4171142578125
Training Accuracy per 5 steps: 30.357142857142858
21it [07:24, 22.27s/it]outputs:tensor([[ 2.0558,  0.8164, -1.2981],
        [ 2.0710,  0.6877, -1.0865],
        [ 2.2526,  0.2862, -1.4006],
        [ 1.8705,  0.4941, -1.3671],
        [ 2.2379,  0.8150, -1.3320],
        [ 2.3046,  0.5459, -1.3385],
        [ 2.3232,  0.4646, -1.4131],
        [ 1.9250,  0.5336, -1.0548]], grad_fn=<AddmmBackward0>)
targets:tensor([0, 2, 1, 0, 2, 1, 0, 2])
probs:tensor([[0.8865, 0.6935, 0.2145],
        [0.8881, 0.6655, 0.2523],
        [0.9049, 0.5711, 0.1977],
        [0.8665, 0.6211, 0.2031],
        [0.9036, 0.6932, 0.2088],
        [0.9093, 0.6332, 0.2078],
        [0.9108, 0.6141, 0.1957],
        [0.8727, 0.6303, 0.2583]], grad_fn=<SigmoidBackward0>)
22it [07:44, 21.63s/it]outputs:tensor([[ 1.2464,  0.5162, -0.9059],
        [ 1.0688,  0.4156, -1.0069],
        [ 1.4372,  0.5269, -1.0823],
        [ 1.6609,  0.3601, -1.2214],
        [ 2.1234,  0.3558, -1.5879],
        [ 2.3083,  0.5963, -1.4351],
        [ 2.5865,  0.6711, -1.1753],
        [ 2.4974,  0.8080, -1.3666]], grad_fn=<AddmmBackward0>)
targets:tensor([1, 1, 1, 1, 1, 0, 1, 1])
probs:tensor([[0.7767, 0.6263, 0.2878],
        [0.7444, 0.6024, 0.2676],
        [0.8080, 0.6288, 0.2531],
        [0.8404, 0.5891, 0.2277],
        [0.8932, 0.5880, 0.1697],
        [0.9096, 0.6448, 0.1923],
        [0.9300, 0.6618, 0.2359],
        [0.9240, 0.6917, 0.2032]], grad_fn=<SigmoidBackward0>)
23it [08:05, 21.35s/it]outputs:tensor([[ 1.9738,  0.4398, -1.4026],
        [ 2.0480,  0.5027, -1.2666],
        [ 2.1292,  0.7485, -1.4456],
        [ 2.2966,  0.4590, -1.2237],
        [ 2.2322,  0.7229, -1.4297],
        [ 1.9772,  0.4157, -1.2420],
        [ 2.6029,  0.5915, -1.6909],
        [ 2.1552,  0.4470, -1.2351]], grad_fn=<AddmmBackward0>)
targets:tensor([0, 1, 0, 1, 2, 2, 1, 1])
probs:tensor([[0.8780, 0.6082, 0.1974],
        [0.8857, 0.6231, 0.2198],
        [0.8937, 0.6788, 0.1907],
        [0.9086, 0.6128, 0.2273],
        [0.9031, 0.6732, 0.1931],
        [0.8784, 0.6025, 0.2241],
        [0.9310, 0.6437, 0.1557],
        [0.8962, 0.6099, 0.2253]], grad_fn=<SigmoidBackward0>)
24it [08:22, 20.17s/it]outputs:tensor([[ 2.2405,  0.5533, -1.3393],
        [ 2.3869,  0.5274, -1.4950],
        [ 2.3036,  0.4296, -1.3491],
        [ 2.0890,  0.5274, -1.3853],
        [ 2.7035,  0.6725, -1.6531],
        [ 1.8507,  0.5664, -1.3956],
        [ 2.3217,  0.6287, -1.4336],
        [ 2.0922,  0.6553, -1.4015]], grad_fn=<AddmmBackward0>)
targets:tensor([2, 0, 1, 0, 2, 2, 0, 0])
probs:tensor([[0.9038, 0.6349, 0.2076],
        [0.9158, 0.6289, 0.1832],
        [0.9092, 0.6058, 0.2060],
        [0.8898, 0.6289, 0.2002],
        [0.9372, 0.6621, 0.1607],
        [0.8642, 0.6379, 0.1985],
        [0.9107, 0.6522, 0.1925],
        [0.8901, 0.6582, 0.1976]], grad_fn=<SigmoidBackward0>)
25it [08:37, 18.55s/it]outputs:tensor([[ 2.0502,  0.3348, -1.1747],
        [ 2.3755,  0.4625, -1.5408],
        [ 2.0376,  0.5123, -1.2565],
        [ 1.3852,  0.4574, -1.0814],
        [ 2.4313,  0.5267, -1.3284],
        [ 1.7005,  0.3980, -1.2070],
        [ 1.6529,  0.2685, -1.0450],
        [ 2.8604,  0.8173, -1.4151]], grad_fn=<AddmmBackward0>)
targets:tensor([2, 2, 1, 2, 1, 0, 0, 0])
probs:tensor([[0.8860, 0.5829, 0.2360],
        [0.9149, 0.6136, 0.1764],
        [0.8847, 0.6254, 0.2216],
        [0.7998, 0.6124, 0.2532],
        [0.9192, 0.6287, 0.2094],
        [0.8456, 0.5982, 0.2302],
        [0.8393, 0.5667, 0.2602],
        [0.9459, 0.6937, 0.1954]], grad_fn=<SigmoidBackward0>)

Step: 25
Raw logits: tensor([ 2.0502,  0.3348, -1.1747], grad_fn=<SelectBackward0>)
Probabilities: tensor([0.8860, 0.5829, 0.2360], grad_fn=<SelectBackward0>)
Predictions distribution: [  4   0 204   0]
Targets distribution: [55 70 63 20]
Loss: 2.5530757904052734
Training Accuracy per 5 steps: 29.807692307692307
26it [08:52, 17.45s/it]outputs:tensor([[ 1.5536,  0.4550, -1.1103],
        [ 1.5486,  0.2648, -1.2375],
        [ 2.5971,  0.6682, -1.6215],
        [ 2.3436,  0.3489, -1.3493],
        [ 2.6625,  0.6242, -1.3542],
        [ 2.4490,  0.2390, -1.5327],
        [ 2.2864,  0.4212, -1.3466],
        [ 2.3378,  0.2277, -1.4853]], grad_fn=<AddmmBackward0>)
targets:tensor([0, 1, 0, 1, 2, 1, 0, 0])
probs:tensor([[0.8254, 0.6118, 0.2478],
        [0.8247, 0.5658, 0.2249],
        [0.9307, 0.6611, 0.1650],
        [0.9124, 0.5864, 0.2060],
        [0.9348, 0.6512, 0.2052],
        [0.9205, 0.5595, 0.1776],
        [0.9077, 0.6038, 0.2064],
        [0.9120, 0.5567, 0.1846]], grad_fn=<SigmoidBackward0>)
27it [09:10, 17.62s/it]outputs:tensor([[ 1.9996,  0.2864, -1.4532],
        [ 2.2459,  0.1365, -1.3403],
        [ 2.6001,  0.3261, -1.5441],
        [ 1.9005,  0.3820, -1.4365],
        [ 2.2282,  0.5276, -1.5896],
        [ 2.5368,  0.6229, -1.3264],
        [ 1.7478,  0.4140, -1.3245],
        [ 1.7717,  0.5359, -1.2409]], grad_fn=<AddmmBackward0>)
targets:tensor([3, 2, 1, 1, 3, 3, 1, 2])
probs:tensor([[0.8808, 0.5711, 0.1895],
        [0.9043, 0.5341, 0.2075],
        [0.9309, 0.5808, 0.1759],
        [0.8699, 0.5944, 0.1921],
        [0.9028, 0.6289, 0.1694],
        [0.9267, 0.6509, 0.2098],
        [0.8517, 0.6020, 0.2101],
        [0.8547, 0.6308, 0.2243]], grad_fn=<SigmoidBackward0>)
28it [09:27, 17.50s/it]outputs:tensor([[ 2.2296,  0.4703, -1.5834],
        [ 1.3496,  0.2748, -1.4611],
        [ 1.9964,  0.2748, -1.4923],
        [ 2.0183,  0.4523, -1.6229],
        [ 2.6336,  0.4120, -1.4182],
        [ 2.0674,  0.5053, -1.5409],
        [ 2.5994,  0.2515, -1.9615],
        [ 2.4282,  0.3847, -1.5998]], grad_fn=<AddmmBackward0>)
targets:tensor([1, 0, 1, 2, 0, 1, 2, 1])
probs:tensor([[0.9029, 0.6154, 0.1703],
        [0.7941, 0.5683, 0.1883],
        [0.8804, 0.5683, 0.1836],
        [0.8827, 0.6112, 0.1648],
        [0.9330, 0.6016, 0.1950],
        [0.8877, 0.6237, 0.1764],
        [0.9308, 0.5625, 0.1233],
        [0.9190, 0.5950, 0.1680]], grad_fn=<SigmoidBackward0>)
29it [09:43, 17.13s/it]outputs:tensor([[ 2.4652,  0.3611, -1.5847],
        [ 2.8140,  0.5648, -1.7666],
        [ 1.3968,  0.1053, -1.1528],
        [ 1.7111,  0.3145, -1.3077],
        [ 2.6702,  0.4249, -1.5038],
        [ 2.6664,  0.2232, -1.4018],
        [ 2.3323,  0.5539, -1.3865],
        [ 2.5969,  0.1403, -1.6230]], grad_fn=<AddmmBackward0>)
targets:tensor([2, 2, 0, 0, 3, 1, 0, 2])
probs:tensor([[0.9217, 0.5893, 0.1701],
        [0.9434, 0.6376, 0.1460],
        [0.8017, 0.5263, 0.2400],
        [0.8470, 0.5780, 0.2129],
        [0.9352, 0.6047, 0.1819],
        [0.9350, 0.5556, 0.1975],
        [0.9115, 0.6350, 0.2000],
        [0.9307, 0.5350, 0.1648]], grad_fn=<SigmoidBackward0>)
30it [09:58, 16.57s/it]outputs:tensor([[ 2.5409,  0.2446, -1.4525],
        [ 2.5409,  0.4750, -1.5203],
        [ 2.4603,  0.6648, -1.5724],
        [ 2.5042,  0.4936, -1.7108],
        [ 2.3417,  0.2527, -1.6470],
        [ 2.6794,  0.1093, -1.8210],
        [ 2.5200,  0.2895, -1.5324],
        [ 2.9192,  0.6981, -2.0718]], grad_fn=<AddmmBackward0>)
targets:tensor([1, 0, 2, 0, 0, 1, 1, 2])
probs:tensor([[0.9270, 0.5609, 0.1896],
        [0.9270, 0.6166, 0.1794],
        [0.9213, 0.6603, 0.1719],
        [0.9244, 0.6210, 0.1531],
        [0.9123, 0.5628, 0.1615],
        [0.9358, 0.5273, 0.1393],
        [0.9255, 0.5719, 0.1776],
        [0.9488, 0.6678, 0.1119]], grad_fn=<SigmoidBackward0>)

Step: 30
Raw logits: tensor([ 2.5409,  0.2446, -1.4525], grad_fn=<SelectBackward0>)
Probabilities: tensor([0.9270, 0.5609, 0.1896], grad_fn=<SelectBackward0>)
Predictions distribution: [  4   0 244   0]
Targets distribution: [67 84 73 24]
Loss: 2.246400833129883
Training Accuracy per 5 steps: 29.032258064516128
31it [10:15, 16.65s/it]outputs:tensor([[ 2.9796,  0.3362, -1.5726],
        [ 2.8198,  0.4764, -1.6637],
        [ 2.6129,  0.5144, -1.8657],
        [ 2.4162,  0.4412, -1.3283],
        [ 2.3238,  0.3947, -1.2084],
        [ 2.0694,  0.1970, -1.7417],
        [ 2.8489,  0.3872, -1.8339],
        [ 2.6604,  0.2953, -1.8685]], grad_fn=<AddmmBackward0>)
targets:tensor([1, 1, 3, 0, 0, 2, 1, 1])
probs:tensor([[0.9516, 0.5833, 0.1718],
        [0.9437, 0.6169, 0.1593],
        [0.9317, 0.6258, 0.1340],
        [0.9181, 0.6086, 0.2094],
        [0.9108, 0.5974, 0.2300],
        [0.8879, 0.5491, 0.1491],
        [0.9453, 0.5956, 0.1378],
        [0.9347, 0.5733, 0.1337]], grad_fn=<SigmoidBackward0>)
32it [10:32, 16.57s/it]outputs:tensor([[ 1.5320,  0.1065, -1.5838],
        [ 2.1754,  0.3954, -1.3707],
        [ 2.4091,  0.5474, -1.3931],
        [ 1.9333,  0.1432, -1.4292],
        [ 2.9508,  0.6551, -1.8655],
        [ 2.7272,  0.4758, -1.5776],
        [ 2.7882,  0.3425, -1.7313],
        [ 3.0332,  0.2421, -1.7362]], grad_fn=<AddmmBackward0>)
targets:tensor([0, 1, 3, 1, 3, 1, 3, 1])
probs:tensor([[0.8223, 0.5266, 0.1703],
        [0.8980, 0.5976, 0.2025],
        [0.9175, 0.6335, 0.1989],
        [0.8736, 0.5357, 0.1932],
        [0.9503, 0.6582, 0.1341],
        [0.9386, 0.6167, 0.1711],
        [0.9420, 0.5848, 0.1504],
        [0.9541, 0.5602, 0.1498]], grad_fn=<SigmoidBackward0>)
33it [10:47, 16.12s/it]outputs:tensor([[ 2.4626,  0.7926, -1.6026],
        [ 1.4236,  0.2707, -1.4607],
        [ 2.7232,  0.5873, -1.5938],
        [ 1.3640,  0.1995, -1.3093],
        [ 2.3697,  0.4873, -1.7980],
        [ 2.2344,  0.4130, -1.3915],
        [ 2.2653,  0.2664, -1.6585],
        [ 1.9094,  0.2140, -1.3343]], grad_fn=<AddmmBackward0>)
targets:tensor([1, 0, 3, 1, 0, 0, 1, 1])
probs:tensor([[0.9215, 0.6884, 0.1676],
        [0.8059, 0.5673, 0.1884],
        [0.9384, 0.6428, 0.1688],
        [0.7964, 0.5497, 0.2126],
        [0.9145, 0.6195, 0.1421],
        [0.9033, 0.6018, 0.1992],
        [0.9060, 0.5662, 0.1600],
        [0.8709, 0.5533, 0.2085]], grad_fn=<SigmoidBackward0>)
34it [11:03, 16.07s/it]outputs:tensor([[ 1.7221,  0.2675, -1.4269],
        [ 2.8941,  0.2055, -1.9860],
        [ 2.7804,  0.2666, -1.6409],
        [ 2.6963,  0.2281, -2.0199],
        [ 2.0550,  0.3964, -1.5750],
        [ 1.9229,  0.3600, -1.5661],
        [ 1.8548,  0.0241, -1.3558],
        [ 2.0923,  0.0817, -1.6561]], grad_fn=<AddmmBackward0>)
targets:tensor([0, 0, 1, 0, 2, 0, 0, 1])
probs:tensor([[0.8484, 0.5665, 0.1936],
        [0.9476, 0.5512, 0.1207],
        [0.9416, 0.5663, 0.1623],
        [0.9368, 0.5568, 0.1171],
        [0.8865, 0.5978, 0.1715],
        [0.8725, 0.5890, 0.1728],
        [0.8647, 0.5060, 0.2049],
        [0.8902, 0.5204, 0.1603]], grad_fn=<SigmoidBackward0>)
35it [11:18, 15.83s/it]outputs:tensor([[ 2.1025,  0.5636, -1.4732],
        [ 1.1316,  0.2940, -1.2729],
        [ 2.2229,  0.1076, -1.6123],
        [ 2.6100,  0.2775, -1.5646],
        [ 2.2751, -0.0441, -1.7518],
        [ 2.8503,  0.0918, -1.6994],
        [ 2.3360,  0.2958, -1.6126],
        [ 1.8879,  0.4106, -1.6435]], grad_fn=<AddmmBackward0>)
targets:tensor([2, 1, 0, 0, 2, 0, 0, 1])
probs:tensor([[0.8911, 0.6373, 0.1865],
        [0.7561, 0.5730, 0.2188],
        [0.9023, 0.5269, 0.1663],
        [0.9315, 0.5689, 0.1730],
        [0.9068, 0.4890, 0.1478],
        [0.9453, 0.5229, 0.1545],
        [0.9118, 0.5734, 0.1662],
        [0.8685, 0.6012, 0.1620]], grad_fn=<SigmoidBackward0>)

Step: 35
Raw logits: tensor([ 2.1025,  0.5636, -1.4732], grad_fn=<SelectBackward0>)
Probabilities: tensor([0.8911, 0.6373, 0.1865], grad_fn=<SelectBackward0>)
Predictions distribution: [  4   1 283   0]
Targets distribution: [ 82 100  77  29]
Loss: 2.850510597229004
Training Accuracy per 5 steps: 26.041666666666668
36it [11:35, 16.07s/it]outputs:tensor([[ 2.9547,  0.0156, -1.7805],
        [ 2.6813,  0.1514, -1.7154],
        [ 1.9504, -0.1258, -1.4864],
        [ 2.5796,  0.1860, -1.7515],
        [ 2.8488,  0.3609, -1.8358],
        [ 2.6708, -0.1184, -2.0163],
        [ 2.7807,  0.2016, -1.5295],
        [ 1.8781,  0.2384, -1.5944]], grad_fn=<AddmmBackward0>)
targets:tensor([1, 2, 1, 0, 1, 3, 1, 2])
probs:tensor([[0.9505, 0.5039, 0.1442],
        [0.9359, 0.5378, 0.1525],
        [0.8755, 0.4686, 0.1845],
        [0.9295, 0.5464, 0.1479],
        [0.9453, 0.5893, 0.1376],
        [0.9353, 0.4704, 0.1175],
        [0.9416, 0.5502, 0.1781],
        [0.8674, 0.5593, 0.1688]], grad_fn=<SigmoidBackward0>)
37it [11:49, 15.71s/it]outputs:tensor([[ 2.4772,  0.1737, -1.6736],
        [ 1.9381,  0.0991, -1.4747],
        [ 2.4934,  0.2888, -1.5982],
        [ 2.1384, -0.0793, -1.7762],
        [ 2.2430,  0.3210, -1.7229],
        [ 2.1421,  0.0530, -1.6580],
        [ 1.6475,  0.2449, -1.5323],
        [ 2.4839,  0.1211, -1.5225]], grad_fn=<AddmmBackward0>)
targets:tensor([0, 1, 2, 1, 1, 0, 3, 2])
probs:tensor([[0.9225, 0.5433, 0.1580],
        [0.8741, 0.5247, 0.1862],
        [0.9237, 0.5717, 0.1682],
        [0.8946, 0.4802, 0.1448],
        [0.9040, 0.5796, 0.1515],
        [0.8949, 0.5132, 0.1600],
        [0.8386, 0.5609, 0.1777],
        [0.9230, 0.5302, 0.1791]], grad_fn=<SigmoidBackward0>)
38it [12:06, 16.12s/it]outputs:tensor([[ 2.5959,  0.0215, -1.7119],
        [ 2.4282,  0.1058, -1.9200],
        [ 2.7791,  0.3326, -1.9492],
        [ 1.9197,  0.4905, -1.4580],
        [ 1.3095,  0.0131, -1.2278],
        [ 1.9853,  0.1513, -1.5530],
        [ 1.8662,  0.2785, -1.4774],
        [ 2.3137,  0.2477, -1.5450]], grad_fn=<AddmmBackward0>)
targets:tensor([3, 1, 1, 2, 1, 1, 3, 1])
probs:tensor([[0.9306, 0.5054, 0.1529],
        [0.9190, 0.5264, 0.1279],
        [0.9415, 0.5824, 0.1246],
        [0.8721, 0.6202, 0.1888],
        [0.7874, 0.5033, 0.2266],
        [0.8792, 0.5378, 0.1747],
        [0.8660, 0.5692, 0.1858],
        [0.9100, 0.5616, 0.1758]], grad_fn=<SigmoidBackward0>)
39it [12:25, 16.94s/it]outputs:tensor([[ 2.5134e+00,  3.0160e-02, -2.0247e+00],
        [ 2.5477e+00, -4.4327e-02, -1.8517e+00],
        [ 1.7631e+00, -1.6510e-04, -1.5076e+00],
        [ 3.0172e+00,  6.8836e-02, -2.1923e+00],
        [ 1.9173e+00,  2.2770e-01, -1.5020e+00],
        [ 2.5318e+00, -5.2301e-02, -1.7262e+00],
        [ 2.5783e+00,  4.9530e-01, -1.6822e+00],
        [ 2.8106e+00,  1.3242e-01, -1.7604e+00]], grad_fn=<AddmmBackward0>)
targets:tensor([0, 1, 0, 0, 1, 0, 1, 2])
probs:tensor([[0.9251, 0.5075, 0.1166],
        [0.9274, 0.4889, 0.1357],
        [0.8536, 0.5000, 0.1813],
        [0.9533, 0.5172, 0.1004],
        [0.8718, 0.5567, 0.1821],
        [0.9263, 0.4869, 0.1511],
        [0.9295, 0.6214, 0.1568],
        [0.9432, 0.5331, 0.1467]], grad_fn=<SigmoidBackward0>)
40it [12:42, 16.84s/it]outputs:tensor([[ 2.6684,  0.0580, -1.8037],
        [ 1.5292,  0.1567, -1.3793],
        [ 2.3101,  0.0368, -1.5263],
        [ 2.2292,  0.0442, -1.4562],
        [ 3.0409,  0.2315, -1.8837],
        [ 2.5318,  0.1971, -1.8984],
        [ 2.9288,  0.2832, -1.7419],
        [ 2.7935,  0.1562, -1.5345]], grad_fn=<AddmmBackward0>)
targets:tensor([1, 0, 1, 1, 3, 0, 2, 0])
probs:tensor([[0.9351, 0.5145, 0.1414],
        [0.8219, 0.5391, 0.2011],
        [0.9097, 0.5092, 0.1785],
        [0.9028, 0.5110, 0.1890],
        [0.9544, 0.5576, 0.1320],
        [0.9263, 0.5491, 0.1303],
        [0.9493, 0.5703, 0.1491],
        [0.9423, 0.5390, 0.1773]], grad_fn=<SigmoidBackward0>)

Step: 40
Raw logits: tensor([ 2.6684,  0.0580, -1.8037], grad_fn=<SelectBackward0>)
Probabilities: tensor([0.9351, 0.5145, 0.1414], grad_fn=<SelectBackward0>)
Predictions distribution: [  4   7 317   0]
Targets distribution: [ 92 118  84  34]
Loss: 2.5104055404663086
Training Accuracy per 5 steps: 25.914634146341463
41it [13:00, 17.32s/it]outputs:tensor([[ 1.4290,  0.2084, -1.2631],
        [ 2.4578, -0.2808, -1.7253],
        [ 3.1658,  0.2192, -1.7742],
        [ 1.0234,  0.1440, -1.3227],
        [ 2.7856, -0.1686, -1.5166],
        [ 1.9643,  0.1186, -1.5996],
        [ 2.8553,  0.0918, -1.7702],
        [ 2.5895,  0.1131, -1.7785]], grad_fn=<AddmmBackward0>)
targets:tensor([2, 1, 0, 0, 1, 0, 0, 0])
probs:tensor([[0.8067, 0.5519, 0.2204],
        [0.9211, 0.4303, 0.1512],
        [0.9595, 0.5546, 0.1450],
        [0.7356, 0.5359, 0.2104],
        [0.9419, 0.4579, 0.1800],
        [0.8770, 0.5296, 0.1680],
        [0.9456, 0.5229, 0.1455],
        [0.9302, 0.5282, 0.1445]], grad_fn=<SigmoidBackward0>)
42it [13:17, 17.26s/it]outputs:tensor([[ 2.4096, -0.2103, -1.8394],
        [ 2.4895,  0.1510, -1.7933],
        [ 2.9755,  0.3178, -1.8917],
        [ 2.6854,  0.0418, -1.8885],
        [ 2.9337,  0.2212, -2.0187],
        [ 2.3865, -0.1609, -1.4236],
        [ 3.1424, -0.0976, -1.7419],
        [ 2.4993, -0.0238, -1.5609]], grad_fn=<AddmmBackward0>)
targets:tensor([1, 2, 0, 0, 2, 2, 2, 0])
probs:tensor([[0.9176, 0.4476, 0.1371],
        [0.9234, 0.5377, 0.1427],
        [0.9515, 0.5788, 0.1310],
        [0.9362, 0.5105, 0.1314],
        [0.9495, 0.5551, 0.1173],
        [0.9158, 0.4599, 0.1941],
        [0.9586, 0.4756, 0.1491],
        [0.9241, 0.4941, 0.1735]], grad_fn=<SigmoidBackward0>)
43it [13:36, 17.64s/it]outputs:tensor([[ 2.7757, -0.3584, -2.0266],
        [ 1.9563,  0.1239, -1.4494],
        [ 2.3150, -0.2737, -1.7907],
        [ 2.4307,  0.2158, -1.7423],
        [ 2.1784,  0.0043, -1.7924],
        [ 2.4722,  0.0384, -1.9860],
        [ 2.3068,  0.0721, -1.6252],
        [ 2.7681, -0.1725, -2.1024]], grad_fn=<AddmmBackward0>)
targets:tensor([2, 1, 1, 2, 0, 1, 1, 1])
probs:tensor([[0.9413, 0.4113, 0.1164],
        [0.8761, 0.5309, 0.1901],
        [0.9101, 0.4320, 0.1430],
        [0.9191, 0.5537, 0.1490],
        [0.8983, 0.5011, 0.1428],
        [0.9222, 0.5096, 0.1207],
        [0.9094, 0.5180, 0.1645],
        [0.9409, 0.4570, 0.1089]], grad_fn=<SigmoidBackward0>)
44it [13:55, 17.94s/it]outputs:tensor([[ 2.5315,  0.0054, -1.7216],
        [ 2.3970, -0.1127, -1.9570],
        [ 2.4043, -0.0698, -1.9147],
        [ 2.0143, -0.2222, -1.7297],
        [ 2.7226, -0.0136, -1.8700],
        [ 2.4265,  0.0574, -1.9278],
        [ 2.5774,  0.1120, -1.4030],
        [ 2.1124, -0.0655, -1.8115]], grad_fn=<AddmmBackward0>)
targets:tensor([1, 3, 0, 0, 1, 1, 1, 0])
probs:tensor([[0.9263, 0.5013, 0.1517],
        [0.9166, 0.4718, 0.1238],
        [0.9172, 0.4826, 0.1285],
        [0.8823, 0.4447, 0.1506],
        [0.9383, 0.4966, 0.1335],
        [0.9188, 0.5144, 0.1270],
        [0.9294, 0.5280, 0.1973],
        [0.8921, 0.4836, 0.1405]], grad_fn=<SigmoidBackward0>)
45it [14:15, 18.55s/it]outputs:tensor([[ 1.5248, -0.0617, -1.5668],
        [ 2.2907, -0.1798, -1.4701],
        [ 1.5204,  0.0141, -1.3491],
        [ 2.3100, -0.0630, -1.8164],
        [ 2.6188, -0.1215, -1.6458],
        [ 2.3964, -0.1100, -1.6371],
        [ 2.6396, -0.0104, -1.7057],
        [ 3.0753, -0.0257, -1.9536]], grad_fn=<AddmmBackward0>)
targets:tensor([1, 0, 1, 2, 2, 0, 2, 2])
probs:tensor([[0.8212, 0.4846, 0.1727],
        [0.9081, 0.4552, 0.1869],
        [0.8206, 0.5035, 0.2060],
        [0.9097, 0.4843, 0.1399],
        [0.9321, 0.4697, 0.1617],
        [0.9165, 0.4725, 0.1629],
        [0.9334, 0.4974, 0.1537],
        [0.9559, 0.4936, 0.1242]], grad_fn=<SigmoidBackward0>)

Step: 45
Raw logits: tensor([ 1.5248, -0.0617, -1.5668], grad_fn=<SelectBackward0>)
Probabilities: tensor([0.8212, 0.4846, 0.1727], grad_fn=<SelectBackward0>)
Predictions distribution: [  4  28 336   0]
Targets distribution: [106 132  95  35]
Loss: 2.410543441772461
Training Accuracy per 5 steps: 26.08695652173913
46it [14:36, 19.31s/it]outputs:tensor([[ 2.6549e+00,  7.5889e-03, -1.9226e+00],
        [ 2.8921e+00,  7.7558e-03, -1.8373e+00],
        [ 2.3630e+00,  6.5750e-02, -1.4750e+00],
        [ 1.0649e+00, -1.0583e-03, -1.3663e+00],
        [ 2.8456e+00, -1.0625e-02, -2.0526e+00],
        [ 2.8113e+00, -2.6417e-01, -1.9290e+00],
        [ 1.7069e+00,  1.3335e-01, -1.3145e+00],
        [ 1.5918e+00, -2.3810e-01, -1.4898e+00]], grad_fn=<AddmmBackward0>)
targets:tensor([0, 2, 1, 0, 2, 1, 1, 1])
probs:tensor([[0.9343, 0.5019, 0.1276],
        [0.9475, 0.5019, 0.1374],
        [0.9140, 0.5164, 0.1862],
        [0.7436, 0.4997, 0.2032],
        [0.9451, 0.4973, 0.1138],
        [0.9433, 0.4343, 0.1269],
        [0.8464, 0.5333, 0.2117],
        [0.8309, 0.4408, 0.1839]], grad_fn=<SigmoidBackward0>)
47it [14:57, 19.92s/it]outputs:tensor([[ 2.1108e+00,  8.6359e-03, -1.6312e+00],
        [ 2.0777e+00, -8.1855e-02, -1.7597e+00],
        [ 2.6780e+00,  2.0070e-01, -1.7638e+00],
        [ 2.7061e+00, -2.4463e-01, -2.1111e+00],
        [ 2.7380e+00,  3.9976e-02, -1.9805e+00],
        [ 2.9712e+00, -1.5215e-01, -1.8360e+00],
        [ 2.5345e+00,  9.9908e-02, -1.9336e+00],
        [ 1.9938e+00, -1.0791e-03, -1.6545e+00]], grad_fn=<AddmmBackward0>)
targets:tensor([0, 1, 1, 0, 2, 1, 2, 2])
probs:tensor([[0.8920, 0.5022, 0.1637],
        [0.8887, 0.4795, 0.1468],
        [0.9357, 0.5500, 0.1463],
        [0.9374, 0.4391, 0.1080],
        [0.9392, 0.5100, 0.1213],
        [0.9513, 0.4620, 0.1375],
        [0.9265, 0.5250, 0.1263],
        [0.8801, 0.4997, 0.1605]], grad_fn=<SigmoidBackward0>)
48it [15:15, 19.31s/it]outputs:tensor([[ 2.4635,  0.0166, -1.8821],
        [ 2.7990, -0.1725, -1.8918],
        [ 2.8107,  0.0176, -2.2771],
        [ 1.9054,  0.3211, -1.5374],
        [ 2.7662, -0.0118, -2.0460],
        [ 1.3756,  0.0192, -1.3570],
        [ 2.4586,  0.3300, -1.5725],
        [ 2.2690,  0.3577, -1.8290]], grad_fn=<AddmmBackward0>)
targets:tensor([2, 1, 2, 0, 2, 0, 2, 2])
probs:tensor([[0.9215, 0.5042, 0.1321],
        [0.9426, 0.4570, 0.1310],
        [0.9433, 0.5044, 0.0930],
        [0.8705, 0.5796, 0.1769],
        [0.9408, 0.4971, 0.1145],
        [0.7983, 0.5048, 0.2047],
        [0.9212, 0.5818, 0.1719],
        [0.9063, 0.5885, 0.1384]], grad_fn=<SigmoidBackward0>)
49it [15:33, 18.93s/it]outputs:tensor([[ 2.9340,  0.1922, -1.8619],
        [ 3.0994, -0.0685, -2.2482],
        [ 2.5293, -0.0082, -2.1850],
        [ 2.2288,  0.0058, -1.8494],
        [ 2.9765,  0.0661, -2.3045],
        [ 2.8320, -0.1231, -1.8824],
        [ 2.1967, -0.1341, -1.5772],
        [ 1.4999, -0.0887, -1.3169]], grad_fn=<AddmmBackward0>)
targets:tensor([3, 0, 1, 1, 2, 2, 0, 2])
probs:tensor([[0.9495, 0.5479, 0.1345],
        [0.9569, 0.4829, 0.0955],
        [0.9262, 0.4980, 0.1011],
        [0.9028, 0.5015, 0.1359],
        [0.9515, 0.5165, 0.0908],
        [0.9444, 0.4693, 0.1321],
        [0.9000, 0.4665, 0.1712],
        [0.8176, 0.4778, 0.2113]], grad_fn=<SigmoidBackward0>)
50it [15:51, 18.79s/it]outputs:tensor([[ 2.8614,  0.0252, -1.9999],
        [ 2.6850,  0.1712, -1.8456],
        [ 2.4182, -0.0204, -2.0011],
        [ 2.9954,  0.3342, -1.9234],
        [ 2.8479, -0.2081, -2.0520],
        [ 2.5769,  0.1335, -1.7204],
        [ 2.2790, -0.3832, -1.8612],
        [ 2.1343,  0.1988, -1.4358]], grad_fn=<AddmmBackward0>)
targets:tensor([2, 1, 1, 1, 1, 3, 2, 0])
probs:tensor([[0.9459, 0.5063, 0.1192],
        [0.9361, 0.5427, 0.1364],
        [0.9182, 0.4949, 0.1191],
        [0.9524, 0.5828, 0.1275],
        [0.9452, 0.4482, 0.1139],
        [0.9294, 0.5333, 0.1518],
        [0.9071, 0.4053, 0.1346],
        [0.8942, 0.5495, 0.1922]], grad_fn=<SigmoidBackward0>)

Step: 50
Raw logits: tensor([ 2.8614,  0.0252, -1.9999], grad_fn=<SelectBackward0>)
Probabilities: tensor([0.9459, 0.5063, 0.1192], grad_fn=<SelectBackward0>)
Predictions distribution: [  4  46 358   0]
Targets distribution: [115 146 110  37]
Loss: 2.1412620544433594
Training Accuracy per 5 steps: 27.69607843137255
51it [16:10, 18.78s/it]outputs:tensor([[ 2.8346,  0.5096, -2.1060],
        [ 2.7522,  0.2928, -1.8733],
        [ 2.9785,  0.0040, -2.1770],
        [ 2.6288,  0.3772, -2.0112],
        [ 2.6058, -0.3151, -2.0535],
        [ 2.8508, -0.1449, -1.8729],
        [ 2.5579,  0.3175, -2.1284],
        [ 2.9495,  0.3378, -2.2473]], grad_fn=<AddmmBackward0>)
targets:tensor([0, 0, 1, 0, 1, 2, 2, 1])
probs:tensor([[0.9445, 0.6247, 0.1085],
        [0.9400, 0.5727, 0.1332],
        [0.9516, 0.5010, 0.1018],
        [0.9327, 0.5932, 0.1180],
        [0.9312, 0.4219, 0.1137],
        [0.9454, 0.4638, 0.1332],
        [0.9281, 0.5787, 0.1064],
        [0.9502, 0.5837, 0.0956]], grad_fn=<SigmoidBackward0>)
52it [16:26, 17.90s/it]outputs:tensor([[ 2.8924,  0.3765, -1.8956],
        [ 2.2305,  0.3554, -1.6625],
        [ 2.9730,  0.1155, -1.8976],
        [ 3.2188,  0.2999, -2.1357],
        [ 2.7513,  0.1358, -2.0293],
        [ 2.5170,  0.0637, -1.7464],
        [ 1.9742, -0.0670, -1.9091],
        [ 2.7919,  0.1855, -1.7732]], grad_fn=<AddmmBackward0>)
targets:tensor([1, 1, 1, 2, 1, 1, 0, 2])
probs:tensor([[0.9475, 0.5930, 0.1306],
        [0.9030, 0.5879, 0.1594],
        [0.9513, 0.5288, 0.1304],
        [0.9615, 0.5744, 0.1057],
        [0.9400, 0.5339, 0.1162],
        [0.9253, 0.5159, 0.1485],
        [0.8781, 0.4833, 0.1291],
        [0.9422, 0.5462, 0.1451]], grad_fn=<SigmoidBackward0>)
53it [16:42, 17.30s/it]outputs:tensor([[ 2.3707,  0.1794, -1.6200],
        [ 2.9705,  0.2996, -2.1378],
        [ 2.7323,  0.2893, -1.6360],
        [ 2.8259,  0.2682, -2.0125],
        [ 2.8000,  0.0655, -2.2685],
        [ 2.2549,  0.0879, -1.9823],
        [ 2.6463,  0.2283, -2.0422],
        [ 2.9660,  0.4176, -2.2069]], grad_fn=<AddmmBackward0>)
targets:tensor([1, 2, 3, 0, 0, 1, 0, 0])
probs:tensor([[0.9146, 0.5447, 0.1652],
        [0.9512, 0.5743, 0.1055],
        [0.9389, 0.5718, 0.1630],
        [0.9441, 0.5667, 0.1179],
        [0.9427, 0.5164, 0.0938],
        [0.9051, 0.5220, 0.1211],
        [0.9338, 0.5568, 0.1148],
        [0.9510, 0.6029, 0.0991]], grad_fn=<SigmoidBackward0>)
54it [16:58, 16.97s/it]outputs:tensor([[ 3.0342,  0.0759, -2.1705],
        [ 2.8394,  0.0845, -1.9986],
        [ 2.7901,  0.3005, -2.0717],
        [ 2.9606,  0.5912, -2.2610],
        [ 2.7752,  0.2024, -2.0562],
        [ 2.4855,  0.2595, -1.9585],
        [ 2.7377,  0.0095, -1.6578],
        [ 2.6736,  0.1594, -1.9189]], grad_fn=<AddmmBackward0>)
targets:tensor([2, 1, 3, 2, 2, 1, 0, 2])
probs:tensor([[0.9541, 0.5190, 0.1024],
        [0.9448, 0.5211, 0.1193],
        [0.9421, 0.5746, 0.1119],
        [0.9508, 0.6436, 0.0944],
        [0.9413, 0.5504, 0.1134],
        [0.9231, 0.5645, 0.1236],
        [0.9392, 0.5024, 0.1601],
        [0.9354, 0.5398, 0.1280]], grad_fn=<SigmoidBackward0>)
55it [17:17, 17.48s/it]outputs:tensor([[ 2.4529,  0.3191, -1.9935],
        [ 2.8860,  0.4658, -1.9634],
        [ 2.8579,  0.3479, -2.0874],
        [ 2.6495,  0.4625, -2.0865],
        [ 3.0402,  0.4059, -2.1337],
        [ 2.4789, -0.0798, -1.9342],
        [ 3.1223,  0.1157, -2.2549],
        [ 2.8948,  0.3495, -2.3825]], grad_fn=<AddmmBackward0>)
targets:tensor([1, 3, 1, 2, 1, 0, 0, 1])
probs:tensor([[0.9208, 0.5791, 0.1199],
        [0.9472, 0.6144, 0.1231],
        [0.9457, 0.5861, 0.1103],
        [0.9340, 0.6136, 0.1104],
        [0.9544, 0.6001, 0.1059],
        [0.9226, 0.4801, 0.1263],
        [0.9578, 0.5289, 0.0949],
        [0.9476, 0.5865, 0.0845]], grad_fn=<SigmoidBackward0>)

Step: 55
Raw logits: tensor([ 2.4529,  0.3191, -1.9935], grad_fn=<SelectBackward0>)
Probabilities: tensor([0.9208, 0.5791, 0.1199], grad_fn=<SelectBackward0>)
Predictions distribution: [  4  50 394   0]
Targets distribution: [126 162 120  40]
Loss: 2.283193588256836
Training Accuracy per 5 steps: 27.455357142857142
56it [17:33, 17.21s/it]outputs:tensor([[ 3.1532,  0.5723, -2.0943],
        [ 2.4779,  0.1808, -1.6611],
        [ 2.8186,  0.0294, -2.2985],
        [ 3.1195,  0.3334, -2.4689],
        [ 2.6893,  0.1306, -1.8301],
        [ 3.2404,  0.4004, -1.9124],
        [ 2.6165,  0.1005, -1.9676],
        [ 1.6951,  0.3777, -1.3450]], grad_fn=<AddmmBackward0>)
targets:tensor([2, 0, 1, 2, 1, 3, 0, 0])
probs:tensor([[0.9590, 0.6393, 0.1096],
        [0.9226, 0.5451, 0.1596],
        [0.9437, 0.5073, 0.0912],
        [0.9577, 0.5826, 0.0781],
        [0.9364, 0.5326, 0.1382],
        [0.9623, 0.5988, 0.1287],
        [0.9319, 0.5251, 0.1226],
        [0.8449, 0.5933, 0.2067]], grad_fn=<SigmoidBackward0>)
57it [17:49, 16.64s/it]outputs:tensor([[ 2.8584,  0.8167, -2.1450],
        [ 2.3836,  0.1990, -1.8329],
        [ 2.5411,  0.3032, -1.8923],
        [ 2.8358,  0.5417, -2.2233],
        [ 3.1088,  0.6050, -1.9972],
        [ 3.0276,  0.2956, -1.9779],
        [ 3.1473,  0.5133, -2.1491],
        [ 2.9469,  0.3357, -2.1033]], grad_fn=<AddmmBackward0>)
targets:tensor([2, 1, 0, 0, 0, 2, 3, 1])
probs:tensor([[0.9458, 0.6935, 0.1048],
        [0.9156, 0.5496, 0.1379],
        [0.9270, 0.5752, 0.1310],
        [0.9446, 0.6322, 0.0977],
        [0.9573, 0.6468, 0.1195],
        [0.9538, 0.5734, 0.1215],
        [0.9588, 0.6256, 0.1044],
        [0.9501, 0.5832, 0.1088]], grad_fn=<SigmoidBackward0>)
58it [18:06, 16.83s/it]outputs:tensor([[ 2.5481,  0.4057, -1.8759],
        [ 2.8915,  0.3292, -2.0019],
        [ 2.9560,  0.5070, -2.1733],
        [ 2.7451,  0.3276, -1.9836],
        [ 2.5513,  0.1946, -1.7063],
        [ 2.9636,  0.5370, -1.7830],
        [ 2.8936,  0.3296, -2.0225],
        [ 2.8658,  0.5037, -1.9619]], grad_fn=<AddmmBackward0>)
targets:tensor([2, 0, 2, 1, 0, 1, 0, 2])
probs:tensor([[0.9274, 0.6001, 0.1329],
        [0.9474, 0.5816, 0.1190],
        [0.9505, 0.6241, 0.1022],
        [0.9396, 0.5812, 0.1209],
        [0.9277, 0.5485, 0.1536],
        [0.9509, 0.6311, 0.1439],
        [0.9475, 0.5817, 0.1169],
        [0.9461, 0.6233, 0.1233]], grad_fn=<SigmoidBackward0>)
59it [18:28, 18.48s/it]outputs:tensor([[ 2.8503,  0.5974, -2.3150],
        [ 2.2404,  0.3963, -1.8011],
        [ 2.5461,  0.3873, -1.9414],
        [ 2.8311,  0.7644, -2.1541],
        [ 2.6658,  0.3696, -2.1407],
        [ 2.6888, -0.0855, -2.1738],
        [ 2.4446, -0.2198, -2.1607],
        [ 1.9668,  0.2550, -1.9261]], grad_fn=<AddmmBackward0>)
targets:tensor([2, 1, 2, 2, 0, 3, 1, 2])
probs:tensor([[0.9453, 0.6451, 0.0899],
        [0.9038, 0.5978, 0.1417],
        [0.9273, 0.5956, 0.1255],
        [0.9443, 0.6823, 0.1040],
        [0.9350, 0.5914, 0.1052],
        [0.9364, 0.4786, 0.1021],
        [0.9202, 0.4453, 0.1033],
        [0.8773, 0.5634, 0.1272]], grad_fn=<SigmoidBackward0>)
60it [18:55, 21.04s/it]outputs:tensor([[ 2.6372,  0.3719, -2.0173],
        [ 2.5140,  0.2331, -2.1670],
        [ 2.7179,  0.1252, -2.3726],
        [ 2.6787,  0.1564, -2.1131],
        [ 2.8828,  0.2674, -2.1726],
        [ 2.7370,  0.4432, -2.2585],
        [ 2.7161,  0.0944, -1.8451],
        [ 2.6189,  0.2348, -2.2094]], grad_fn=<AddmmBackward0>)
targets:tensor([1, 1, 2, 3, 0, 2, 2, 0])
probs:tensor([[0.9332, 0.5919, 0.1174],
        [0.9251, 0.5580, 0.1028],
        [0.9381, 0.5313, 0.0853],
        [0.9358, 0.5390, 0.1078],
        [0.9470, 0.5665, 0.1022],
        [0.9392, 0.6090, 0.0946],
        [0.9380, 0.5236, 0.1364],
        [0.9321, 0.5584, 0.0989]], grad_fn=<SigmoidBackward0>)

Step: 60
Raw logits: tensor([ 2.6372,  0.3719, -2.0173], grad_fn=<SelectBackward0>)
Probabilities: tensor([0.9332, 0.5919, 0.1174], grad_fn=<SelectBackward0>)
Predictions distribution: [  4  52 432   0]
Targets distribution: [138 172 134  44]
Loss: 2.5478286743164062
Training Accuracy per 5 steps: 28.278688524590162
61it [19:21, 22.39s/it]outputs:tensor([[ 2.8576,  0.4473, -2.0767],
        [ 2.8829,  0.6609, -1.9372],
        [ 2.5365,  0.4121, -2.2032],
        [ 2.4038,  0.2844, -1.9844],
        [ 2.8331,  0.2377, -2.1725],
        [ 2.4706,  0.3166, -2.0594],
        [ 3.0527,  0.6952, -2.0240],
        [ 2.7635,  0.0720, -2.1385]], grad_fn=<AddmmBackward0>)
targets:tensor([1, 1, 0, 2, 2, 3, 2, 2])
probs:tensor([[0.9457, 0.6100, 0.1114],
        [0.9470, 0.6595, 0.1260],
        [0.9267, 0.6016, 0.0995],
        [0.9171, 0.5706, 0.1209],
        [0.9444, 0.5591, 0.1022],
        [0.9221, 0.5785, 0.1131],
        [0.9549, 0.6671, 0.1167],
        [0.9407, 0.5180, 0.1054]], grad_fn=<SigmoidBackward0>)
62it [19:39, 21.17s/it]outputs:tensor([[ 2.0171,  0.3040, -1.9043],
        [ 2.6468,  0.8335, -2.1887],
        [ 2.6777,  0.3464, -2.1109],
        [ 2.8322,  0.6994, -1.7256],
        [ 2.6124,  0.5530, -2.0654],
        [ 2.5494,  0.4931, -2.0843],
        [ 2.1466,  0.2198, -1.6744],
        [ 2.9555,  0.6497, -2.0779]], grad_fn=<AddmmBackward0>)
targets:tensor([2, 3, 1, 1, 2, 1, 0, 0])
probs:tensor([[0.8826, 0.5754, 0.1296],
        [0.9338, 0.6971, 0.1008],
        [0.9357, 0.5857, 0.1080],
        [0.9444, 0.6681, 0.1512],
        [0.9317, 0.6348, 0.1125],
        [0.9275, 0.6208, 0.1106],
        [0.8953, 0.5547, 0.1578],
        [0.9505, 0.6569, 0.1113]], grad_fn=<SigmoidBackward0>)
63it [19:57, 20.11s/it]outputs:tensor([[ 2.3037,  0.2547, -1.5777],
        [ 2.5266,  0.5878, -1.9919],
        [ 2.4682,  0.8306, -1.6700],
        [ 2.7765,  0.4686, -2.0555],
        [ 2.4717,  0.7430, -1.7906],
        [ 2.3185,  0.6100, -2.0137],
        [ 2.8629,  0.8628, -2.1858],
        [ 2.6489,  0.7596, -2.0470]], grad_fn=<AddmmBackward0>)
targets:tensor([2, 0, 2, 2, 2, 2, 3, 0])
probs:tensor([[0.9092, 0.5633, 0.1711],
        [0.9260, 0.6429, 0.1201],
        [0.9219, 0.6965, 0.1584],
        [0.9414, 0.6150, 0.1135],
        [0.9221, 0.6777, 0.1430],
        [0.9104, 0.6479, 0.1178],
        [0.9460, 0.7032, 0.1010],
        [0.9339, 0.6813, 0.1144]], grad_fn=<SigmoidBackward0>)
64it [20:16, 19.86s/it]outputs:tensor([[ 2.5453,  0.7412, -2.1103],
        [ 2.6761,  0.7247, -2.1260],
        [ 2.1926,  0.4274, -1.8393],
        [ 3.0329,  0.8884, -2.3592],
        [ 2.8152,  0.8671, -2.3052],
        [ 2.8738,  1.0131, -1.8322],
        [ 2.7008,  0.7004, -2.1291],
        [ 3.1081,  1.1176, -2.2757]], grad_fn=<AddmmBackward0>)
targets:tensor([2, 1, 2, 2, 2, 3, 1, 1])
probs:tensor([[0.9273, 0.6773, 0.1081],
        [0.9356, 0.6736, 0.1066],
        [0.8996, 0.6053, 0.1371],
        [0.9540, 0.7086, 0.0863],
        [0.9435, 0.7041, 0.0907],
        [0.9465, 0.7336, 0.1380],
        [0.9371, 0.6683, 0.1063],
        [0.9572, 0.7535, 0.0932]], grad_fn=<SigmoidBackward0>)
65it [20:34, 19.27s/it]outputs:tensor([[ 2.5436,  0.9600, -1.8187],
        [ 2.2511,  0.2036, -1.7488],
        [ 2.9567,  1.0471, -2.2168],
        [ 2.7521,  0.9341, -2.4915],
        [ 2.3154,  1.0703, -1.9597],
        [ 2.0107,  0.1573, -1.9443],
        [ 2.5288,  0.3232, -2.3006],
        [ 2.5103,  0.5005, -1.8997]], grad_fn=<AddmmBackward0>)
targets:tensor([1, 0, 2, 1, 3, 0, 2, 0])
probs:tensor([[0.9271, 0.7231, 0.1396],
        [0.9047, 0.5507, 0.1482],
        [0.9506, 0.7402, 0.0983],
        [0.9400, 0.7179, 0.0765],
        [0.9101, 0.7446, 0.1235],
        [0.8819, 0.5392, 0.1252],
        [0.9261, 0.5801, 0.0911],
        [0.9249, 0.6226, 0.1301]], grad_fn=<SigmoidBackward0>)

Step: 65
Raw logits: tensor([ 2.5436,  0.9600, -1.8187], grad_fn=<SelectBackward0>)
Probabilities: tensor([0.9271, 0.7231, 0.1396], grad_fn=<SelectBackward0>)
Predictions distribution: [  4  52 472   0]
Targets distribution: [146 182 151  49]
Loss: 2.526378870010376
Training Accuracy per 5 steps: 29.356060606060606
66it [20:51, 18.45s/it]outputs:tensor([[ 3.0104,  0.7183, -2.3318],
        [ 2.5623,  1.0868, -2.1255],
        [ 2.6519,  0.7629, -1.9319],
        [ 3.2651,  0.8033, -2.2554],
        [ 2.6205,  0.7515, -2.2436],
        [ 3.1579,  0.7945, -2.5026],
        [ 2.8190,  0.8064, -2.0837],
        [ 2.9323,  0.8294, -2.0783]], grad_fn=<AddmmBackward0>)
targets:tensor([0, 2, 1, 2, 0, 3, 0, 0])
probs:tensor([[0.9530, 0.6722, 0.0885],
        [0.9284, 0.7478, 0.1066],
        [0.9341, 0.6820, 0.1265],
        [0.9632, 0.6907, 0.0949],
        [0.9322, 0.6795, 0.0959],
        [0.9592, 0.6888, 0.0757],
        [0.9437, 0.6913, 0.1107],
        [0.9494, 0.6962, 0.1112]], grad_fn=<SigmoidBackward0>)
67it [21:09, 18.48s/it]outputs:tensor([[ 2.2095,  0.8329, -1.9250],
        [ 1.6764,  0.3393, -1.5781],
        [ 3.1099,  1.2233, -2.0741],
        [ 2.6998,  1.0776, -1.6026],
        [ 2.7457,  1.3130, -2.0257],
        [ 2.4018,  0.8609, -1.9875],
        [ 2.6304,  0.7524, -1.8651],
        [ 2.5334,  0.7903, -1.9178]], grad_fn=<AddmmBackward0>)
targets:tensor([0, 1, 2, 1, 1, 2, 2, 1])
probs:tensor([[0.9011, 0.6970, 0.1273],
        [0.8424, 0.5840, 0.1711],
        [0.9573, 0.7726, 0.1116],
        [0.9370, 0.7460, 0.1676],
        [0.9397, 0.7880, 0.1165],
        [0.9170, 0.7028, 0.1205],
        [0.9328, 0.6797, 0.1341],
        [0.9265, 0.6879, 0.1281]], grad_fn=<SigmoidBackward0>)
68it [21:28, 18.50s/it]outputs:tensor([[ 2.4011,  0.7339, -1.8485],
        [ 2.6309,  0.8144, -1.5187],
        [ 2.2963,  0.7494, -2.0642],
        [ 3.0599,  1.1618, -2.0433],
        [ 2.6498,  0.7617, -1.6669],
        [ 2.9431,  0.8670, -2.0135],
        [ 2.9631,  1.1392, -2.3028],
        [ 3.3225,  1.0488, -2.3687]], grad_fn=<AddmmBackward0>)
targets:tensor([2, 3, 1, 2, 1, 0, 2, 2])
probs:tensor([[0.9169, 0.6757, 0.1361],
        [0.9328, 0.6930, 0.1797],
        [0.9086, 0.6790, 0.1126],
        [0.9552, 0.7617, 0.1147],
        [0.9340, 0.6817, 0.1588],
        [0.9499, 0.7041, 0.1178],
        [0.9509, 0.7575, 0.0909],
        [0.9652, 0.7405, 0.0856]], grad_fn=<SigmoidBackward0>)
69it [21:45, 18.24s/it]outputs:tensor([[ 2.5695,  0.7941, -2.1434],
        [ 2.3179,  0.7333, -1.8331],
        [ 3.3374,  1.3199, -2.2190],
        [ 3.0992,  0.9574, -2.1185],
        [ 2.5543,  1.0160, -1.8114],
        [ 2.3565,  0.7653, -2.1405],
        [ 2.6617,  0.5809, -2.0138],
        [ 2.8260,  0.8123, -2.2423]], grad_fn=<AddmmBackward0>)
targets:tensor([2, 0, 2, 2, 2, 2, 1, 1])
probs:tensor([[0.9289, 0.6887, 0.1050],
        [0.9104, 0.6755, 0.1379],
        [0.9657, 0.7892, 0.0981],
        [0.9569, 0.7226, 0.1073],
        [0.9279, 0.7342, 0.1405],
        [0.9134, 0.6825, 0.1052],
        [0.9347, 0.6413, 0.1178],
        [0.9441, 0.6926, 0.0960]], grad_fn=<SigmoidBackward0>)
70it [22:02, 17.92s/it]outputs:tensor([[ 2.6247,  0.7426, -2.1095],
        [ 2.9312,  0.7700, -2.0950],
        [ 2.9112,  0.9834, -1.9861],
        [ 3.4210,  0.8277, -2.2874],
        [ 2.7750,  1.0879, -2.2726],
        [ 2.8737,  1.4254, -2.2166],
        [ 3.2133,  1.0423, -2.2351],
        [ 2.8256,  1.3022, -2.1326]], grad_fn=<AddmmBackward0>)
targets:tensor([1, 1, 1, 0, 1, 1, 1, 3])
probs:tensor([[0.9324, 0.6776, 0.1082],
        [0.9494, 0.6835, 0.1096],
        [0.9484, 0.7278, 0.1207],
        [0.9684, 0.6959, 0.0922],
        [0.9413, 0.7480, 0.0934],
        [0.9465, 0.8062, 0.0983],
        [0.9613, 0.7393, 0.0966],
        [0.9440, 0.7862, 0.1060]], grad_fn=<SigmoidBackward0>)

Step: 70
Raw logits: tensor([ 2.6247,  0.7426, -2.1095], grad_fn=<SelectBackward0>)
Probabilities: tensor([0.9324, 0.6776, 0.1082], grad_fn=<SelectBackward0>)
Predictions distribution: [  4  52 512   0]
Targets distribution: [154 197 165  52]
Loss: 2.3340346813201904
Training Accuracy per 5 steps: 29.753521126760564
71it [22:21, 17.98s/it]outputs:tensor([[ 3.0829,  1.0987, -1.9617],
        [ 2.8246,  1.0106, -2.0456],
        [ 2.5589,  1.2247, -1.8272],
        [ 3.0254,  0.9809, -2.0692],
        [ 2.7378,  0.9298, -1.6313],
        [ 2.9725,  1.0404, -1.9300],
        [ 2.4207,  0.8909, -1.9806],
        [ 2.7504,  1.3510, -2.1938]], grad_fn=<AddmmBackward0>)
targets:tensor([2, 2, 1, 1, 2, 0, 3, 1])
probs:tensor([[0.9562, 0.7500, 0.1233],
        [0.9440, 0.7331, 0.1145],
        [0.9282, 0.7729, 0.1386],
        [0.9537, 0.7273, 0.1121],
        [0.9392, 0.7170, 0.1636],
        [0.9513, 0.7389, 0.1267],
        [0.9184, 0.7091, 0.1213],
        [0.9399, 0.7943, 0.1003]], grad_fn=<SigmoidBackward0>)
72it [22:38, 17.79s/it]outputs:tensor([[ 2.7820,  0.7799, -1.9007],
        [ 2.8606,  0.8625, -2.1760],
        [ 2.5616,  1.1127, -1.7904],
        [ 2.7101,  1.0806, -1.8772],
        [ 2.6687,  1.0647, -1.8448],
        [ 2.5278,  0.9660, -2.1093],
        [ 2.9061,  1.2370, -1.9597],
        [ 2.9807,  1.1498, -1.7656]], grad_fn=<AddmmBackward0>)
targets:tensor([2, 2, 1, 2, 3, 1, 0, 2])
probs:tensor([[0.9417, 0.6857, 0.1300],
        [0.9459, 0.7032, 0.1019],
        [0.9283, 0.7526, 0.1430],
        [0.9376, 0.7466, 0.1327],
        [0.9352, 0.7436, 0.1365],
        [0.9261, 0.7243, 0.1082],
        [0.9481, 0.7750, 0.1235],
        [0.9517, 0.7595, 0.1461]], grad_fn=<SigmoidBackward0>)
73it [22:56, 17.81s/it]outputs:tensor([[ 3.0396,  1.2257, -1.8960],
        [ 2.4775,  0.6865, -1.7439],
        [ 3.3265,  0.9123, -2.0090],
        [ 3.1126,  0.8916, -2.0460],
        [ 3.1241,  1.1250, -2.0693],
        [ 1.3732,  0.3145, -1.4402],
        [ 2.9244,  0.9034, -2.2554],
        [ 2.7161,  1.0746, -1.9995]], grad_fn=<AddmmBackward0>)
targets:tensor([0, 2, 0, 2, 2, 0, 1, 2])
probs:tensor([[0.9543, 0.7731, 0.1306],
        [0.9225, 0.6652, 0.1488],
        [0.9653, 0.7135, 0.1183],
        [0.9574, 0.7092, 0.1145],
        [0.9579, 0.7549, 0.1121],
        [0.7979, 0.5780, 0.1915],
        [0.9490, 0.7116, 0.0949],
        [0.9380, 0.7455, 0.1193]], grad_fn=<SigmoidBackward0>)
74it [23:12, 17.32s/it]outputs:tensor([[ 2.8360,  0.7165, -2.0750],
        [ 3.0195,  0.9677, -1.7362],
        [ 2.9254,  1.1721, -2.2365],
        [ 2.2965,  0.5232, -1.6051],
        [ 2.4108,  1.0842, -1.8072],
        [ 2.7287,  1.1159, -2.0855],
        [ 2.7630,  1.0119, -2.3962],
        [ 2.1885,  0.7985, -1.9804]], grad_fn=<AddmmBackward0>)
targets:tensor([1, 0, 0, 1, 0, 2, 2, 2])
probs:tensor([[0.9446, 0.6718, 0.1116],
        [0.9534, 0.7247, 0.1498],
        [0.9491, 0.7635, 0.0965],
        [0.9086, 0.6279, 0.1673],
        [0.9176, 0.7473, 0.1410],
        [0.9387, 0.7532, 0.1105],
        [0.9406, 0.7334, 0.0835],
        [0.8992, 0.6897, 0.1213]], grad_fn=<SigmoidBackward0>)
75it [23:32, 18.03s/it]outputs:tensor([[ 2.5852,  1.1375, -2.0665],
        [ 3.1056,  1.1972, -2.0300],
        [ 1.6099,  0.3760, -1.7809],
        [ 3.1813,  1.2470, -2.2962],
        [ 2.4782,  1.1819, -1.8924],
        [ 2.9313,  0.9270, -2.1210],
        [ 2.6895,  0.9378, -2.0765],
        [ 3.1313,  1.0158, -2.0902]], grad_fn=<AddmmBackward0>)
targets:tensor([0, 3, 0, 3, 3, 2, 1, 1])
probs:tensor([[0.9299, 0.7572, 0.1124],
        [0.9571, 0.7680, 0.1161],
        [0.8334, 0.5929, 0.1442],
        [0.9601, 0.7768, 0.0914],
        [0.9226, 0.7653, 0.1310],
        [0.9494, 0.7165, 0.1071],
        [0.9364, 0.7187, 0.1114],
        [0.9582, 0.7342, 0.1101]], grad_fn=<SigmoidBackward0>)

Step: 75
Raw logits: tensor([ 2.5852,  1.1375, -2.0665], grad_fn=<SelectBackward0>)
Probabilities: tensor([0.9299, 0.7572, 0.1124], grad_fn=<SelectBackward0>)
Predictions distribution: [  4  52 552   0]
Targets distribution: [164 207 180  57]
Loss: 2.816340923309326
Training Accuracy per 5 steps: 30.263157894736842
76it [23:49, 17.70s/it]outputs:tensor([[ 3.0414,  1.1329, -2.0174],
        [ 2.9921,  0.9401, -2.1398],
        [ 2.9330,  0.9945, -2.2592],
        [ 2.6107,  0.9365, -1.9619],
        [ 3.1587,  1.0310, -2.3078],
        [ 2.9779,  1.1328, -1.9703],
        [ 2.5710,  0.6139, -1.8544],
        [ 2.3189,  0.6600, -1.6403]], grad_fn=<AddmmBackward0>)
targets:tensor([2, 3, 0, 1, 0, 1, 2, 1])
probs:tensor([[0.9544, 0.7564, 0.1174],
        [0.9522, 0.7191, 0.1053],
        [0.9495, 0.7300, 0.0946],
        [0.9315, 0.7184, 0.1233],
        [0.9593, 0.7371, 0.0905],
        [0.9516, 0.7564, 0.1224],
        [0.9290, 0.6488, 0.1354],
        [0.9104, 0.6593, 0.1624]], grad_fn=<SigmoidBackward0>)
77it [24:07, 17.79s/it]outputs:tensor([[ 2.7991,  0.7199, -1.9279],
        [ 2.8429,  0.7351, -1.9821],
        [ 2.6685,  0.6168, -2.0616],
        [ 2.8254,  0.9511, -2.4271],
        [ 2.7771,  0.9107, -1.9182],
        [ 2.8911,  0.8638, -1.9734],
        [ 2.5428,  0.6643, -1.9396],
        [ 3.0107,  0.9393, -1.8458]], grad_fn=<AddmmBackward0>)
targets:tensor([1, 1, 2, 1, 1, 2, 0, 2])
probs:tensor([[0.9426, 0.6726, 0.1270],
        [0.9449, 0.6759, 0.1211],
        [0.9351, 0.6495, 0.1129],
        [0.9440, 0.7213, 0.0811],
        [0.9414, 0.7131, 0.1281],
        [0.9474, 0.7035, 0.1220],
        [0.9271, 0.6602, 0.1257],
        [0.9531, 0.7190, 0.1364]], grad_fn=<SigmoidBackward0>)
78it [24:24, 17.60s/it]outputs:tensor([[ 2.9299,  0.9414, -2.0677],
        [ 2.6555,  1.0224, -1.8352],
        [ 2.8597,  1.0396, -2.0402],
        [ 2.0516,  0.5705, -1.7370],
        [ 3.3085,  1.0220, -2.0743],
        [ 2.7613,  0.8623, -1.6064],
        [ 2.7202,  0.5922, -1.7890],
        [ 2.4884,  0.8855, -2.0653]], grad_fn=<AddmmBackward0>)
targets:tensor([0, 1, 2, 1, 2, 0, 3, 2])
probs:tensor([[0.9493, 0.7194, 0.1123],
        [0.9343, 0.7354, 0.1376],
        [0.9458, 0.7388, 0.1151],
        [0.8861, 0.6389, 0.1497],
        [0.9647, 0.7354, 0.1116],
        [0.9405, 0.7031, 0.1671],
        [0.9382, 0.6439, 0.1432],
        [0.9233, 0.7080, 0.1125]], grad_fn=<SigmoidBackward0>)
79it [24:41, 17.56s/it]outputs:tensor([[ 2.8276,  1.2011, -1.9522],
        [ 2.7883,  1.0944, -1.6760],
        [ 2.5372,  0.7908, -2.1534],
        [ 2.6880,  1.0868, -1.8630],
        [ 2.8960,  0.7854, -1.9788],
        [ 2.6328,  0.5956, -1.7441],
        [ 2.5784,  0.7724, -1.9973],
        [ 3.0646,  0.9724, -1.9855]], grad_fn=<AddmmBackward0>)
targets:tensor([0, 2, 1, 1, 0, 2, 0, 3])
probs:tensor([[0.9441, 0.7687, 0.1243],
        [0.9420, 0.7492, 0.1576],
        [0.9267, 0.6880, 0.1040],
        [0.9363, 0.7478, 0.1344],
        [0.9476, 0.6868, 0.1214],
        [0.9329, 0.6447, 0.1488],
        [0.9295, 0.6840, 0.1195],
        [0.9554, 0.7256, 0.1207]], grad_fn=<SigmoidBackward0>)
80it [24:59, 17.52s/it]outputs:tensor([[ 2.7551,  1.0840, -1.8549],
        [ 1.5066,  0.2299, -1.6395],
        [ 2.8123,  1.1155, -1.8644],
        [ 2.8747,  0.9426, -1.9333],
        [ 3.1288,  1.2396, -2.2849],
        [ 2.6927,  1.0152, -1.9820],
        [ 3.1052,  0.7485, -1.9895],
        [ 2.3765,  0.3305, -1.7638]], grad_fn=<AddmmBackward0>)
targets:tensor([1, 2, 1, 2, 1, 0, 0, 0])
probs:tensor([[0.9402, 0.7473, 0.1353],
        [0.8186, 0.5572, 0.1625],
        [0.9433, 0.7531, 0.1342],
        [0.9466, 0.7196, 0.1264],
        [0.9581, 0.7755, 0.0924],
        [0.9366, 0.7340, 0.1211],
        [0.9571, 0.6788, 0.1203],
        [0.9150, 0.5819, 0.1463]], grad_fn=<SigmoidBackward0>)

Step: 80
Raw logits: tensor([ 2.7551,  1.0840, -1.8549], grad_fn=<SelectBackward0>)
Probabilities: tensor([0.9402, 0.7473, 0.1353], grad_fn=<SelectBackward0>)
Predictions distribution: [  4  52 592   0]
Targets distribution: [175 221 192  60]
Loss: 2.67445707321167
Training Accuracy per 5 steps: 30.246913580246915
81it [25:17, 17.79s/it]outputs:tensor([[ 2.1249,  0.9093, -1.7338],
        [ 2.0696,  0.6201, -1.7138],
        [ 2.4739,  0.8280, -1.9253],
        [ 1.3824,  0.2012, -1.4422],
        [ 2.3776,  0.7087, -2.0306],
        [ 2.2174,  0.4341, -1.9732],
        [ 3.0369,  0.9304, -1.7677],
        [ 1.5170,  0.1326, -1.5449]], grad_fn=<AddmmBackward0>)
targets:tensor([3, 0, 0, 2, 1, 1, 0, 2])
probs:tensor([[0.8933, 0.7129, 0.1501],
        [0.8879, 0.6503, 0.1527],
        [0.9223, 0.6959, 0.1273],
        [0.7994, 0.5501, 0.1912],
        [0.9151, 0.6701, 0.1160],
        [0.9018, 0.6069, 0.1220],
        [0.9542, 0.7172, 0.1458],
        [0.8201, 0.5331, 0.1758]], grad_fn=<SigmoidBackward0>)
82it [25:35, 17.92s/it]outputs:tensor([[ 2.5724,  0.6257, -1.7821],
        [ 2.7692,  0.7976, -1.9796],
        [ 1.2710,  0.2876, -1.4772],
        [ 2.5420,  0.7041, -1.5900],
        [ 2.3240,  0.3548, -2.0377],
        [ 2.1117,  0.4193, -1.5894],
        [ 2.1597,  0.4094, -1.7604],
        [ 2.4406,  0.6697, -1.6768]], grad_fn=<AddmmBackward0>)
targets:tensor([0, 2, 2, 2, 1, 3, 1, 1])
probs:tensor([[0.9291, 0.6515, 0.1440],
        [0.9410, 0.6895, 0.1214],
        [0.7809, 0.5714, 0.1859],
        [0.9270, 0.6691, 0.1694],
        [0.9108, 0.5878, 0.1153],
        [0.8920, 0.6033, 0.1695],
        [0.8966, 0.6009, 0.1467],
        [0.9199, 0.6614, 0.1575]], grad_fn=<SigmoidBackward0>)
83it [25:53, 17.86s/it]outputs:tensor([[ 3.0322,  0.4056, -2.0909],
        [ 2.0166,  0.4794, -1.8195],
        [ 2.8106,  0.9030, -1.8490],
        [ 2.3676,  0.5996, -1.6973],
        [ 1.5361,  0.2403, -1.4883],
        [ 1.1883,  0.1543, -1.4191],
        [ 2.6279,  0.5706, -2.1264],
        [ 1.7488,  0.2900, -1.8119]], grad_fn=<AddmmBackward0>)
targets:tensor([1, 2, 0, 2, 2, 1, 1, 2])
probs:tensor([[0.9540, 0.6000, 0.1100],
        [0.8825, 0.6176, 0.1395],
        [0.9432, 0.7116, 0.1360],
        [0.9143, 0.6456, 0.1548],
        [0.8229, 0.5598, 0.1842],
        [0.7664, 0.5385, 0.1948],
        [0.9326, 0.6389, 0.1066],
        [0.8518, 0.5720, 0.1404]], grad_fn=<SigmoidBackward0>)
84it [26:11, 17.86s/it]outputs:tensor([[ 2.9362,  0.6305, -2.0992],
        [ 2.1572,  0.2189, -1.8769],
        [ 2.7663,  0.7730, -1.7570],
        [ 2.3489,  0.5754, -1.8376],
        [ 2.9030,  0.7868, -1.9097],
        [ 2.2333,  0.8399, -1.7195],
        [ 2.4127,  0.4326, -1.9175],
        [ 1.5294,  0.2773, -1.7931]], grad_fn=<AddmmBackward0>)
targets:tensor([1, 0, 1, 1, 0, 2, 1, 0])
probs:tensor([[0.9496, 0.6526, 0.1092],
        [0.8963, 0.5545, 0.1327],
        [0.9408, 0.6842, 0.1472],
        [0.9129, 0.6400, 0.1373],
        [0.9480, 0.6871, 0.1290],
        [0.9032, 0.6985, 0.1519],
        [0.9178, 0.6065, 0.1281],
        [0.8219, 0.5689, 0.1427]], grad_fn=<SigmoidBackward0>)
85it [26:29, 18.08s/it]outputs:tensor([[ 2.5414,  0.7454, -1.8505],
        [ 2.3958,  0.4796, -1.7680],
        [ 3.2461,  0.7978, -2.0983],
        [ 2.9618,  0.4843, -2.0119],
        [ 1.4149,  0.1353, -1.4808],
        [ 1.5525,  0.4582, -1.6193],
        [ 3.0928,  0.5312, -2.2444],
        [ 2.3250,  0.4285, -1.6437]], grad_fn=<AddmmBackward0>)
targets:tensor([1, 1, 0, 0, 1, 3, 1, 2])
probs:tensor([[0.9270, 0.6782, 0.1358],
        [0.9165, 0.6177, 0.1458],
        [0.9625, 0.6895, 0.1093],
        [0.9508, 0.6188, 0.1180],
        [0.8045, 0.5338, 0.1853],
        [0.8253, 0.6126, 0.1653],
        [0.9566, 0.6298, 0.0958],
        [0.9109, 0.6055, 0.1620]], grad_fn=<SigmoidBackward0>)

Step: 85
Raw logits: tensor([ 2.5414,  0.7454, -1.8505], grad_fn=<SelectBackward0>)
Probabilities: tensor([0.9270, 0.6782, 0.1358], grad_fn=<SelectBackward0>)
Predictions distribution: [  4  52 632   0]
Targets distribution: [185 237 203  63]
Loss: 2.689418077468872
Training Accuracy per 5 steps: 30.087209302325583
86it [26:46, 17.51s/it]outputs:tensor([[ 2.2622,  0.4549, -2.0653],
        [ 1.9764,  0.4234, -1.4783],
        [ 2.3317,  0.3412, -2.0619],
        [ 1.8165,  0.3891, -1.5771],
        [ 1.7814,  0.2380, -1.6281],
        [ 1.9735,  0.2652, -1.7023],
        [ 1.6456,  0.1832, -1.6263],
        [ 2.1898,  0.6682, -1.7667]], grad_fn=<AddmmBackward0>)
targets:tensor([2, 2, 2, 1, 2, 1, 1, 0])
probs:tensor([[0.9057, 0.6118, 0.1125],
        [0.8783, 0.6043, 0.1857],
        [0.9115, 0.5845, 0.1129],
        [0.8601, 0.5961, 0.1712],
        [0.8559, 0.5592, 0.1641],
        [0.8780, 0.5659, 0.1542],
        [0.8383, 0.5457, 0.1643],
        [0.8993, 0.6611, 0.1460]], grad_fn=<SigmoidBackward0>)
87it [27:03, 17.44s/it]outputs:tensor([[ 2.8458,  0.2587, -1.8814],
        [ 2.8278,  0.3716, -2.2678],
        [ 2.4611,  0.5643, -2.0385],
        [ 2.5493,  0.3702, -1.9068],
        [ 2.7261,  0.3150, -1.9162],
        [ 2.7632,  0.1961, -2.0529],
        [ 2.9295,  0.1923, -2.0566],
        [ 2.3496,  0.7588, -1.8551]], grad_fn=<AddmmBackward0>)
targets:tensor([0, 2, 3, 1, 0, 2, 2, 1])
probs:tensor([[0.9451, 0.5643, 0.1322],
        [0.9442, 0.5918, 0.0938],
        [0.9214, 0.6374, 0.1152],
        [0.9275, 0.5915, 0.1293],
        [0.9386, 0.5781, 0.1283],
        [0.9407, 0.5489, 0.1138],
        [0.9493, 0.5479, 0.1134],
        [0.9129, 0.6811, 0.1353]], grad_fn=<SigmoidBackward0>)
88it [27:21, 17.52s/it]outputs:tensor([[ 2.3874,  0.4950, -2.0470],
        [ 2.6208,  0.4493, -1.7103],
        [ 2.2340,  0.4813, -1.8954],
        [ 2.6231,  0.2538, -1.6222],
        [ 1.7747,  0.2702, -1.6619],
        [ 2.9564,  0.4555, -1.8628],
        [ 2.5541,  0.1494, -2.0275],
        [ 2.8708,  0.7264, -1.9945]], grad_fn=<AddmmBackward0>)
targets:tensor([2, 2, 2, 1, 0, 0, 1, 0])
probs:tensor([[0.9159, 0.6213, 0.1144],
        [0.9322, 0.6105, 0.1531],
        [0.9033, 0.6180, 0.1306],
        [0.9323, 0.5631, 0.1649],
        [0.8550, 0.5671, 0.1595],
        [0.9506, 0.6120, 0.1344],
        [0.9279, 0.5373, 0.1163],
        [0.9464, 0.6740, 0.1198]], grad_fn=<SigmoidBackward0>)
89it [27:38, 17.46s/it]outputs:tensor([[ 3.1337,  0.4942, -1.8080],
        [ 2.5228,  0.4924, -1.9993],
        [ 1.9302,  0.2499, -1.7322],
        [ 2.8413,  0.4722, -2.0494],
        [ 2.8543,  0.7107, -1.8554],
        [ 2.8361,  0.7562, -1.9303],
        [ 2.2801,  0.2640, -1.7858],
        [ 1.8395,  0.1981, -1.7305]], grad_fn=<AddmmBackward0>)
targets:tensor([3, 2, 0, 0, 2, 2, 1, 0])
probs:tensor([[0.9583, 0.6211, 0.1409],
        [0.9257, 0.6207, 0.1193],
        [0.8733, 0.5621, 0.1503],
        [0.9449, 0.6159, 0.1141],
        [0.9455, 0.6705, 0.1352],
        [0.9446, 0.6805, 0.1267],
        [0.9072, 0.5656, 0.1436],
        [0.8629, 0.5494, 0.1505]], grad_fn=<SigmoidBackward0>)
90it [27:54, 17.01s/it]outputs:tensor([[ 3.2190,  0.4875, -2.1607],
        [ 1.7730,  0.3900, -1.7325],
        [ 2.7423,  0.3806, -2.2994],
        [ 2.8151,  0.7252, -1.9445],
        [ 3.0670,  0.4858, -2.1798],
        [ 2.9042,  0.2994, -1.9628],
        [ 3.0541,  0.3556, -2.4532],
        [ 1.1855,  0.2536, -1.3456]], grad_fn=<AddmmBackward0>)
targets:tensor([1, 0, 1, 1, 0, 2, 3, 0])
probs:tensor([[0.9615, 0.6195, 0.1033],
        [0.8548, 0.5963, 0.1503],
        [0.9395, 0.5940, 0.0912],
        [0.9435, 0.6738, 0.1252],
        [0.9555, 0.6191, 0.1016],
        [0.9481, 0.5743, 0.1232],
        [0.9550, 0.5880, 0.0792],
        [0.7659, 0.5631, 0.2066]], grad_fn=<SigmoidBackward0>)

Step: 90
Raw logits: tensor([ 3.2190,  0.4875, -2.1607], grad_fn=<SelectBackward0>)
Probabilities: tensor([0.9615, 0.6195, 0.1033], grad_fn=<SelectBackward0>)
Predictions distribution: [  4  52 672   0]
Targets distribution: [197 248 217  66]
Loss: 2.531301498413086
Training Accuracy per 5 steps: 30.357142857142858
91it [28:10, 16.79s/it]outputs:tensor([[ 3.0513,  0.8004, -2.4462],
        [ 2.5110,  0.6953, -2.0892],
        [ 2.6936,  0.5141, -1.9671],
        [ 2.3496,  0.3922, -1.8572],
        [ 1.0218,  0.2576, -1.3274],
        [ 2.8097,  0.2764, -2.1845],
        [ 2.8562,  0.3783, -1.8054],
        [ 2.6662,  0.3467, -2.1394]], grad_fn=<AddmmBackward0>)
targets:tensor([2, 2, 1, 1, 3, 2, 2, 1])
probs:tensor([[0.9548, 0.6901, 0.0797],
        [0.9249, 0.6671, 0.1101],
        [0.9366, 0.6258, 0.1227],
        [0.9129, 0.5968, 0.1350],
        [0.7353, 0.5641, 0.2096],
        [0.9432, 0.5687, 0.1012],
        [0.9456, 0.5935, 0.1412],
        [0.9350, 0.5858, 0.1053]], grad_fn=<SigmoidBackward0>)
92it [28:28, 16.99s/it]outputs:tensor([[ 2.9724,  0.4038, -2.0313],
        [ 2.7720,  0.6920, -2.1983],
        [ 3.1538,  0.2861, -2.1756],
        [ 2.9349,  0.7630, -2.1613],
        [ 2.9336,  0.5960, -2.0970],
        [ 2.6827,  0.5180, -1.9283],
        [ 2.9136,  0.3390, -1.8379],
        [ 2.7459,  0.3705, -1.8379]], grad_fn=<AddmmBackward0>)
targets:tensor([2, 1, 2, 1, 1, 1, 3, 0])
probs:tensor([[0.9513, 0.5996, 0.1160],
        [0.9411, 0.6664, 0.0999],
        [0.9591, 0.5710, 0.1020],
        [0.9495, 0.6820, 0.1033],
        [0.9495, 0.6447, 0.1094],
        [0.9360, 0.6267, 0.1269],
        [0.9485, 0.5839, 0.1373],
        [0.9397, 0.5916, 0.1373]], grad_fn=<SigmoidBackward0>)
93it [28:45, 17.19s/it]outputs:tensor([[ 2.5383,  0.5129, -1.9747],
        [ 2.9460,  0.8716, -2.0704],
        [ 2.6013,  0.4192, -2.1912],
        [ 2.8863,  0.4138, -1.8427],
        [ 2.8070,  0.7810, -2.2403],
        [ 3.1364,  0.3341, -2.4147],
        [ 2.9943,  0.8279, -2.0982],
        [ 2.7324,  0.4736, -1.9481]], grad_fn=<AddmmBackward0>)
targets:tensor([2, 1, 0, 1, 2, 0, 0, 1])
probs:tensor([[0.9268, 0.6255, 0.1219],
        [0.9501, 0.7051, 0.1120],
        [0.9309, 0.6033, 0.1005],
        [0.9472, 0.6020, 0.1367],
        [0.9431, 0.6859, 0.0962],
        [0.9584, 0.5827, 0.0821],
        [0.9523, 0.6959, 0.1093],
        [0.9389, 0.6162, 0.1248]], grad_fn=<SigmoidBackward0>)
94it [29:03, 17.38s/it]outputs:tensor([[ 3.3071,  0.2892, -2.3091],
        [ 3.1478,  0.3919, -2.2252],
        [ 3.3306,  0.2869, -2.1234],
        [ 3.0496,  0.4063, -2.2045],
        [ 2.9721,  0.5858, -2.3299],
        [ 2.8887,  0.6608, -2.1108],
        [ 2.7184,  0.5472, -1.8325],
        [ 2.5009,  0.1837, -2.2165]], grad_fn=<AddmmBackward0>)
targets:tensor([2, 0, 2, 0, 0, 1, 1, 0])
probs:tensor([[0.9647, 0.5718, 0.0904],
        [0.9588, 0.5967, 0.0975],
        [0.9655, 0.5712, 0.1068],
        [0.9548, 0.6002, 0.0993],
        [0.9513, 0.6424, 0.0887],
        [0.9473, 0.6594, 0.1081],
        [0.9381, 0.6335, 0.1379],
        [0.9242, 0.5458, 0.0983]], grad_fn=<SigmoidBackward0>)
95it [29:20, 17.11s/it]outputs:tensor([[ 3.1493,  0.2761, -1.8654],
        [ 3.2513,  0.7194, -2.3199],
        [ 2.8318,  0.4108, -2.1753],
        [ 2.6529,  0.5814, -1.9494],
        [ 2.1465,  0.2338, -1.8659],
        [ 2.9482,  0.6276, -1.8846],
        [ 2.9489,  0.4615, -2.3207],
        [ 2.6422,  0.6124, -1.9740]], grad_fn=<AddmmBackward0>)
targets:tensor([3, 3, 2, 0, 1, 1, 1, 1])
probs:tensor([[0.9589, 0.5686, 0.1341],
        [0.9627, 0.6725, 0.0895],
        [0.9444, 0.6013, 0.1020],
        [0.9342, 0.6414, 0.1246],
        [0.8953, 0.5582, 0.1340],
        [0.9502, 0.6519, 0.1319],
        [0.9502, 0.6134, 0.0894],
        [0.9335, 0.6485, 0.1220]], grad_fn=<SigmoidBackward0>)

Step: 95
Raw logits: tensor([ 3.1493,  0.2761, -1.8654], grad_fn=<SelectBackward0>)
Probabilities: tensor([0.9589, 0.5686, 0.1341], grad_fn=<SelectBackward0>)
Predictions distribution: [  4  52 712   0]
Targets distribution: [206 264 228  70]
Loss: 2.443371057510376
Training Accuracy per 5 steps: 30.208333333333332
96it [29:37, 17.34s/it]outputs:tensor([[ 3.0010,  0.5638, -2.3577],
        [ 2.4347,  0.1052, -1.9672],
        [ 2.6471,  0.4034, -2.0684],
        [ 2.7455,  0.5753, -1.8846],
        [ 2.9681,  0.3804, -2.1822],
        [ 2.9822,  0.5566, -2.2984],
        [ 3.0483,  0.7163, -1.7893],
        [ 2.8712,  0.2096, -2.3567]], grad_fn=<AddmmBackward0>)
targets:tensor([1, 2, 2, 1, 0, 3, 3, 0])
probs:tensor([[0.9526, 0.6373, 0.0865],
        [0.9194, 0.5263, 0.1227],
        [0.9338, 0.5995, 0.1122],
        [0.9397, 0.6400, 0.1319],
        [0.9511, 0.5940, 0.1014],
        [0.9518, 0.6357, 0.0913],
        [0.9547, 0.6718, 0.1432],
        [0.9464, 0.5522, 0.0865]], grad_fn=<SigmoidBackward0>)
97it [29:53, 16.90s/it]outputs:tensor([[ 2.8994,  0.2958, -2.2592],
        [ 2.9047,  0.5560, -1.8217],
        [ 2.2989,  0.1900, -1.8611],
        [ 2.7557,  0.6110, -2.3467],
        [ 3.2534,  0.4676, -2.0510],
        [ 3.2717,  0.1451, -2.2723],
        [ 2.8598,  0.2300, -2.1337],
        [ 2.9944,  0.6301, -1.9927]], grad_fn=<AddmmBackward0>)
targets:tensor([1, 0, 1, 1, 3, 0, 0, 2])
probs:tensor([[0.9478, 0.5734, 0.0946],
        [0.9481, 0.6355, 0.1392],
        [0.9088, 0.5474, 0.1346],
        [0.9402, 0.6482, 0.0873],
        [0.9628, 0.6148, 0.1140],
        [0.9634, 0.5362, 0.0934],
        [0.9458, 0.5572, 0.1059],
        [0.9523, 0.6525, 0.1200]], grad_fn=<SigmoidBackward0>)
98it [30:12, 17.37s/it]outputs:tensor([[ 2.9334,  0.4090, -2.5047],
        [ 2.8469,  0.5052, -2.0044],
        [ 3.2372,  0.4600, -2.3084],
        [ 2.5822,  0.1009, -2.1257],
        [ 3.3802,  0.6263, -1.9314],
        [ 2.7769,  0.0312, -1.8914],
        [ 2.4039,  0.2500, -1.8694],
        [ 2.9281,  0.3352, -1.9451]], grad_fn=<AddmmBackward0>)
targets:tensor([1, 1, 2, 2, 1, 0, 1, 1])
probs:tensor([[0.9495, 0.6008, 0.0755],
        [0.9452, 0.6237, 0.1187],
        [0.9622, 0.6130, 0.0904],
        [0.9297, 0.5252, 0.1066],
        [0.9671, 0.6517, 0.1266],
        [0.9414, 0.5078, 0.1311],
        [0.9171, 0.5622, 0.1336],
        [0.9492, 0.5830, 0.1251]], grad_fn=<SigmoidBackward0>)
99it [30:30, 17.61s/it]outputs:tensor([[ 2.6717,  0.4295, -2.2590],
        [ 2.4487,  0.1471, -2.3054],
        [ 3.4428,  0.6914, -2.3827],
        [ 2.9838,  0.6601, -2.1423],
        [ 3.0429,  0.6407, -2.1538],
        [ 2.9092,  0.4950, -2.1155],
        [ 3.2965,  0.4897, -2.3793],
        [ 3.3055,  0.5111, -2.0782]], grad_fn=<AddmmBackward0>)
targets:tensor([2, 2, 1, 0, 1, 1, 1, 0])
probs:tensor([[0.9353, 0.6057, 0.0946],
        [0.9205, 0.5367, 0.0907],
        [0.9690, 0.6663, 0.0845],
        [0.9518, 0.6593, 0.1051],
        [0.9545, 0.6549, 0.1040],
        [0.9483, 0.6213, 0.1076],
        [0.9643, 0.6200, 0.0848],
        [0.9646, 0.6251, 0.1112]], grad_fn=<SigmoidBackward0>)
100it [30:45, 16.83s/it]outputs:tensor([[ 2.9195e+00,  3.1304e-01, -2.2176e+00],
        [ 2.3890e+00,  3.1587e-01, -1.8122e+00],
        [ 2.4713e+00,  2.0368e-01, -2.1401e+00],
        [ 3.0823e+00,  4.0725e-01, -2.2373e+00],
        [ 3.0230e+00, -1.0698e-01, -2.2708e+00],
        [ 2.8336e+00,  6.3587e-01, -2.1783e+00],
        [ 1.4540e+00, -8.9923e-04, -1.6017e+00],
        [ 2.6896e+00,  5.2344e-01, -2.1337e+00]], grad_fn=<AddmmBackward0>)
targets:tensor([1, 1, 2, 1, 3, 2, 0, 1])
probs:tensor([[0.9488, 0.5776, 0.0982],
        [0.9160, 0.5783, 0.1404],
        [0.9221, 0.5507, 0.1053],
        [0.9562, 0.6004, 0.0964],
        [0.9536, 0.4733, 0.0936],
        [0.9445, 0.6538, 0.1017],
        [0.8106, 0.4998, 0.1677],
        [0.9364, 0.6280, 0.1059]], grad_fn=<SigmoidBackward0>)

Step: 100
Raw logits: tensor([ 2.9195,  0.3130, -2.2176], grad_fn=<SelectBackward0>)
Probabilities: tensor([0.9488, 0.5776, 0.0982], grad_fn=<SelectBackward0>)
Predictions distribution: [  4  54 750   0]
Targets distribution: [215 282 237  74]
Loss: 2.0366430282592773
Training Accuracy per 5 steps: 29.826732673267326
101it [31:03, 17.10s/it]outputs:tensor([[ 3.0137,  0.4455, -2.4869],
        [ 2.8029,  0.4523, -1.7941],
        [ 2.8924,  0.1682, -1.9852],
        [ 2.8204,  0.4240, -2.1661],
        [ 2.4959,  0.0681, -1.9618],
        [ 2.9843,  0.4452, -2.0854],
        [ 2.8363,  0.3807, -2.2097],
        [ 2.9564,  0.0798, -2.1436]], grad_fn=<AddmmBackward0>)
targets:tensor([0, 2, 1, 2, 1, 1, 1, 0])
probs:tensor([[0.9532, 0.6096, 0.0768],
        [0.9428, 0.6112, 0.1426],
        [0.9475, 0.5420, 0.1208],
        [0.9438, 0.6044, 0.1028],
        [0.9239, 0.5170, 0.1233],
        [0.9519, 0.6095, 0.1105],
        [0.9446, 0.5941, 0.0989],
        [0.9506, 0.5199, 0.1049]], grad_fn=<SigmoidBackward0>)
102it [31:19, 16.99s/it]outputs:tensor([[ 2.8955,  0.1218, -2.1830],
        [ 3.2570,  0.7851, -2.0873],
        [ 3.1586,  0.3764, -2.2074],
        [ 2.9845,  0.3885, -2.1936],
        [ 2.8869,  0.2643, -2.0619],
        [ 2.8800,  0.0210, -2.2567],
        [ 3.1471,  0.3087, -2.2715],
        [ 2.4560,  0.2634, -2.0102]], grad_fn=<AddmmBackward0>)
targets:tensor([2, 2, 0, 3, 1, 2, 2, 1])
probs:tensor([[0.9476, 0.5304, 0.1013],
        [0.9629, 0.6868, 0.1103],
        [0.9592, 0.5930, 0.0991],
        [0.9519, 0.5959, 0.1003],
        [0.9472, 0.5657, 0.1129],
        [0.9469, 0.5053, 0.0948],
        [0.9588, 0.5766, 0.0935],
        [0.9210, 0.5655, 0.1181]], grad_fn=<SigmoidBackward0>)
103it [31:36, 16.90s/it]outputs:tensor([[ 2.8767,  0.3552, -2.0772],
        [ 3.0426,  0.3998, -2.3187],
        [ 2.7883,  0.5764, -2.2455],
        [ 3.1799,  0.3353, -2.3318],
        [ 2.6637,  0.6210, -2.0731],
        [ 2.9035,  0.5230, -1.7125],
        [ 2.4007,  0.1595, -1.9260],
        [ 2.6762,  0.0642, -1.8275]], grad_fn=<AddmmBackward0>)
targets:tensor([1, 1, 1, 2, 1, 2, 1, 1])
probs:tensor([[0.9467, 0.5879, 0.1113],
        [0.9545, 0.5986, 0.0896],
        [0.9420, 0.6402, 0.0957],
        [0.9601, 0.5831, 0.0885],
        [0.9349, 0.6504, 0.1117],
        [0.9480, 0.6278, 0.1528],
        [0.9169, 0.5398, 0.1272],
        [0.9356, 0.5160, 0.1385]], grad_fn=<SigmoidBackward0>)
104it [31:52, 16.51s/it]outputs:tensor([[ 2.7040,  0.3489, -2.1345],
        [ 3.2556,  0.2888, -2.0776],
        [ 3.1740,  0.4403, -2.0167],
        [ 2.8979,  0.0795, -1.8593],
        [ 1.8913,  0.3459, -1.5028],
        [ 2.8258,  0.2607, -1.8311],
        [ 3.1413,  0.4500, -2.0239],
        [ 2.8587,  0.3038, -2.0617]], grad_fn=<AddmmBackward0>)
targets:tensor([2, 1, 3, 2, 0, 1, 1, 2])
probs:tensor([[0.9373, 0.5863, 0.1058],
        [0.9629, 0.5717, 0.1113],
        [0.9598, 0.6083, 0.1175],
        [0.9477, 0.5199, 0.1348],
        [0.8689, 0.5856, 0.1820],
        [0.9441, 0.5648, 0.1381],
        [0.9586, 0.6106, 0.1167],
        [0.9458, 0.5754, 0.1129]], grad_fn=<SigmoidBackward0>)
105it [32:09, 16.82s/it]outputs:tensor([[ 2.6220,  0.3348, -2.3303],
        [ 2.8725,  0.3026, -2.1673],
        [ 2.8041,  0.3369, -2.0231],
        [ 3.2515,  0.4992, -2.3865],
        [ 3.0232,  0.5991, -2.0461],
        [ 3.3124,  0.3623, -2.1531],
        [ 2.3097,  0.1777, -1.9390],
        [ 2.7617,  0.1081, -2.2206]], grad_fn=<AddmmBackward0>)
targets:tensor([3, 0, 1, 1, 0, 1, 0, 3])
probs:tensor([[0.9323, 0.5829, 0.0886],
        [0.9465, 0.5751, 0.1027],
        [0.9429, 0.5834, 0.1168],
        [0.9627, 0.6223, 0.0842],
        [0.9536, 0.6455, 0.1144],
        [0.9649, 0.5896, 0.1040],
        [0.9097, 0.5443, 0.1258],
        [0.9406, 0.5270, 0.0979]], grad_fn=<SigmoidBackward0>)

Step: 105
Raw logits: tensor([ 2.6220,  0.3348, -2.3303], grad_fn=<SelectBackward0>)
Probabilities: tensor([0.9323, 0.5829, 0.0886], grad_fn=<SelectBackward0>)
Predictions distribution: [  4  54 790   0]
Targets distribution: [222 300 248  78]
Loss: 3.077104091644287
Training Accuracy per 5 steps: 29.71698113207547
106it [32:28, 17.47s/it]outputs:tensor([[ 3.2818,  0.7668, -1.9607],
        [ 2.7326,  0.1729, -2.1763],
        [ 2.7956, -0.0677, -2.2441],
        [ 2.4130,  0.1087, -1.9352],
        [ 3.1236, -0.1187, -2.0773],
        [ 2.9109,  0.1389, -2.0322],
        [ 3.0310,  0.2638, -2.1867],
        [ 2.9578,  0.2291, -2.3432]], grad_fn=<AddmmBackward0>)
targets:tensor([0, 3, 1, 1, 2, 1, 1, 2])
probs:tensor([[0.9638, 0.6828, 0.1234],
        [0.9389, 0.5431, 0.1019],
        [0.9424, 0.4831, 0.0959],
        [0.9178, 0.5272, 0.1262],
        [0.9579, 0.4704, 0.1113],
        [0.9484, 0.5347, 0.1159],
        [0.9540, 0.5656, 0.1010],
        [0.9506, 0.5570, 0.0876]], grad_fn=<SigmoidBackward0>)
107it [32:48, 18.20s/it]outputs:tensor([[ 3.4225,  0.4156, -2.3943],
        [ 2.7425, -0.2284, -2.1501],
        [ 2.8686,  0.0772, -2.1345],
        [ 2.8878,  0.1873, -2.0003],
        [ 2.0599,  0.3227, -1.7284],
        [ 2.7985,  0.0780, -1.8361],
        [ 2.8231, -0.1808, -2.1868],
        [ 2.8365,  0.3113, -2.2213]], grad_fn=<AddmmBackward0>)
targets:tensor([1, 1, 0, 0, 0, 3, 1, 2])
probs:tensor([[0.9684, 0.6024, 0.0836],
        [0.9395, 0.4431, 0.1043],
        [0.9463, 0.5193, 0.1058],
        [0.9472, 0.5467, 0.1192],
        [0.8869, 0.5800, 0.1508],
        [0.9426, 0.5195, 0.1375],
        [0.9439, 0.4549, 0.1009],
        [0.9446, 0.5772, 0.0979]], grad_fn=<SigmoidBackward0>)
108it [33:07, 18.55s/it]outputs:tensor([[ 2.7608,  0.2279, -2.0473],
        [ 2.9161,  0.4281, -1.9672],
        [ 3.3508,  0.1939, -2.0374],
        [ 2.9094,  0.5182, -2.1940],
        [ 2.8387,  0.0574, -2.0398],
        [ 2.9342,  0.3228, -2.1477],
        [ 2.2143,  0.2650, -1.7446],
        [ 3.0172,  0.2319, -2.1182]], grad_fn=<AddmmBackward0>)
targets:tensor([1, 0, 1, 2, 0, 2, 0, 2])
probs:tensor([[0.9405, 0.5567, 0.1143],
        [0.9486, 0.6054, 0.1227],
        [0.9661, 0.5483, 0.1153],
        [0.9483, 0.6267, 0.1003],
        [0.9447, 0.5143, 0.1151],
        [0.9495, 0.5800, 0.1045],
        [0.9015, 0.5659, 0.1487],
        [0.9533, 0.5577, 0.1073]], grad_fn=<SigmoidBackward0>)
109it [33:30, 19.75s/it]outputs:tensor([[ 2.7662,  0.2664, -2.0759],
        [ 3.1321,  0.3041, -2.1641],
        [ 2.6991,  0.0960, -2.0678],
        [ 2.5020,  0.4654, -2.2129],
        [ 3.2315,  0.6427, -2.1205],
        [ 2.8510, -0.2278, -2.2273],
        [ 2.6254,  0.0778, -2.2236],
        [ 3.4817,  0.3151, -2.5921]], grad_fn=<AddmmBackward0>)
targets:tensor([2, 0, 2, 0, 1, 1, 0, 1])
probs:tensor([[0.9408, 0.5662, 0.1115],
        [0.9582, 0.5754, 0.1030],
        [0.9370, 0.5240, 0.1123],
        [0.9243, 0.6143, 0.0986],
        [0.9620, 0.6554, 0.1071],
        [0.9454, 0.4433, 0.0973],
        [0.9325, 0.5195, 0.0976],
        [0.9702, 0.5781, 0.0696]], grad_fn=<SigmoidBackward0>)
110it [33:47, 18.99s/it]outputs:tensor([[ 2.8368,  0.0557, -2.1023],
        [ 2.9233,  0.2193, -2.2182],
        [ 2.7795,  0.2404, -1.7976],
        [ 2.5842,  0.3758, -1.9793],
        [ 2.9165,  0.2247, -2.3572],
        [ 3.0059,  0.2669, -2.2355],
        [ 2.8898, -0.0569, -2.2878],
        [ 2.8617,  0.3005, -1.7309]], grad_fn=<AddmmBackward0>)
targets:tensor([2, 2, 1, 2, 0, 0, 1, 1])
probs:tensor([[0.9446, 0.5139, 0.1089],
        [0.9490, 0.5546, 0.0981],
        [0.9416, 0.5598, 0.1421],
        [0.9298, 0.5928, 0.1214],
        [0.9487, 0.5559, 0.0865],
        [0.9528, 0.5663, 0.0966],
        [0.9473, 0.4858, 0.0921],
        [0.9459, 0.5746, 0.1505]], grad_fn=<SigmoidBackward0>)

Step: 110
Raw logits: tensor([ 2.8368,  0.0557, -2.1023], grad_fn=<SelectBackward0>)
Probabilities: tensor([0.9446, 0.5139, 0.1089], grad_fn=<SelectBackward0>)
Predictions distribution: [  4  60 824   0]
Targets distribution: [234 315 259  80]
Loss: 2.1299586296081543
Training Accuracy per 5 steps: 30.06756756756757
111it [34:06, 18.91s/it]outputs:tensor([[ 2.3271, -0.1160, -2.0557],
        [ 2.7020,  0.2861, -2.1914],
        [ 2.7600,  0.0491, -1.8690],
        [ 2.7466,  0.1468, -1.8907],
        [ 2.2543,  0.4015, -2.0269],
        [ 3.3160,  0.1948, -2.2545],
        [ 2.3724,  0.2107, -1.9583],
        [ 2.8357,  0.4366, -2.2785]], grad_fn=<AddmmBackward0>)
targets:tensor([2, 1, 1, 0, 1, 1, 3, 1])
probs:tensor([[0.9111, 0.4710, 0.1135],
        [0.9371, 0.5710, 0.1005],
        [0.9405, 0.5123, 0.1337],
        [0.9397, 0.5366, 0.1312],
        [0.9050, 0.5991, 0.1164],
        [0.9650, 0.5485, 0.0950],
        [0.9147, 0.5525, 0.1236],
        [0.9446, 0.6075, 0.0929]], grad_fn=<SigmoidBackward0>)
112it [34:23, 18.44s/it]outputs:tensor([[ 2.9222,  0.2634, -2.1683],
        [ 2.6333,  0.2396, -1.9935],
        [ 3.0514,  0.2472, -2.2757],
        [ 3.1572,  0.3526, -2.2884],
        [ 2.4824,  0.1253, -2.2169],
        [ 2.9135,  0.1193, -1.9206],
        [ 2.9488,  0.3093, -2.0839],
        [ 3.1232,  0.5632, -2.0755]], grad_fn=<AddmmBackward0>)
targets:tensor([1, 1, 3, 1, 1, 2, 2, 3])
probs:tensor([[0.9489, 0.5655, 0.1026],
        [0.9330, 0.5596, 0.1199],
        [0.9548, 0.5615, 0.0932],
        [0.9592, 0.5873, 0.0921],
        [0.9229, 0.5313, 0.0982],
        [0.9485, 0.5298, 0.1278],
        [0.9502, 0.5767, 0.1107],
        [0.9578, 0.6372, 0.1115]], grad_fn=<SigmoidBackward0>)
113it [34:39, 17.71s/it]outputs:tensor([[ 3.1580,  0.3820, -2.0407],
        [ 2.4595,  0.1651, -1.7999],
        [ 3.0100,  0.3218, -2.0608],
        [ 2.2226,  0.2562, -1.7918],
        [ 1.9163,  0.3172, -1.6855],
        [ 2.5993,  0.2094, -1.9923],
        [ 1.8845,  0.1536, -1.3834],
        [ 3.1601, -0.1001, -2.1393]], grad_fn=<AddmmBackward0>)
targets:tensor([0, 1, 0, 1, 0, 1, 2, 2])
probs:tensor([[0.9592, 0.5944, 0.1150],
        [0.9213, 0.5412, 0.1419],
        [0.9530, 0.5798, 0.1130],
        [0.9023, 0.5637, 0.1429],
        [0.8717, 0.5787, 0.1564],
        [0.9308, 0.5522, 0.1200],
        [0.8681, 0.5383, 0.2005],
        [0.9593, 0.4750, 0.1053]], grad_fn=<SigmoidBackward0>)
114it [34:57, 17.73s/it]outputs:tensor([[ 2.5061,  0.0597, -1.9782],
        [ 3.0791,  0.2564, -2.2344],
        [ 3.1835,  0.2858, -2.0851],
        [ 3.2585,  0.1970, -2.0609],
        [ 2.8265,  0.4091, -2.3575],
        [ 2.8866,  0.1225, -2.1938],
        [ 2.6626,  0.3266, -1.9644],
        [ 2.8550, -0.2074, -1.9178]], grad_fn=<AddmmBackward0>)
targets:tensor([1, 0, 0, 1, 2, 2, 1, 1])
probs:tensor([[0.9246, 0.5149, 0.1215],
        [0.9560, 0.5638, 0.0967],
        [0.9602, 0.5710, 0.1106],
        [0.9630, 0.5491, 0.1130],
        [0.9441, 0.6009, 0.0865],
        [0.9472, 0.5306, 0.1003],
        [0.9348, 0.5809, 0.1230],
        [0.9456, 0.4483, 0.1281]], grad_fn=<SigmoidBackward0>)
115it [35:13, 17.32s/it]outputs:tensor([[ 2.7848,  0.1313, -2.1954],
        [ 2.5113, -0.0125, -2.1476],
        [ 2.7116,  0.0843, -2.4907],
        [ 2.8503,  0.0759, -2.0939],
        [ 2.4472, -0.0069, -2.1538],
        [ 3.1447,  0.3514, -2.0271],
        [ 2.8560,  0.5338, -1.9787],
        [ 2.9032,  0.3137, -2.1839]], grad_fn=<AddmmBackward0>)
targets:tensor([2, 1, 0, 1, 0, 1, 2, 3])
probs:tensor([[0.9418, 0.5328, 0.1002],
        [0.9249, 0.4969, 0.1046],
        [0.9377, 0.5211, 0.0765],
        [0.9453, 0.5190, 0.1097],
        [0.9204, 0.4983, 0.1040],
        [0.9587, 0.5870, 0.1164],
        [0.9456, 0.6304, 0.1215],
        [0.9480, 0.5778, 0.1012]], grad_fn=<SigmoidBackward0>)

Step: 115
Raw logits: tensor([ 2.7848,  0.1313, -2.1954], grad_fn=<SelectBackward0>)
Probabilities: tensor([0.9418, 0.5328, 0.1002], grad_fn=<SelectBackward0>)
Predictions distribution: [  4  65 859   0]
Targets distribution: [242 334 268  84]
Loss: 2.297109603881836
Training Accuracy per 5 steps: 29.74137931034483
116it [35:31, 17.49s/it]outputs:tensor([[ 2.9836,  0.4023, -2.1271],
        [ 2.4301,  0.1909, -2.0568],
        [ 2.5395, -0.0859, -2.3749],
        [ 2.4744, -0.0144, -2.3382],
        [ 2.5863,  0.4447, -2.1887],
        [ 3.2952,  0.3608, -1.9303],
        [ 2.6836,  0.2848, -2.1367],
        [ 2.8236,  0.1219, -2.1120]], grad_fn=<AddmmBackward0>)
targets:tensor([2, 0, 3, 0, 2, 1, 0, 0])
probs:tensor([[0.9518, 0.5992, 0.1065],
        [0.9191, 0.5476, 0.1134],
        [0.9269, 0.4785, 0.0851],
        [0.9223, 0.4964, 0.0880],
        [0.9300, 0.6094, 0.1008],
        [0.9643, 0.5892, 0.1267],
        [0.9361, 0.5707, 0.1056],
        [0.9439, 0.5304, 0.1079]], grad_fn=<SigmoidBackward0>)
117it [35:50, 17.95s/it]outputs:tensor([[ 2.7648, -0.0127, -2.1115],
        [ 1.9898,  0.2297, -1.6433],
        [ 2.8152,  0.1195, -2.1262],
        [ 2.9097,  0.4945, -1.9314],
        [ 2.5607,  0.7227, -1.7984],
        [ 2.7861,  0.1369, -1.9021],
        [ 2.5802, -0.0494, -2.1006],
        [ 2.2984,  0.2133, -1.8651]], grad_fn=<AddmmBackward0>)
targets:tensor([2, 1, 2, 1, 1, 1, 1, 2])
probs:tensor([[0.9407, 0.4968, 0.1080],
        [0.8797, 0.5572, 0.1620],
        [0.9435, 0.5298, 0.1066],
        [0.9483, 0.6212, 0.1266],
        [0.9283, 0.6732, 0.1420],
        [0.9419, 0.5342, 0.1299],
        [0.9296, 0.4877, 0.1090],
        [0.9087, 0.5531, 0.1341]], grad_fn=<SigmoidBackward0>)
118it [36:10, 18.40s/it]outputs:tensor([[ 1.8437,  0.2550, -1.8231],
        [ 3.2422,  0.3613, -2.2562],
        [ 2.8885,  0.5528, -1.5678],
        [ 2.4762,  0.1647, -1.9404],
        [ 2.7488, -0.0937, -1.9597],
        [ 2.3829, -0.1970, -1.9811],
        [ 2.6262,  0.4780, -2.4201],
        [ 3.0875,  0.4152, -2.0692]], grad_fn=<AddmmBackward0>)
targets:tensor([3, 2, 1, 3, 0, 2, 1, 0])
probs:tensor([[0.8634, 0.5634, 0.1391],
        [0.9624, 0.5893, 0.0948],
        [0.9473, 0.6348, 0.1725],
        [0.9225, 0.5411, 0.1256],
        [0.9398, 0.4766, 0.1235],
        [0.9155, 0.4509, 0.1212],
        [0.9325, 0.6173, 0.0816],
        [0.9564, 0.6023, 0.1121]], grad_fn=<SigmoidBackward0>)
119it [36:30, 19.05s/it]outputs:tensor([[ 3.0203,  0.5335, -2.2336],
        [ 2.6021,  0.2369, -2.1486],
        [ 2.5085,  0.2509, -1.6505],
        [ 2.4184,  0.0064, -1.9229],
        [ 2.6132,  0.1477, -2.2483],
        [ 1.6860,  0.2297, -1.4211],
        [ 2.5328,  0.4929, -2.1090],
        [ 2.5338,  0.0194, -2.2139]], grad_fn=<AddmmBackward0>)
targets:tensor([0, 1, 0, 1, 1, 1, 1, 0])
probs:tensor([[0.9535, 0.6303, 0.0968],
        [0.9310, 0.5589, 0.1045],
        [0.9247, 0.5624, 0.1610],
        [0.9182, 0.5016, 0.1275],
        [0.9317, 0.5369, 0.0955],
        [0.8437, 0.5572, 0.1945],
        [0.9264, 0.6208, 0.1082],
        [0.9265, 0.5048, 0.0985]], grad_fn=<SigmoidBackward0>)
120it [36:47, 18.36s/it]outputs:tensor([[ 2.1009,  0.1226, -2.0271],
        [ 2.2077,  0.0331, -1.7876],
        [ 2.6118,  0.1852, -2.0386],
        [ 2.3462,  0.3467, -1.7814],
        [ 2.4533,  0.0258, -1.9632],
        [ 3.1476,  0.2587, -2.2913],
        [ 2.5862,  0.1737, -1.9157],
        [ 1.8788,  0.3053, -1.7106]], grad_fn=<AddmmBackward0>)
targets:tensor([0, 1, 2, 1, 0, 0, 1, 2])
probs:tensor([[0.8910, 0.5306, 0.1164],
        [0.9009, 0.5083, 0.1434],
        [0.9316, 0.5462, 0.1152],
        [0.9126, 0.5858, 0.1441],
        [0.9208, 0.5065, 0.1231],
        [0.9588, 0.5643, 0.0918],
        [0.9300, 0.5433, 0.1283],
        [0.8675, 0.5757, 0.1531]], grad_fn=<SigmoidBackward0>)

Step: 120
Raw logits: tensor([ 2.1009,  0.1226, -2.0271], grad_fn=<SelectBackward0>)
Probabilities: tensor([0.8910, 0.5306, 0.1164], grad_fn=<SelectBackward0>)
Predictions distribution: [  4  71 893   0]
Targets distribution: [254 350 277  87]
Loss: 2.3641693592071533
Training Accuracy per 5 steps: 29.33884297520661
121it [37:03, 17.47s/it]outputs:tensor([[ 1.6141, -0.1380, -1.6199],
        [ 2.2227, -0.1467, -2.0824],
        [ 3.0821,  0.1647, -2.4313],
        [ 2.5440,  0.1559, -1.6993],
        [ 3.2246,  0.2270, -2.3308],
        [ 2.3983, -0.0865, -2.0745],
        [ 3.0722,  0.3647, -1.9626],
        [ 2.9638,  0.4452, -2.2963]], grad_fn=<AddmmBackward0>)
targets:tensor([0, 0, 2, 1, 0, 2, 2, 2])
probs:tensor([[0.8340, 0.4656, 0.1652],
        [0.9023, 0.4634, 0.1108],
        [0.9561, 0.5411, 0.0808],
        [0.9272, 0.5389, 0.1546],
        [0.9617, 0.5565, 0.0886],
        [0.9167, 0.4784, 0.1116],
        [0.9557, 0.5902, 0.1232],
        [0.9509, 0.6095, 0.0914]], grad_fn=<SigmoidBackward0>)
122it [37:22, 18.19s/it]outputs:tensor([[ 2.3716, -0.2055, -2.2698],
        [ 3.1804,  0.2447, -1.9679],
        [ 2.8549,  0.1956, -2.1459],
        [ 2.6778,  0.0187, -2.0869],
        [ 2.3443,  0.1206, -2.2283],
        [ 2.9178,  0.3537, -2.3270],
        [ 1.9106,  0.0902, -1.6949],
        [ 2.0081, -0.1589, -1.8404]], grad_fn=<AddmmBackward0>)
targets:tensor([1, 2, 1, 0, 0, 2, 1, 0])
probs:tensor([[0.9146, 0.4488, 0.0937],
        [0.9601, 0.5609, 0.1226],
        [0.9456, 0.5488, 0.1047],
        [0.9357, 0.5047, 0.1104],
        [0.9125, 0.5301, 0.0972],
        [0.9487, 0.5875, 0.0889],
        [0.8711, 0.5225, 0.1551],
        [0.8816, 0.4604, 0.1370]], grad_fn=<SigmoidBackward0>)
123it [37:40, 18.05s/it]outputs:tensor([[ 2.7133, -0.0939, -1.9564],
        [ 2.3534, -0.0165, -1.9436],
        [ 2.8139, -0.0589, -2.1634],
        [ 2.8085,  0.5198, -2.0650],
        [ 2.6150,  0.3102, -1.8603],
        [ 2.2941,  0.3629, -1.9723],
        [ 2.9919,  0.4605, -2.2378],
        [ 2.7559,  0.2087, -2.4102]], grad_fn=<AddmmBackward0>)
targets:tensor([1, 1, 0, 2, 1, 2, 2, 2])
probs:tensor([[0.9378, 0.4765, 0.1239],
        [0.9132, 0.4959, 0.1252],
        [0.9434, 0.4853, 0.1031],
        [0.9431, 0.6271, 0.1125],
        [0.9318, 0.5769, 0.1347],
        [0.9084, 0.5897, 0.1221],
        [0.9522, 0.6131, 0.0964],
        [0.9402, 0.5520, 0.0824]], grad_fn=<SigmoidBackward0>)
124it [37:58, 17.97s/it]outputs:tensor([[ 1.7212, -0.1614, -1.6852],
        [ 2.2692,  0.0984, -2.0588],
        [ 2.7448,  0.1368, -2.2732],
        [ 2.5855, -0.0871, -2.2219],
        [ 2.0857,  0.1460, -1.9585],
        [ 2.6656,  0.4502, -2.1205],
        [ 2.2319,  0.2077, -1.9878],
        [ 2.7953,  0.0180, -1.9992]], grad_fn=<AddmmBackward0>)
targets:tensor([2, 0, 2, 0, 2, 0, 1, 2])
probs:tensor([[0.8483, 0.4597, 0.1564],
        [0.9063, 0.5246, 0.1132],
        [0.9396, 0.5342, 0.0934],
        [0.9299, 0.4782, 0.0978],
        [0.8895, 0.5364, 0.1236],
        [0.9350, 0.6107, 0.1071],
        [0.9031, 0.5517, 0.1205],
        [0.9424, 0.5045, 0.1193]], grad_fn=<SigmoidBackward0>)
125it [38:15, 17.64s/it]outputs:tensor([[ 1.4222, -0.0964, -1.6416],
        [ 2.4258,  0.2390, -2.1946],
        [ 2.5339,  0.3001, -1.9808],
        [ 2.5871,  0.1013, -2.4008],
        [ 2.6404, -0.0322, -2.1402],
        [ 2.4774, -0.0658, -2.1530],
        [ 2.7276,  0.0859, -2.1664],
        [ 2.7896, -0.0746, -2.2528]], grad_fn=<AddmmBackward0>)
targets:tensor([0, 2, 3, 1, 0, 0, 1, 2])
probs:tensor([[0.8057, 0.4759, 0.1622],
        [0.9188, 0.5595, 0.1002],
        [0.9265, 0.5745, 0.1212],
        [0.9300, 0.5253, 0.0831],
        [0.9334, 0.4920, 0.1052],
        [0.9225, 0.4836, 0.1041],
        [0.9386, 0.5215, 0.1028],
        [0.9421, 0.4814, 0.0951]], grad_fn=<SigmoidBackward0>)

Step: 125
Raw logits: tensor([ 1.4222, -0.0964, -1.6416], grad_fn=<SelectBackward0>)
Probabilities: tensor([0.8057, 0.4759, 0.1622], grad_fn=<SelectBackward0>)
Predictions distribution: [  4  85 919   0]
Targets distribution: [267 360 293  88]
Loss: 2.514622688293457
Training Accuracy per 5 steps: 29.761904761904763
126it [38:33, 17.90s/it]outputs:tensor([[ 2.6742,  0.2596, -2.1981],
        [ 2.2689,  0.0354, -1.8775],
        [ 2.6318,  0.4811, -2.5117],
        [ 2.9002,  0.4736, -2.1772],
        [ 2.6192, -0.0471, -2.1533],
        [ 3.0852,  0.4523, -2.3775],
        [ 2.7427,  0.3849, -2.1792],
        [ 2.4689,  0.2357, -2.0182]], grad_fn=<AddmmBackward0>)
targets:tensor([1, 2, 1, 2, 3, 2, 1, 3])
probs:tensor([[0.9355, 0.5645, 0.0999],
        [0.9063, 0.5088, 0.1327],
        [0.9329, 0.6180, 0.0750],
        [0.9479, 0.6162, 0.1018],
        [0.9321, 0.4882, 0.1040],
        [0.9563, 0.6112, 0.0849],
        [0.9395, 0.5951, 0.1016],
        [0.9219, 0.5587, 0.1173]], grad_fn=<SigmoidBackward0>)
127it [38:47, 16.76s/it]outputs:tensor([[ 2.5994,  0.0624, -2.0240],
        [ 2.5537,  0.0967, -2.5014],
        [ 2.6722,  0.2638, -2.3953],
        [ 3.2622,  0.7071, -2.3097],
        [ 2.5378,  0.4459, -2.1819],
        [ 1.4272,  0.0663, -1.4620],
        [ 2.6282,  0.3056, -2.2391],
        [ 1.0096,  0.1795, -1.2886]], grad_fn=<AddmmBackward0>)
targets:tensor([0, 0, 2, 1, 0, 1, 1, 2])
probs:tensor([[0.9308, 0.5156, 0.1167],
        [0.9278, 0.5242, 0.0758],
        [0.9354, 0.5656, 0.0835],
        [0.9631, 0.6698, 0.0903],
        [0.9267, 0.6097, 0.1014],
        [0.8065, 0.5166, 0.1882],
        [0.9327, 0.5758, 0.0963],
        [0.7329, 0.5448, 0.2161]], grad_fn=<SigmoidBackward0>)
128it [39:05, 16.95s/it]outputs:tensor([[ 2.9446,  0.1950, -2.2425],
        [ 2.8553,  0.4341, -2.2441],
        [ 3.1008,  0.2119, -2.2811],
        [ 2.4450,  0.1480, -2.1958],
        [ 2.8090,  0.4031, -2.1808],
        [ 2.6817, -0.1931, -2.3980],
        [ 2.3114,  0.1285, -2.3483],
        [ 2.6988,  0.2982, -2.0952]], grad_fn=<AddmmBackward0>)
targets:tensor([2, 1, 0, 2, 1, 2, 0, 0])
probs:tensor([[0.9500, 0.5486, 0.0960],
        [0.9456, 0.6069, 0.0959],
        [0.9569, 0.5528, 0.0927],
        [0.9202, 0.5369, 0.1001],
        [0.9432, 0.5994, 0.1015],
        [0.9359, 0.4519, 0.0833],
        [0.9098, 0.5321, 0.0872],
        [0.9370, 0.5740, 0.1096]], grad_fn=<SigmoidBackward0>)
129it [39:22, 16.89s/it]outputs:tensor([[ 3.0976,  0.4682, -2.6625],
        [ 2.9199,  0.4926, -2.2471],
        [ 2.8002,  0.7378, -2.1578],
        [ 2.7348,  0.5850, -2.3096],
        [ 2.9936,  0.4700, -2.4754],
        [ 2.3590,  0.1110, -2.2306],
        [ 2.4707,  0.2787, -2.3988],
        [ 3.3038,  0.7303, -2.3743]], grad_fn=<AddmmBackward0>)
targets:tensor([2, 2, 2, 0, 2, 0, 1, 0])
probs:tensor([[0.9568, 0.6150, 0.0652],
        [0.9488, 0.6207, 0.0956],
        [0.9427, 0.6765, 0.1036],
        [0.9390, 0.6422, 0.0903],
        [0.9523, 0.6154, 0.0776],
        [0.9136, 0.5277, 0.0970],
        [0.9221, 0.5692, 0.0833],
        [0.9646, 0.6749, 0.0852]], grad_fn=<SigmoidBackward0>)
130it [39:39, 16.92s/it]outputs:tensor([[ 2.4623,  0.1744, -2.0144],
        [ 2.7903,  0.3596, -2.0774],
        [ 2.7004,  0.5958, -2.5712],
        [ 3.1678,  0.1311, -2.3066],
        [ 2.9959,  0.3550, -2.4897],
        [ 2.5165,  0.5132, -2.2328],
        [ 2.8236,  0.1229, -2.2965],
        [ 2.8625,  0.5026, -2.5800]], grad_fn=<AddmmBackward0>)
targets:tensor([2, 0, 0, 2, 0, 1, 1, 1])
probs:tensor([[0.9215, 0.5435, 0.1177],
        [0.9421, 0.5890, 0.1113],
        [0.9370, 0.6447, 0.0710],
        [0.9596, 0.5327, 0.0906],
        [0.9524, 0.5878, 0.0766],
        [0.9253, 0.6256, 0.0968],
        [0.9439, 0.5307, 0.0914],
        [0.9460, 0.6231, 0.0704]], grad_fn=<SigmoidBackward0>)

Step: 130
Raw logits: tensor([ 2.4623,  0.1744, -2.0144], grad_fn=<SelectBackward0>)
Probabilities: tensor([0.9215, 0.5435, 0.1177], grad_fn=<SelectBackward0>)
Predictions distribution: [  4  87 957   0]
Targets distribution: [279 372 307  90]
Loss: 2.4406626224517822
Training Accuracy per 5 steps: 29.866412213740457
131it [39:57, 17.40s/it]outputs:tensor([[ 2.9783,  0.1992, -2.3184],
        [ 2.7687,  0.5696, -2.1697],
        [ 2.7775,  0.2225, -2.4011],
        [ 2.1969,  0.2269, -2.2371],
        [ 2.6833,  0.1739, -2.3151],
        [ 2.8729,  0.2830, -2.6122],
        [ 2.4205,  0.5545, -2.4177],
        [ 2.9563,  0.3616, -2.2874]], grad_fn=<AddmmBackward0>)
targets:tensor([2, 0, 0, 2, 1, 0, 2, 3])
probs:tensor([[0.9516, 0.5496, 0.0896],
        [0.9410, 0.6387, 0.1025],
        [0.9414, 0.5554, 0.0831],
        [0.9000, 0.5565, 0.0965],
        [0.9360, 0.5434, 0.0899],
        [0.9465, 0.5703, 0.0684],
        [0.9184, 0.6352, 0.0818],
        [0.9506, 0.5894, 0.0922]], grad_fn=<SigmoidBackward0>)
132it [40:15, 17.49s/it]outputs:tensor([[ 1.9074,  0.4437, -2.2517],
        [ 1.5937,  0.3900, -1.7426],
        [ 2.8938,  0.4368, -2.7283],
        [ 2.0601,  0.7150, -1.8794],
        [ 2.3561,  1.0305, -2.1995],
        [ 2.6448,  0.4143, -2.1906],
        [ 2.9036,  0.1976, -2.4597],
        [ 1.9761,  0.7860, -2.0747]], grad_fn=<AddmmBackward0>)
targets:tensor([1, 2, 2, 1, 0, 0, 2, 2])
probs:tensor([[0.8707, 0.6092, 0.0952],
        [0.8311, 0.5963, 0.1490],
        [0.9475, 0.6075, 0.0613],
        [0.8870, 0.6715, 0.1325],
        [0.9134, 0.7370, 0.0998],
        [0.9337, 0.6021, 0.1006],
        [0.9480, 0.5492, 0.0787],
        [0.8783, 0.6870, 0.1116]], grad_fn=<SigmoidBackward0>)
133it [40:33, 17.59s/it]outputs:tensor([[ 2.9443,  0.2953, -2.3206],
        [ 2.9772,  0.5552, -2.5472],
        [ 1.7015,  0.3398, -1.8562],
        [ 2.5904,  0.8181, -2.0962],
        [ 2.2654,  0.6573, -2.1329],
        [ 2.8452,  0.2681, -2.1080],
        [ 2.5631,  0.4825, -2.2768],
        [ 1.7032,  0.5960, -1.8319]], grad_fn=<AddmmBackward0>)
targets:tensor([2, 0, 0, 1, 0, 0, 1, 2])
probs:tensor([[0.9500, 0.5733, 0.0894],
        [0.9515, 0.6353, 0.0726],
        [0.8457, 0.5841, 0.1351],
        [0.9302, 0.6938, 0.1095],
        [0.9060, 0.6587, 0.1059],
        [0.9451, 0.5666, 0.1083],
        [0.9284, 0.6183, 0.0931],
        [0.8460, 0.6447, 0.1380]], grad_fn=<SigmoidBackward0>)
134it [40:49, 17.34s/it]outputs:tensor([[ 2.3959,  0.9818, -2.0653],
        [ 2.1480,  0.5695, -2.1216],
        [ 2.3254,  0.5163, -2.2009],
        [ 1.6454,  0.4049, -2.0566],
        [ 2.3027,  0.7005, -2.0561],
        [ 2.1447,  0.4969, -1.7647],
        [ 2.2596,  0.4455, -2.0938],
        [ 2.2678,  0.4527, -2.0666]], grad_fn=<AddmmBackward0>)
targets:tensor([1, 2, 2, 1, 0, 2, 1, 1])
probs:tensor([[0.9165, 0.7275, 0.1125],
        [0.8955, 0.6386, 0.1070],
        [0.9110, 0.6263, 0.0997],
        [0.8383, 0.5999, 0.1134],
        [0.9091, 0.6683, 0.1134],
        [0.8952, 0.6217, 0.1462],
        [0.9055, 0.6096, 0.1097],
        [0.9062, 0.6113, 0.1124]], grad_fn=<SigmoidBackward0>)
135it [41:07, 17.39s/it]outputs:tensor([[ 2.6832,  0.2098, -2.0607],
        [ 2.1074,  0.5480, -2.1214],
        [ 2.3661,  0.5338, -2.2414],
        [ 2.9937,  0.3215, -2.2183],
        [ 2.0817,  0.3171, -1.9835],
        [ 2.6763,  0.5230, -2.1057],
        [ 1.9882,  0.2686, -2.0347],
        [ 2.4251,  0.9611, -2.0133]], grad_fn=<AddmmBackward0>)
targets:tensor([1, 2, 2, 1, 0, 0, 1, 3])
probs:tensor([[0.9360, 0.5523, 0.1130],
        [0.8916, 0.6337, 0.1070],
        [0.9142, 0.6304, 0.0961],
        [0.9523, 0.5797, 0.0981],
        [0.8891, 0.5786, 0.1209],
        [0.9356, 0.6279, 0.1085],
        [0.8796, 0.5667, 0.1156],
        [0.9187, 0.7233, 0.1178]], grad_fn=<SigmoidBackward0>)

Step: 135
Raw logits: tensor([ 2.6832,  0.2098, -2.0607], grad_fn=<SelectBackward0>)
Probabilities: tensor([0.9360, 0.5523, 0.1130], grad_fn=<SelectBackward0>)
Predictions distribution: [  4  87 997   0]
Targets distribution: [291 384 321  92]
Loss: 2.3064639568328857
Training Accuracy per 5 steps: 30.05514705882353
136it [41:25, 17.54s/it]outputs:tensor([[ 2.6446,  0.2817, -2.4137],
        [ 2.2993,  0.5130, -2.2738],
        [ 2.4089,  0.4322, -2.0974],
        [ 2.8312,  0.8770, -2.1441],
        [ 2.3906,  0.1681, -2.0951],
        [ 2.3489,  0.2170, -2.2458],
        [ 2.4308,  0.4665, -1.9859],
        [ 3.2212,  0.4765, -2.3610]], grad_fn=<AddmmBackward0>)
targets:tensor([0, 1, 1, 0, 0, 1, 2, 0])
probs:tensor([[0.9337, 0.5700, 0.0821],
        [0.9088, 0.6255, 0.0933],
        [0.9175, 0.6064, 0.1094],
        [0.9443, 0.7062, 0.1049],
        [0.9161, 0.5419, 0.1096],
        [0.9128, 0.5540, 0.0957],
        [0.9191, 0.6146, 0.1207],
        [0.9616, 0.6169, 0.0862]], grad_fn=<SigmoidBackward0>)
137it [41:42, 17.35s/it]outputs:tensor([[ 2.5796,  0.5985, -2.3523],
        [ 2.3737,  0.3669, -2.2412],
        [ 2.4223,  0.6892, -2.1352],
        [ 1.8360,  0.3491, -1.9718],
        [ 2.1669,  0.3264, -1.8131],
        [ 2.5956,  0.5433, -2.4600],
        [ 2.6451,  0.5196, -2.3349],
        [ 1.9797,  0.6383, -1.8066]], grad_fn=<AddmmBackward0>)
targets:tensor([2, 3, 1, 1, 1, 3, 2, 1])
probs:tensor([[0.9295, 0.6453, 0.0869],
        [0.9148, 0.5907, 0.0961],
        [0.9185, 0.6658, 0.1057],
        [0.8625, 0.5864, 0.1222],
        [0.8972, 0.5809, 0.1403],
        [0.9306, 0.6326, 0.0787],
        [0.9337, 0.6270, 0.0883],
        [0.8786, 0.6544, 0.1411]], grad_fn=<SigmoidBackward0>)
138it [41:59, 17.36s/it]outputs:tensor([[ 2.4207,  0.5624, -2.3394],
        [ 2.4889,  0.5502, -2.1684],
        [ 2.4820,  0.8957, -2.1040],
        [ 2.4406,  0.4892, -2.3114],
        [ 2.4852,  0.3616, -2.0765],
        [ 2.7074,  0.1690, -2.7214],
        [ 2.7257,  0.2567, -2.4810],
        [ 2.7388,  0.4916, -2.5094]], grad_fn=<AddmmBackward0>)
targets:tensor([3, 0, 0, 1, 1, 1, 1, 0])
probs:tensor([[0.9184, 0.6370, 0.0879],
        [0.9234, 0.6342, 0.1026],
        [0.9229, 0.7101, 0.1087],
        [0.9199, 0.6199, 0.0902],
        [0.9231, 0.5894, 0.1114],
        [0.9375, 0.5422, 0.0617],
        [0.9385, 0.5638, 0.0772],
        [0.9393, 0.6205, 0.0752]], grad_fn=<SigmoidBackward0>)
139it [42:18, 17.81s/it]outputs:tensor([[ 2.6438,  0.5711, -2.4518],
        [ 2.8232,  0.4613, -2.2472],
        [ 1.9248,  0.3352, -1.9369],
        [ 2.5828,  0.2785, -2.1811],
        [ 2.4634,  0.3682, -1.9841],
        [ 2.2888,  0.2223, -2.1257],
        [ 2.2581,  0.3403, -1.6199],
        [ 2.5997,  0.5162, -2.2018]], grad_fn=<AddmmBackward0>)
targets:tensor([0, 0, 3, 0, 1, 1, 1, 1])
probs:tensor([[0.9336, 0.6390, 0.0793],
        [0.9439, 0.6133, 0.0956],
        [0.8727, 0.5830, 0.1260],
        [0.9297, 0.5692, 0.1015],
        [0.9215, 0.5910, 0.1209],
        [0.9079, 0.5554, 0.1066],
        [0.9053, 0.5843, 0.1652],
        [0.9308, 0.6263, 0.0996]], grad_fn=<SigmoidBackward0>)
140it [42:35, 17.56s/it]outputs:tensor([[ 2.8001,  0.5404, -2.3506],
        [ 2.5927,  0.4457, -2.3399],
        [ 2.5042,  0.3916, -1.8744],
        [ 2.6539,  0.1841, -2.2740],
        [ 2.3116,  0.2900, -2.4249],
        [ 2.7935,  0.3689, -2.5818],
        [ 2.2218,  0.5314, -2.2405],
        [ 2.4177,  0.4410, -2.3373]], grad_fn=<AddmmBackward0>)
targets:tensor([2, 1, 1, 0, 1, 1, 2, 2])
probs:tensor([[0.9427, 0.6319, 0.0870],
        [0.9304, 0.6096, 0.0879],
        [0.9244, 0.5967, 0.1330],
        [0.9342, 0.5459, 0.0933],
        [0.9098, 0.5720, 0.0813],
        [0.9423, 0.5912, 0.0703],
        [0.9022, 0.6298, 0.0962],
        [0.9182, 0.6085, 0.0881]], grad_fn=<SigmoidBackward0>)

Step: 140
Raw logits: tensor([ 2.8001,  0.5404, -2.3506], grad_fn=<SelectBackward0>)
Probabilities: tensor([0.9427, 0.6319, 0.0870], grad_fn=<SelectBackward0>)
Predictions distribution: [   4   87 1037    0]
Targets distribution: [302 403 327  96]
Loss: 1.76003897190094
Training Accuracy per 5 steps: 29.52127659574468
141it [42:51, 17.13s/it]outputs:tensor([[ 2.9000,  0.1825, -2.4900],
        [ 2.2589,  0.2099, -2.3532],
        [ 2.6692,  0.4347, -2.3130],
        [ 2.9974,  0.2247, -2.5014],
        [ 2.3363,  0.4179, -2.0670],
        [ 2.5460,  0.4402, -2.1963],
        [ 2.6755,  0.0590, -2.2757],
        [ 2.4691,  0.2426, -2.3914]], grad_fn=<AddmmBackward0>)
targets:tensor([1, 2, 2, 2, 2, 1, 1, 1])
probs:tensor([[0.9478, 0.5455, 0.0766],
        [0.9054, 0.5523, 0.0868],
        [0.9352, 0.6070, 0.0901],
        [0.9525, 0.5559, 0.0758],
        [0.9118, 0.6030, 0.1123],
        [0.9273, 0.6083, 0.1001],
        [0.9356, 0.5147, 0.0932],
        [0.9219, 0.5603, 0.0838]], grad_fn=<SigmoidBackward0>)
142it [43:08, 17.20s/it]outputs:tensor([[ 2.2817,  0.3769, -1.5721],
        [ 2.3113,  0.1945, -2.0129],
        [ 2.2359,  0.5203, -2.0209],
        [ 2.3808,  0.2422, -2.1790],
        [ 2.3976,  0.1970, -2.2282],
        [ 2.4657,  0.5739, -1.9378],
        [ 2.4752,  0.0220, -2.3727],
        [ 2.1708, -0.0846, -2.4236]], grad_fn=<AddmmBackward0>)
targets:tensor([2, 1, 1, 1, 1, 3, 1, 0])
probs:tensor([[0.9073, 0.5931, 0.1719],
        [0.9098, 0.5485, 0.1179],
        [0.9034, 0.6272, 0.1170],
        [0.9153, 0.5602, 0.1017],
        [0.9166, 0.5491, 0.0973],
        [0.9217, 0.6397, 0.1259],
        [0.9224, 0.5055, 0.0853],
        [0.8976, 0.4789, 0.0814]], grad_fn=<SigmoidBackward0>)
143it [43:27, 17.68s/it]outputs:tensor([[ 2.1777,  0.3560, -2.1136],
        [ 2.8725,  0.5879, -2.1328],
        [ 2.3940,  0.2135, -2.2775],
        [ 2.5427,  0.2729, -2.3713],
        [ 1.9172,  0.2542, -1.9346],
        [ 2.6325,  0.4310, -2.3284],
        [ 2.4260,  0.2171, -2.2887],
        [ 2.6643,  0.2152, -2.2012]], grad_fn=<AddmmBackward0>)
targets:tensor([0, 2, 1, 1, 1, 2, 0, 1])
probs:tensor([[0.8982, 0.5881, 0.1078],
        [0.9465, 0.6429, 0.1059],
        [0.9164, 0.5532, 0.0930],
        [0.9271, 0.5678, 0.0854],
        [0.8718, 0.5632, 0.1262],
        [0.9329, 0.6061, 0.0888],
        [0.9188, 0.5541, 0.0921],
        [0.9349, 0.5536, 0.0996]], grad_fn=<SigmoidBackward0>)
144it [43:44, 17.33s/it]outputs:tensor([[ 2.7629,  0.3190, -2.3833],
        [ 2.5968,  0.0740, -2.2995],
        [ 2.8811,  0.3597, -2.1526],
        [ 2.8906,  0.3763, -2.4095],
        [ 2.4302,  0.4608, -2.0988],
        [ 2.8483,  0.3535, -2.5280],
        [ 2.6758,  0.2018, -2.2587],
        [ 3.0107,  0.3427, -2.7505]], grad_fn=<AddmmBackward0>)
targets:tensor([0, 1, 1, 2, 2, 3, 2, 2])
probs:tensor([[0.9406, 0.5791, 0.0845],
        [0.9307, 0.5185, 0.0912],
        [0.9469, 0.5890, 0.1041],
        [0.9474, 0.5930, 0.0824],
        [0.9191, 0.6132, 0.1092],
        [0.9452, 0.5875, 0.0739],
        [0.9356, 0.5503, 0.0946],
        [0.9531, 0.5849, 0.0601]], grad_fn=<SigmoidBackward0>)
145it [44:02, 17.55s/it]outputs:tensor([[ 2.6531,  0.5475, -2.1997],
        [ 2.8165,  0.0210, -2.3095],
        [ 2.8543,  0.2825, -2.3428],
        [ 3.0639,  0.0353, -2.6142],
        [ 2.8585,  0.2362, -2.3444],
        [ 2.6630,  0.2970, -2.2250],
        [ 2.4724,  0.2927, -2.3432],
        [ 3.1273,  0.7291, -2.3661]], grad_fn=<AddmmBackward0>)
targets:tensor([1, 1, 2, 1, 0, 2, 0, 1])
probs:tensor([[0.9342, 0.6336, 0.0998],
        [0.9436, 0.5052, 0.0903],
        [0.9455, 0.5702, 0.0876],
        [0.9554, 0.5088, 0.0682],
        [0.9458, 0.5588, 0.0875],
        [0.9348, 0.5737, 0.0975],
        [0.9222, 0.5727, 0.0876],
        [0.9580, 0.6746, 0.0858]], grad_fn=<SigmoidBackward0>)

Step: 145
Raw logits: tensor([ 2.6531,  0.5475, -2.1997], grad_fn=<SelectBackward0>)
Probabilities: tensor([0.9342, 0.6336, 0.0998], grad_fn=<SelectBackward0>)
Predictions distribution: [   4   88 1076    0]
Targets distribution: [308 422 340  98]
Loss: 1.9773112535476685
Training Accuracy per 5 steps: 29.623287671232877
146it [44:19, 17.40s/it]outputs:tensor([[ 2.6147,  0.1753, -2.2964],
        [ 2.6499,  0.0435, -1.9829],
        [ 3.2279,  0.2800, -2.6075],
        [ 3.4691,  0.3845, -2.4619],
        [ 3.2354,  0.4527, -2.4916],
        [ 2.8020,  0.0806, -2.3786],
        [ 2.5995,  0.2964, -2.2759],
        [ 2.7194,  0.2005, -2.1112]], grad_fn=<AddmmBackward0>)
targets:tensor([1, 0, 1, 0, 3, 2, 2, 1])
probs:tensor([[0.9318, 0.5437, 0.0914],
        [0.9340, 0.5109, 0.1210],
        [0.9619, 0.5695, 0.0687],
        [0.9698, 0.5950, 0.0786],
        [0.9621, 0.6113, 0.0764],
        [0.9428, 0.5201, 0.0848],
        [0.9308, 0.5736, 0.0931],
        [0.9382, 0.5499, 0.1080]], grad_fn=<SigmoidBackward0>)
147it [44:37, 17.58s/it]outputs:tensor([[ 2.3041,  0.2304, -2.0922],
        [ 2.4723,  0.0825, -2.0380],
        [ 2.6116,  0.1023, -2.2239],
        [ 2.8357,  0.4831, -2.2669],
        [ 2.8954,  0.5255, -2.3112],
        [ 2.3231, -0.0225, -2.3222],
        [ 3.1453,  0.6343, -2.1485],
        [ 2.8888,  0.4863, -2.3373]], grad_fn=<AddmmBackward0>)
targets:tensor([2, 1, 2, 1, 0, 1, 0, 2])
probs:tensor([[0.9092, 0.5573, 0.1099],
        [0.9222, 0.5206, 0.1153],
        [0.9316, 0.5255, 0.0976],
        [0.9446, 0.6185, 0.0939],
        [0.9476, 0.6284, 0.0902],
        [0.9108, 0.4944, 0.0893],
        [0.9587, 0.6535, 0.1045],
        [0.9473, 0.6192, 0.0881]], grad_fn=<SigmoidBackward0>)
148it [44:55, 17.64s/it]outputs:tensor([[ 3.1854,  0.3387, -2.6368],
        [ 2.7152,  0.2650, -2.0440],
        [ 2.6949, -0.0949, -2.3741],
        [ 2.7921,  0.2569, -2.3455],
        [ 2.8473, -0.1406, -2.3845],
        [ 2.9980,  0.3799, -2.4677],
        [ 2.2114, -0.1130, -2.0820],
        [ 2.8092,  0.1954, -2.3381]], grad_fn=<AddmmBackward0>)
targets:tensor([1, 2, 2, 0, 2, 3, 2, 1])
probs:tensor([[0.9603, 0.5839, 0.0668],
        [0.9379, 0.5659, 0.1147],
        [0.9367, 0.4763, 0.0852],
        [0.9422, 0.5639, 0.0874],
        [0.9452, 0.4649, 0.0844],
        [0.9525, 0.5938, 0.0782],
        [0.9013, 0.4718, 0.1109],
        [0.9432, 0.5487, 0.0880]], grad_fn=<SigmoidBackward0>)
149it [45:12, 17.56s/it]outputs:tensor([[ 3.0323,  0.2307, -2.4456],
        [ 3.0643,  0.2897, -2.7040],
        [ 2.7862,  0.2785, -2.0681],
        [ 2.5668,  0.0811, -2.1625],
        [ 2.6006, -0.0856, -2.2175],
        [ 2.8292, -0.1055, -1.9668],
        [ 2.8527,  0.1013, -2.3078],
        [ 3.2599,  0.3756, -2.3873]], grad_fn=<AddmmBackward0>)
targets:tensor([0, 1, 2, 0, 2, 1, 1, 0])
probs:tensor([[0.9540, 0.5574, 0.0798],
        [0.9554, 0.5719, 0.0627],
        [0.9419, 0.5692, 0.1122],
        [0.9287, 0.5203, 0.1032],
        [0.9309, 0.4786, 0.0982],
        [0.9442, 0.4736, 0.1227],
        [0.9455, 0.5253, 0.0905],
        [0.9630, 0.5928, 0.0841]], grad_fn=<SigmoidBackward0>)
150it [45:31, 17.90s/it]outputs:tensor([[ 2.3186e+00,  1.3053e-03, -2.0004e+00],
        [ 2.6169e+00, -1.3210e-01, -2.1863e+00],
        [ 2.9033e+00,  5.1147e-01, -2.4172e+00],
        [ 2.6849e+00,  2.6224e-01, -2.3115e+00],
        [ 3.0780e+00,  1.7087e-01, -2.2048e+00],
        [ 2.7045e+00,  5.8520e-02, -2.6714e+00],
        [ 3.0532e+00,  3.6186e-01, -2.5290e+00],
        [ 2.9092e+00, -1.6141e-02, -2.6028e+00]], grad_fn=<AddmmBackward0>)
targets:tensor([0, 1, 1, 2, 0, 0, 2, 0])
probs:tensor([[0.9104, 0.5003, 0.1192],
        [0.9319, 0.4670, 0.1010],
        [0.9480, 0.6252, 0.0819],
        [0.9361, 0.5652, 0.0902],
        [0.9560, 0.5426, 0.0993],
        [0.9373, 0.5146, 0.0647],
        [0.9549, 0.5895, 0.0738],
        [0.9483, 0.4960, 0.0690]], grad_fn=<SigmoidBackward0>)

Step: 150
Raw logits: tensor([ 2.3186e+00,  1.3053e-03, -2.0004e+00], grad_fn=<SelectBackward0>)
Probabilities: tensor([0.9104, 0.5003, 0.1192], grad_fn=<SelectBackward0>)
Predictions distribution: [   4   96 1108    0]
Targets distribution: [320 435 353 100]
Loss: 2.542786121368408
Training Accuracy per 5 steps: 29.635761589403973
151it [45:49, 17.93s/it]outputs:tensor([[ 2.9288,  0.0081, -2.1094],
        [ 2.8145,  0.3933, -2.2380],
        [ 2.4320, -0.1667, -1.8433],
        [ 2.7014, -0.0574, -2.3222],
        [ 3.1874,  0.5261, -2.4152],
        [ 3.0854,  0.3382, -2.3558],
        [ 3.3393,  0.4344, -2.6459],
        [ 3.0566,  0.1917, -2.4910]], grad_fn=<AddmmBackward0>)
targets:tensor([2, 2, 0, 1, 1, 0, 2, 0])
probs:tensor([[0.9493, 0.5020, 0.1082],
        [0.9435, 0.5971, 0.0964],
        [0.9192, 0.4584, 0.1367],
        [0.9371, 0.4857, 0.0893],
        [0.9604, 0.6286, 0.0820],
        [0.9563, 0.5838, 0.0866],
        [0.9658, 0.6069, 0.0662],
        [0.9551, 0.5478, 0.0765]], grad_fn=<SigmoidBackward0>)
152it [46:07, 17.98s/it]outputs:tensor([[ 3.2573,  0.6670, -2.7410],
        [ 2.6784,  0.3411, -2.4671],
        [ 2.9857,  0.4714, -2.5635],
        [ 2.8434,  0.7181, -2.4904],
        [ 3.0146,  0.1650, -2.5557],
        [ 3.0581,  0.1948, -2.5262],
        [ 2.5114, -0.0174, -2.4782],
        [ 2.9774,  0.1877, -2.4008]], grad_fn=<AddmmBackward0>)
targets:tensor([2, 0, 2, 1, 1, 2, 2, 0])
probs:tensor([[0.9629, 0.6608, 0.0606],
        [0.9357, 0.5844, 0.0782],
        [0.9519, 0.6157, 0.0715],
        [0.9450, 0.6722, 0.0765],
        [0.9532, 0.5412, 0.0720],
        [0.9551, 0.5486, 0.0740],
        [0.9249, 0.4957, 0.0774],
        [0.9515, 0.5468, 0.0831]], grad_fn=<SigmoidBackward0>)
153it [46:25, 18.16s/it]outputs:tensor([[ 2.9044,  0.4177, -2.3783],
        [ 2.3137,  0.1626, -2.6101],
        [ 2.4208,  0.2409, -2.4323],
        [ 2.6339,  0.2836, -2.4038],
        [ 2.5870,  0.1581, -2.4918],
        [ 3.0712,  0.1303, -2.4618],
        [ 2.5508, -0.0377, -2.2408],
        [ 2.7968,  0.3584, -2.5002]], grad_fn=<AddmmBackward0>)
targets:tensor([1, 1, 0, 1, 0, 1, 2, 0])
probs:tensor([[0.9481, 0.6029, 0.0848],
        [0.9100, 0.5406, 0.0685],
        [0.9184, 0.5599, 0.0807],
        [0.9330, 0.5704, 0.0829],
        [0.9300, 0.5394, 0.0764],
        [0.9557, 0.5325, 0.0786],
        [0.9276, 0.4906, 0.0961],
        [0.9425, 0.5887, 0.0758]], grad_fn=<SigmoidBackward0>)
154it [46:42, 17.86s/it]outputs:tensor([[ 2.8223,  0.2200, -2.5003],
        [ 2.7720, -0.0674, -2.3230],
        [ 2.7496,  0.2974, -2.5429],
        [ 2.3853,  0.0532, -2.8141],
        [ 2.9817,  0.6638, -2.5887],
        [ 2.8462,  0.3251, -2.5215],
        [ 2.7963,  0.2057, -2.3295],
        [ 2.4901, -0.3516, -2.1068]], grad_fn=<AddmmBackward0>)
targets:tensor([0, 2, 0, 2, 1, 0, 1, 0])
probs:tensor([[0.9439, 0.5548, 0.0758],
        [0.9411, 0.4832, 0.0892],
        [0.9399, 0.5738, 0.0729],
        [0.9157, 0.5133, 0.0566],
        [0.9517, 0.6601, 0.0699],
        [0.9451, 0.5806, 0.0744],
        [0.9425, 0.5512, 0.0887],
        [0.9234, 0.4130, 0.1084]], grad_fn=<SigmoidBackward0>)
155it [47:00, 17.69s/it]outputs:tensor([[ 2.5482,  0.0530, -2.5122],
        [ 2.7293,  0.0800, -2.7415],
        [ 2.5760,  0.1060, -2.4184],
        [ 2.6059,  0.0765, -2.8472],
        [ 2.7415,  0.4457, -2.4095],
        [ 2.5757,  0.2052, -2.0475],
        [ 2.6270,  0.1430, -1.9204],
        [ 2.7493,  0.5520, -2.4097]], grad_fn=<AddmmBackward0>)
targets:tensor([3, 3, 2, 1, 0, 1, 0, 1])
probs:tensor([[0.9275, 0.5133, 0.0750],
        [0.9387, 0.5200, 0.0606],
        [0.9293, 0.5265, 0.0818],
        [0.9312, 0.5191, 0.0548],
        [0.9394, 0.6096, 0.0825],
        [0.9293, 0.5511, 0.1143],
        [0.9326, 0.5357, 0.1278],
        [0.9399, 0.6346, 0.0824]], grad_fn=<SigmoidBackward0>)

Step: 155
Raw logits: tensor([ 2.5482,  0.0530, -2.5122], grad_fn=<SelectBackward0>)
Probabilities: tensor([0.9275, 0.5133, 0.0750], grad_fn=<SelectBackward0>)
Predictions distribution: [   4  102 1142    0]
Targets distribution: [334 448 364 102]
Loss: 2.9886093139648438
Training Accuracy per 5 steps: 29.40705128205128
156it [47:19, 18.21s/it]outputs:tensor([[ 2.3128, -0.1913, -2.3569],
        [ 2.5364, -0.0824, -2.2957],
        [ 2.2030,  0.1290, -2.2175],
        [ 2.9249,  0.4308, -2.6526],
        [ 2.7142,  0.2028, -2.2478],
        [ 2.1016,  0.5230, -2.4114],
        [ 2.7829,  0.1101, -2.3433],
        [ 2.1721,  0.0489, -2.1499]], grad_fn=<AddmmBackward0>)
targets:tensor([2, 0, 0, 1, 0, 2, 2, 2])
probs:tensor([[0.9099, 0.4523, 0.0865],
        [0.9267, 0.4794, 0.0915],
        [0.9005, 0.5322, 0.0982],
        [0.9491, 0.6061, 0.0658],
        [0.9379, 0.5505, 0.0955],
        [0.8911, 0.6279, 0.0823],
        [0.9417, 0.5275, 0.0876],
        [0.8977, 0.5122, 0.1043]], grad_fn=<SigmoidBackward0>)
157it [47:47, 21.09s/it]outputs:tensor([[ 2.2608,  0.2496, -2.3133],
        [ 2.3161,  0.1158, -2.4250],
        [ 2.5945,  0.4510, -2.4120],
        [ 2.3730,  0.1889, -2.3373],
        [ 2.3636,  0.1189, -2.3332],
        [ 2.5542,  0.0212, -2.4366],
        [ 2.6972,  0.3906, -2.6471],
        [ 2.3563,  0.2969, -2.7009]], grad_fn=<AddmmBackward0>)
targets:tensor([1, 3, 1, 1, 0, 2, 2, 1])
probs:tensor([[0.9056, 0.5621, 0.0900],
        [0.9102, 0.5289, 0.0813],
        [0.9305, 0.6109, 0.0823],
        [0.9147, 0.5471, 0.0881],
        [0.9140, 0.5297, 0.0884],
        [0.9279, 0.5053, 0.0804],
        [0.9369, 0.5964, 0.0662],
        [0.9134, 0.5737, 0.0629]], grad_fn=<SigmoidBackward0>)
158it [48:09, 21.25s/it]outputs:tensor([[ 2.2528,  0.2230, -2.2373],
        [ 2.1839,  0.2026, -2.4547],
        [ 2.2107,  0.3483, -2.2368],
        [ 1.9673,  0.2399, -2.2000],
        [ 1.9620, -0.0234, -2.1464],
        [ 2.4271,  0.1467, -2.6798],
        [ 2.7776,  0.3132, -2.9679],
        [ 2.1135, -0.3297, -2.3071]], grad_fn=<AddmmBackward0>)
targets:tensor([1, 1, 1, 2, 2, 0, 1, 0])
probs:tensor([[0.9049, 0.5555, 0.0965],
        [0.8988, 0.5505, 0.0791],
        [0.9012, 0.5862, 0.0965],
        [0.8773, 0.5597, 0.0998],
        [0.8767, 0.4942, 0.1047],
        [0.9189, 0.5366, 0.0642],
        [0.9415, 0.5777, 0.0489],
        [0.8922, 0.4183, 0.0905]], grad_fn=<SigmoidBackward0>)
159it [53:23, 109.10s/it]outputs:tensor([[ 2.6273,  0.2447, -2.6646],
        [ 2.1893,  0.0861, -2.1791],
        [ 2.7074,  0.1638, -2.4353],
        [ 1.9359, -0.0027, -2.1919],
        [ 1.9432,  0.1554, -1.9839],
        [ 1.9840,  0.3189, -2.2733],
        [ 2.4914,  0.3637, -2.6536],
        [ 2.0437,  0.4518, -2.1976]], grad_fn=<AddmmBackward0>)
targets:tensor([2, 1, 2, 2, 0, 2, 2, 3])
probs:tensor([[0.9326, 0.5609, 0.0651],
        [0.8993, 0.5215, 0.1016],
        [0.9375, 0.5409, 0.0805],
        [0.8739, 0.4993, 0.1005],
        [0.8747, 0.5388, 0.1209],
        [0.8791, 0.5791, 0.0934],
        [0.9235, 0.5899, 0.0658],
        [0.8853, 0.6111, 0.1000]], grad_fn=<SigmoidBackward0>)
160it [53:48, 83.93s/it] outputs:tensor([[ 2.0181,  0.0476, -2.6020],
        [ 2.3308, -0.0286, -2.3547],
        [ 2.5481,  0.1163, -2.6839],
        [ 2.1367,  0.0504, -2.4968],
        [ 2.2397, -0.1743, -2.6850],
        [ 2.4225,  0.2258, -2.4993],
        [ 2.3157,  0.3439, -2.4585],
        [ 2.3783,  0.2082, -2.1642]], grad_fn=<AddmmBackward0>)
targets:tensor([1, 0, 1, 0, 1, 1, 3, 1])
probs:tensor([[0.8827, 0.5119, 0.0690],
        [0.9114, 0.4929, 0.0867],
        [0.9274, 0.5291, 0.0639],
        [0.8944, 0.5126, 0.0761],
        [0.9038, 0.4565, 0.0639],
        [0.9185, 0.5562, 0.0759],
        [0.9102, 0.5851, 0.0788],
        [0.9152, 0.5519, 0.1030]], grad_fn=<SigmoidBackward0>)

Step: 160
Raw logits: tensor([ 2.0181,  0.0476, -2.6020], grad_fn=<SelectBackward0>)
Probabilities: tensor([0.8827, 0.5119, 0.0690], grad_fn=<SelectBackward0>)
Predictions distribution: [   4  109 1175    0]
Targets distribution: [343 463 377 105]
Loss: 2.205465078353882
Training Accuracy per 5 steps: 29.347826086956523
161it [1:09:44, 345.68s/it]outputs:tensor([[ 2.5904,  0.4210, -2.4966],
        [ 2.0628,  0.1849, -2.3079],
        [ 2.5509,  0.4679, -2.4659],
        [ 2.7045,  0.4112, -2.7930],
        [ 2.3963,  0.3286, -2.3067],
        [ 2.5759,  0.4583, -2.5734],
        [ 2.0311,  0.0604, -2.1213],
        [ 2.1811,  0.4208, -2.4110]], grad_fn=<AddmmBackward0>)
targets:tensor([1, 1, 2, 0, 0, 2, 2, 1])
probs:tensor([[0.9302, 0.6037, 0.0761],
        [0.8872, 0.5461, 0.0905],
        [0.9276, 0.6149, 0.0783],
        [0.9373, 0.6014, 0.0577],
        [0.9165, 0.5814, 0.0906],
        [0.9293, 0.6126, 0.0709],
        [0.8840, 0.5151, 0.1070],
        [0.8985, 0.6037, 0.0823]], grad_fn=<SigmoidBackward0>)
162it [1:10:06, 248.38s/it]outputs:tensor([[ 2.9354,  0.1567, -2.7920],
        [ 2.3880,  0.6293, -2.4155],
        [ 2.3958, -0.0201, -2.5120],
        [ 2.8947,  0.1588, -2.5189],
        [ 2.2810,  0.1419, -2.4255],
        [ 2.7179,  0.3578, -2.3398],
        [ 2.3059,  0.5425, -2.1491],
        [ 2.1485,  0.0622, -2.3544]], grad_fn=<AddmmBackward0>)
targets:tensor([0, 1, 1, 0, 1, 2, 0, 0])
probs:tensor([[0.9496, 0.5391, 0.0578],
        [0.9159, 0.6523, 0.0820],
        [0.9165, 0.4950, 0.0750],
        [0.9476, 0.5396, 0.0745],
        [0.9073, 0.5354, 0.0813],
        [0.9381, 0.5885, 0.0879],
        [0.9094, 0.6324, 0.1044],
        [0.8955, 0.5156, 0.0867]], grad_fn=<SigmoidBackward0>)
163it [1:10:29, 180.76s/it]outputs:tensor([[ 2.7990,  0.5796, -2.6587],
        [ 2.3000,  0.3992, -2.4472],
        [ 2.3798,  0.0786, -2.5249],
        [ 2.9108,  0.4179, -2.6730],
        [ 2.7589,  0.3901, -2.4517],
        [ 2.3031,  0.2748, -2.3948],
        [ 2.8903,  0.1085, -2.7603],
        [ 2.2753,  0.1856, -2.0289]], grad_fn=<AddmmBackward0>)
targets:tensor([0, 2, 2, 2, 0, 2, 2, 2])
probs:tensor([[0.9426, 0.6410, 0.0655],
        [0.9089, 0.5985, 0.0796],
        [0.9153, 0.5196, 0.0741],
        [0.9484, 0.6030, 0.0646],
        [0.9404, 0.5963, 0.0793],
        [0.9091, 0.5683, 0.0836],
        [0.9474, 0.5271, 0.0595],
        [0.9068, 0.5463, 0.1162]], grad_fn=<SigmoidBackward0>)
164it [1:10:51, 133.31s/it]outputs:tensor([[ 2.0522,  0.0791, -2.2157],
        [ 2.3924,  0.2049, -2.9661],
        [ 2.5428,  0.4476, -2.3013],
        [ 2.8080,  0.3047, -2.7099],
        [ 2.9267,  0.4827, -2.8036],
        [ 2.1107,  0.0546, -2.4944],
        [ 2.6866,  0.4019, -2.5852],
        [ 2.6408,  0.3951, -2.7004]], grad_fn=<AddmmBackward0>)
targets:tensor([1, 0, 0, 0, 1, 0, 0, 1])
probs:tensor([[0.8862, 0.5198, 0.0983],
        [0.9162, 0.5510, 0.0490],
        [0.9271, 0.6101, 0.0910],
        [0.9431, 0.5756, 0.0624],
        [0.9492, 0.6184, 0.0571],
        [0.8919, 0.5136, 0.0763],
        [0.9362, 0.5992, 0.0701],
        [0.9334, 0.5975, 0.0629]], grad_fn=<SigmoidBackward0>)
165it [1:11:12, 99.61s/it] outputs:tensor([[ 2.4645,  0.3260, -2.7585],
        [ 2.2202,  0.1097, -2.6103],
        [ 2.6583,  0.4957, -2.2903],
        [ 2.7477,  0.2986, -2.6468],
        [ 2.7406,  0.1972, -2.4143],
        [ 2.4555,  0.2120, -2.2162],
        [ 2.4998,  0.2935, -2.5743],
        [ 2.0198,  0.1995, -2.5388]], grad_fn=<AddmmBackward0>)
targets:tensor([1, 2, 3, 2, 1, 1, 0, 1])
probs:tensor([[0.9216, 0.5808, 0.0596],
        [0.9020, 0.5274, 0.0685],
        [0.9345, 0.6214, 0.0919],
        [0.9398, 0.5741, 0.0662],
        [0.9394, 0.5492, 0.0821],
        [0.9210, 0.5528, 0.0983],
        [0.9241, 0.5729, 0.0708],
        [0.8829, 0.5497, 0.0732]], grad_fn=<SigmoidBackward0>)

Step: 165
Raw logits: tensor([ 2.4645,  0.3260, -2.7585], grad_fn=<SelectBackward0>)
Probabilities: tensor([0.9216, 0.5808, 0.0596], grad_fn=<SelectBackward0>)
Predictions distribution: [   4  110 1214    0]
Targets distribution: [357 476 389 106]
Loss: 2.14894962310791
Training Accuracy per 5 steps: 29.44277108433735
166it [1:11:34, 76.32s/it]outputs:tensor([[ 2.4267,  0.4336, -2.2057],
        [ 2.8400,  0.8509, -2.7549],
        [ 2.6693,  0.1920, -2.4152],
        [ 2.7758,  0.4565, -2.6186],
        [ 2.8035,  0.5279, -2.5474],
        [ 2.3704,  0.1822, -2.4078],
        [ 2.4199,  0.5981, -2.5995],
        [ 2.3568,  0.5090, -2.4707]], grad_fn=<AddmmBackward0>)
targets:tensor([3, 2, 1, 0, 1, 2, 1, 0])
probs:tensor([[0.9188, 0.6067, 0.0992],
        [0.9448, 0.7008, 0.0598],
        [0.9352, 0.5478, 0.0820],
        [0.9414, 0.6122, 0.0680],
        [0.9429, 0.6290, 0.0726],
        [0.9145, 0.5454, 0.0826],
        [0.9183, 0.6452, 0.0692],
        [0.9135, 0.6246, 0.0779]], grad_fn=<SigmoidBackward0>)
167it [1:11:56, 59.82s/it]outputs:tensor([[ 2.5832,  0.6612, -2.6993],
        [ 2.8699,  0.6349, -2.5357],
        [ 2.4482,  0.3124, -2.7665],
        [ 2.3430,  0.2169, -2.2360],
        [ 2.2636, -0.1299, -2.4986],
        [ 2.7451,  0.2884, -2.5647],
        [ 2.4846,  0.2432, -2.4194],
        [ 2.4014,  0.2902, -2.5591]], grad_fn=<AddmmBackward0>)
targets:tensor([0, 2, 2, 3, 1, 0, 1, 3])
probs:tensor([[0.9298, 0.6595, 0.0630],
        [0.9463, 0.6536, 0.0734],
        [0.9204, 0.5775, 0.0592],
        [0.9124, 0.5540, 0.0966],
        [0.9058, 0.4676, 0.0760],
        [0.9396, 0.5716, 0.0714],
        [0.9231, 0.5605, 0.0817],
        [0.9169, 0.5720, 0.0718]], grad_fn=<SigmoidBackward0>)
168it [1:12:18, 48.57s/it]outputs:tensor([[ 2.7761,  0.7573, -2.4930],
        [ 2.0681,  0.0605, -2.4175],
        [ 2.7658,  0.4764, -2.4368],
        [ 2.7050,  0.4513, -2.6268],
        [ 2.3738,  0.2430, -2.5672],
        [ 2.3688,  0.4194, -2.5318],
        [ 2.3861,  0.4628, -2.6227],
        [ 2.6061,  0.3965, -2.5891]], grad_fn=<AddmmBackward0>)
targets:tensor([2, 0, 1, 0, 1, 1, 1, 2])
probs:tensor([[0.9414, 0.6808, 0.0763],
        [0.8878, 0.5151, 0.0818],
        [0.9408, 0.6169, 0.0804],
        [0.9373, 0.6109, 0.0674],
        [0.9148, 0.5605, 0.0713],
        [0.9144, 0.6033, 0.0737],
        [0.9158, 0.6137, 0.0677],
        [0.9313, 0.5978, 0.0698]], grad_fn=<SigmoidBackward0>)
169it [1:12:41, 40.80s/it]outputs:tensor([[ 2.6083,  0.0779, -2.6575],
        [ 2.3623,  0.3184, -2.4715],
        [ 2.2222,  0.3504, -2.5272],
        [ 2.5280,  0.1389, -2.6596],
        [ 2.3541,  0.7251, -2.4044],
        [ 2.4223,  0.2203, -2.3618],
        [ 2.7070,  0.5082, -2.4843],
        [ 2.8570,  0.4730, -2.8700]], grad_fn=<AddmmBackward0>)
targets:tensor([1, 1, 3, 2, 1, 3, 0, 2])
probs:tensor([[0.9314, 0.5195, 0.0655],
        [0.9139, 0.5789, 0.0779],
        [0.9022, 0.5867, 0.0740],
        [0.9261, 0.5347, 0.0654],
        [0.9133, 0.6737, 0.0828],
        [0.9185, 0.5548, 0.0861],
        [0.9374, 0.6244, 0.0770],
        [0.9457, 0.6161, 0.0537]], grad_fn=<SigmoidBackward0>)
170it [1:13:03, 35.28s/it]outputs:tensor([[ 2.5812, -0.2084, -2.7931],
        [ 2.9851,  0.6897, -2.6166],
        [ 2.4050,  0.4671, -2.4065],
        [ 2.7193,  0.3404, -2.6752],
        [ 2.4349,  0.2420, -2.5095],
        [ 2.2098,  0.1469, -2.3710],
        [ 2.5424,  0.3497, -2.7199],
        [ 2.0290,  0.2317, -2.3556]], grad_fn=<AddmmBackward0>)
targets:tensor([1, 3, 0, 1, 0, 0, 2, 1])
probs:tensor([[0.9296, 0.4481, 0.0577],
        [0.9519, 0.6659, 0.0681],
        [0.9172, 0.6147, 0.0827],
        [0.9382, 0.5843, 0.0645],
        [0.9194, 0.5602, 0.0752],
        [0.9011, 0.5367, 0.0854],
        [0.9271, 0.5866, 0.0618],
        [0.8838, 0.5577, 0.0866]], grad_fn=<SigmoidBackward0>)

Step: 170
Raw logits: tensor([ 2.5812, -0.2084, -2.7931], grad_fn=<SelectBackward0>)
Probabilities: tensor([0.9296, 0.4481, 0.0577], grad_fn=<SelectBackward0>)
Predictions distribution: [   4  112 1252    0]
Targets distribution: [367 491 398 112]
Loss: 2.5317230224609375
Training Accuracy per 5 steps: 29.385964912280702
171it [1:13:24, 30.97s/it]outputs:tensor([[ 2.8402,  0.6869, -2.2409],
        [ 2.4057,  0.3441, -2.5075],
        [ 1.8435,  0.2450, -1.8782],
        [ 2.1622,  0.4104, -2.2105],
        [ 2.8384,  0.5107, -2.2505],
        [ 2.2878,  0.3156, -2.1465],
        [ 2.2456,  0.5236, -2.2318],
        [ 2.1742,  0.2561, -2.5122]], grad_fn=<AddmmBackward0>)
targets:tensor([1, 1, 1, 2, 2, 2, 1, 0])
probs:tensor([[0.9448, 0.6653, 0.0961],
        [0.9173, 0.5852, 0.0753],
        [0.8634, 0.5609, 0.1326],
        [0.8968, 0.6012, 0.0988],
        [0.9447, 0.6250, 0.0953],
        [0.9079, 0.5783, 0.1047],
        [0.9043, 0.6280, 0.0969],
        [0.8979, 0.5637, 0.0750]], grad_fn=<SigmoidBackward0>)
172it [1:13:46, 28.36s/it]outputs:tensor([[ 2.6294,  0.3497, -2.6666],
        [ 2.6069,  0.5667, -2.4105],
        [ 2.4655,  0.4219, -2.3003],
        [ 2.6840,  0.4935, -2.6278],
        [ 2.7161,  0.5566, -2.3961],
        [ 2.3188,  0.6396, -2.1807],
        [ 2.1257,  0.0940, -2.1756],
        [ 2.0399,  0.1619, -2.0566]], grad_fn=<AddmmBackward0>)
targets:tensor([1, 2, 0, 2, 1, 1, 1, 2])
probs:tensor([[0.9327, 0.5865, 0.0650],
        [0.9313, 0.6380, 0.0824],
        [0.9217, 0.6039, 0.0911],
        [0.9361, 0.6209, 0.0674],
        [0.9380, 0.6357, 0.0835],
        [0.9104, 0.6547, 0.1015],
        [0.8934, 0.5235, 0.1020],
        [0.8849, 0.5404, 0.1134]], grad_fn=<SigmoidBackward0>)
173it [1:14:08, 26.29s/it]outputs:tensor([[ 2.1070,  0.2486, -2.1298],
        [ 2.7612,  0.4533, -2.6179],
        [ 2.2327,  0.1161, -2.3183],
        [ 2.9304,  0.3148, -2.4573],
        [ 1.4138,  0.0771, -1.6425],
        [ 2.4547,  0.2924, -2.5671],
        [ 2.8282,  0.0368, -2.8995],
        [ 2.7125,  0.3418, -2.4008]], grad_fn=<AddmmBackward0>)
targets:tensor([0, 2, 2, 1, 2, 2, 3, 3])
probs:tensor([[0.8916, 0.5618, 0.1062],
        [0.9405, 0.6114, 0.0680],
        [0.9031, 0.5290, 0.0896],
        [0.9493, 0.5781, 0.0789],
        [0.8044, 0.5193, 0.1621],
        [0.9209, 0.5726, 0.0713],
        [0.9442, 0.5092, 0.0522],
        [0.9378, 0.5846, 0.0831]], grad_fn=<SigmoidBackward0>)
174it [1:30:47, 318.19s/it]outputs:tensor([[ 2.8033,  0.0925, -2.5541],
        [ 2.5891,  0.6293, -2.3348],
        [ 2.1587,  0.3883, -2.3498],
        [ 2.6151,  0.5592, -2.3775],
        [ 2.9976,  0.5264, -2.5059],
        [ 2.5410,  0.1689, -2.2770],
        [ 2.4750,  0.2137, -2.3529],
        [ 2.6421,  0.7166, -2.4599]], grad_fn=<AddmmBackward0>)
targets:tensor([1, 2, 1, 0, 0, 1, 2, 2])
probs:tensor([[0.9429, 0.5231, 0.0722],
        [0.9302, 0.6523, 0.0883],
        [0.8965, 0.5959, 0.0871],
        [0.9318, 0.6363, 0.0849],
        [0.9525, 0.6286, 0.0754],
        [0.9270, 0.5421, 0.0930],
        [0.9224, 0.5532, 0.0868],
        [0.9335, 0.6719, 0.0787]], grad_fn=<SigmoidBackward0>)
175it [1:31:10, 229.60s/it]outputs:tensor([[ 2.8407,  0.3398, -2.3827],
        [ 2.8286,  0.4028, -2.6031],
        [ 2.0797,  0.4972, -2.1180],
        [ 2.9405,  0.5694, -2.5289],
        [ 2.8820,  0.5903, -2.1570],
        [ 2.8750,  0.5648, -2.4899],
        [ 2.6420,  0.3898, -2.2914],
        [ 2.8591,  0.7133, -2.2363]], grad_fn=<AddmmBackward0>)
targets:tensor([1, 1, 0, 2, 3, 1, 0, 1])
probs:tensor([[0.9448, 0.5841, 0.0845],
        [0.9442, 0.5994, 0.0689],
        [0.8889, 0.6218, 0.1074],
        [0.9498, 0.6386, 0.0739],
        [0.9469, 0.6434, 0.1037],
        [0.9466, 0.6376, 0.0766],
        [0.9335, 0.5962, 0.0918],
        [0.9458, 0.6711, 0.0965]], grad_fn=<SigmoidBackward0>)

Step: 175
Raw logits: tensor([ 2.8407,  0.3398, -2.3827], grad_fn=<SelectBackward0>)
Probabilities: tensor([0.9448, 0.5841, 0.0845], grad_fn=<SelectBackward0>)
Predictions distribution: [   4  112 1292    0]
Targets distribution: [374 507 412 115]
Loss: 2.2469868659973145
Training Accuracy per 5 steps: 29.545454545454547
176it [1:31:37, 168.83s/it]outputs:tensor([[ 3.0157,  0.6064, -2.2577],
        [ 2.4385,  0.3449, -2.3146],
        [ 2.6115,  0.3314, -2.5055],
        [ 3.0686,  0.4987, -2.6637],
        [ 2.4749,  0.2968, -2.3443],
        [ 2.5804,  0.2419, -2.5630],
        [ 2.5478,  0.6361, -2.2554],
        [ 2.8282,  0.6519, -2.7593]], grad_fn=<AddmmBackward0>)
targets:tensor([1, 3, 0, 1, 2, 1, 2, 2])
probs:tensor([[0.9533, 0.6471, 0.0947],
        [0.9197, 0.5854, 0.0899],
        [0.9316, 0.5821, 0.0755],
        [0.9556, 0.6222, 0.0651],
        [0.9224, 0.5737, 0.0875],
        [0.9296, 0.5602, 0.0716],
        [0.9274, 0.6539, 0.0949],
        [0.9442, 0.6574, 0.0596]], grad_fn=<SigmoidBackward0>)
177it [1:48:59, 430.80s/it]outputs:tensor([[ 2.7595,  0.6614, -2.0171],
        [ 2.6997,  0.7472, -2.1038],
        [ 2.5854,  0.7560, -2.5540],
        [ 2.9785,  0.7272, -2.5584],
        [ 2.7769,  0.4910, -2.3213],
        [ 2.1833,  0.2278, -2.2797],
        [ 3.0279,  0.4246, -2.2546],
        [ 2.6406,  0.4680, -2.2125]], grad_fn=<AddmmBackward0>)
targets:tensor([1, 0, 2, 2, 2, 0, 0, 1])
probs:tensor([[0.9404, 0.6596, 0.1174],
        [0.9370, 0.6786, 0.1087],
        [0.9299, 0.6805, 0.0722],
        [0.9516, 0.6742, 0.0719],
        [0.9414, 0.6203, 0.0894],
        [0.8987, 0.5567, 0.0928],
        [0.9538, 0.6046, 0.0950],
        [0.9334, 0.6149, 0.0986]], grad_fn=<SigmoidBackward0>)
178it [1:49:22, 308.52s/it]outputs:tensor([[ 2.9076,  0.7055, -2.4235],
        [ 2.6129,  0.3951, -2.4385],
        [ 3.2265,  0.7679, -2.5742],
        [ 2.8663,  0.6685, -2.6622],
        [ 2.9845,  0.3927, -2.4472],
        [ 2.6692,  0.4337, -2.3122],
        [ 3.0044,  0.5155, -2.3086],
        [ 2.8488,  0.6858, -2.2838]], grad_fn=<AddmmBackward0>)
targets:tensor([3, 2, 1, 2, 2, 0, 1, 2])
probs:tensor([[0.9482, 0.6694, 0.0814],
        [0.9317, 0.5975, 0.0803],
        [0.9618, 0.6831, 0.0708],
        [0.9462, 0.6612, 0.0652],
        [0.9519, 0.5969, 0.0796],
        [0.9352, 0.6068, 0.0901],
        [0.9528, 0.6261, 0.0904],
        [0.9453, 0.6650, 0.0925]], grad_fn=<SigmoidBackward0>)
179it [1:49:45, 222.74s/it]outputs:tensor([[ 3.1959,  0.5292, -2.4985],
        [ 2.6083,  0.3563, -2.3879],
        [ 2.8642,  0.8786, -2.3413],
        [ 2.8332,  0.5012, -2.4263],
        [ 2.8460,  0.7814, -2.3772],
        [ 2.5044,  0.6800, -2.1780],
        [ 2.9223,  0.7541, -2.4440],
        [ 2.6229,  0.7343, -2.4874]], grad_fn=<AddmmBackward0>)
targets:tensor([1, 2, 2, 0, 2, 0, 0, 2])
probs:tensor([[0.9607, 0.6293, 0.0760],
        [0.9314, 0.5881, 0.0841],
        [0.9460, 0.7065, 0.0878],
        [0.9444, 0.6227, 0.0812],
        [0.9451, 0.6860, 0.0849],
        [0.9244, 0.6637, 0.1017],
        [0.9489, 0.6801, 0.0799],
        [0.9323, 0.6758, 0.0767]], grad_fn=<SigmoidBackward0>)
180it [1:50:05, 162.08s/it]outputs:tensor([[ 2.8763,  0.8897, -2.3231],
        [ 2.9737,  0.5295, -2.6861],
        [ 3.1240,  0.7543, -2.6584],
        [ 2.9889,  0.7064, -2.2649],
        [ 2.6872,  0.3437, -2.3583],
        [ 2.5876,  0.4628, -2.1287],
        [ 2.6878,  0.1750, -2.0511],
        [ 2.8833,  0.4843, -2.5077]], grad_fn=<AddmmBackward0>)
targets:tensor([2, 0, 3, 2, 0, 0, 1, 1])
probs:tensor([[0.9467, 0.7088, 0.0892],
        [0.9514, 0.6294, 0.0638],
        [0.9579, 0.6801, 0.0655],
        [0.9521, 0.6696, 0.0941],
        [0.9363, 0.5851, 0.0864],
        [0.9301, 0.6137, 0.1063],
        [0.9363, 0.5436, 0.1139],
        [0.9470, 0.6188, 0.0753]], grad_fn=<SigmoidBackward0>)

Step: 180
Raw logits: tensor([ 2.8763,  0.8897, -2.3231], grad_fn=<SelectBackward0>)
Probabilities: tensor([0.9467, 0.7088, 0.0892], grad_fn=<SelectBackward0>)
Predictions distribution: [   4  112 1332    0]
Targets distribution: [385 517 428 118]
Loss: 2.644059658050537
Training Accuracy per 5 steps: 29.834254143646408
181it [1:50:26, 119.79s/it]outputs:tensor([[ 2.4171,  0.5599, -2.5595],
        [ 2.0457,  0.0342, -2.0873],
        [ 2.6578,  0.4729, -2.3698],
        [ 2.9781,  0.7898, -2.5569],
        [ 2.9301,  0.8274, -2.1917],
        [ 2.7044,  0.5513, -2.3838],
        [ 2.6407,  0.4872, -2.6947],
        [ 2.8600,  0.6290, -2.3241]], grad_fn=<AddmmBackward0>)
targets:tensor([0, 0, 3, 2, 2, 2, 1, 0])
probs:tensor([[0.9181, 0.6364, 0.0718],
        [0.8855, 0.5085, 0.1103],
        [0.9345, 0.6161, 0.0855],
        [0.9516, 0.6878, 0.0720],
        [0.9493, 0.6958, 0.1005],
        [0.9373, 0.6344, 0.0844],
        [0.9334, 0.6194, 0.0633],
        [0.9458, 0.6523, 0.0892]], grad_fn=<SigmoidBackward0>)
182it [1:50:47, 90.22s/it] outputs:tensor([[ 2.5100,  0.3637, -2.2564],
        [ 2.9492,  0.2634, -2.6716],
        [ 2.5620,  0.2915, -2.1473],
        [ 2.9165,  0.7584, -2.3371],
        [ 2.5649,  0.7596, -2.1810],
        [ 2.2270,  0.4112, -2.1373],
        [ 2.8093,  0.6722, -2.4250],
        [ 2.8734,  0.4813, -2.4952]], grad_fn=<AddmmBackward0>)
targets:tensor([0, 2, 1, 0, 2, 0, 3, 2])
probs:tensor([[0.9248, 0.5899, 0.0948],
        [0.9502, 0.5655, 0.0647],
        [0.9284, 0.5724, 0.1046],
        [0.9487, 0.6810, 0.0881],
        [0.9286, 0.6813, 0.1015],
        [0.9026, 0.6014, 0.1055],
        [0.9432, 0.6620, 0.0813],
        [0.9465, 0.6181, 0.0762]], grad_fn=<SigmoidBackward0>)
183it [1:51:24, 74.09s/it]outputs:tensor([[ 2.9975,  1.1067, -2.2763],
        [ 2.9533,  0.5691, -2.5790],
        [ 2.5192,  0.7474, -2.2221],
        [ 2.5695,  0.4696, -2.5277],
        [ 2.4433,  0.4714, -1.9425],
        [ 2.9914,  0.8501, -2.3336],
        [ 2.9037,  0.7318, -2.5853],
        [ 2.7055,  0.6191, -2.4530]], grad_fn=<AddmmBackward0>)
targets:tensor([2, 3, 0, 2, 0, 1, 1, 2])
probs:tensor([[0.9525, 0.7515, 0.0931],
        [0.9504, 0.6386, 0.0705],
        [0.9255, 0.6786, 0.0978],
        [0.9289, 0.6153, 0.0739],
        [0.9201, 0.6157, 0.1254],
        [0.9522, 0.7006, 0.0884],
        [0.9480, 0.6752, 0.0701],
        [0.9373, 0.6500, 0.0792]], grad_fn=<SigmoidBackward0>)
184it [2:06:59, 332.39s/it]outputs:tensor([[ 2.6442,  0.5110, -2.0594],
        [ 2.7516,  0.5271, -2.5391],
        [ 2.2336,  0.1064, -2.1972],
        [ 2.6339,  0.3828, -2.3136],
        [ 2.9183,  0.9044, -2.0038],
        [ 2.8010,  0.6328, -2.3054],
        [ 3.1200,  0.4386, -2.2865],
        [ 2.9106,  0.9944, -2.3466]], grad_fn=<AddmmBackward0>)
targets:tensor([1, 2, 0, 3, 1, 0, 1, 2])
probs:tensor([[0.9337, 0.6250, 0.1131],
        [0.9400, 0.6288, 0.0732],
        [0.9032, 0.5266, 0.1000],
        [0.9330, 0.5945, 0.0900],
        [0.9487, 0.7119, 0.1188],
        [0.9427, 0.6531, 0.0907],
        [0.9577, 0.6079, 0.0922],
        [0.9484, 0.7299, 0.0873]], grad_fn=<SigmoidBackward0>)
185it [2:07:26, 240.85s/it]outputs:tensor([[ 2.4245,  0.5996, -2.2710],
        [ 3.2519,  1.0148, -2.2775],
        [ 2.1847,  0.5531, -1.9279],
        [ 2.8881,  1.1495, -2.3732],
        [ 2.9649,  0.8267, -2.3295],
        [ 2.8686,  0.5411, -2.4650],
        [ 2.6360,  0.7905, -2.0729],
        [ 3.1399,  1.1052, -2.2833]], grad_fn=<AddmmBackward0>)
targets:tensor([3, 0, 2, 0, 2, 1, 0, 1])
probs:tensor([[0.9187, 0.6456, 0.0936],
        [0.9627, 0.7340, 0.0930],
        [0.8989, 0.6349, 0.1270],
        [0.9473, 0.7594, 0.0852],
        [0.9510, 0.6957, 0.0887],
        [0.9463, 0.6321, 0.0783],
        [0.9331, 0.6879, 0.1118],
        [0.9585, 0.7512, 0.0925]], grad_fn=<SigmoidBackward0>)

Step: 185
Raw logits: tensor([ 2.4245,  0.5996, -2.2710], grad_fn=<SelectBackward0>)
Probabilities: tensor([0.9187, 0.6456, 0.0936], grad_fn=<SelectBackward0>)
Predictions distribution: [   4  112 1372    0]
Targets distribution: [398 526 441 123]
Loss: 2.956779718399048
Training Accuracy per 5 steps: 29.905913978494624
186it [2:07:47, 174.75s/it]outputs:tensor([[ 1.4507,  0.3782, -1.4381],
        [ 1.9260,  0.2543, -1.9994],
        [ 2.0249,  0.7852, -1.9738],
        [ 2.7469,  0.7734, -2.1565],
        [ 2.8378,  0.4815, -2.3271],
        [ 3.0422,  0.3126, -2.1610],
        [ 2.8551,  0.7398, -2.5093],
        [ 2.4588,  0.4485, -2.1968]], grad_fn=<AddmmBackward0>)
targets:tensor([3, 1, 0, 3, 0, 1, 1, 0])
probs:tensor([[0.8101, 0.5934, 0.1918],
        [0.8728, 0.5632, 0.1193],
        [0.8834, 0.6868, 0.1220],
        [0.9397, 0.6843, 0.1037],
        [0.9447, 0.6181, 0.0889],
        [0.9544, 0.5775, 0.1033],
        [0.9456, 0.6770, 0.0752],
        [0.9212, 0.6103, 0.1000]], grad_fn=<SigmoidBackward0>)
187it [2:08:08, 128.76s/it]outputs:tensor([[ 0.7999,  0.0880, -1.2524],
        [ 2.3752,  0.2914, -2.1300],
        [ 2.4995,  0.7341, -1.9051],
        [ 3.0332,  0.8042, -2.1416],
        [ 1.1638, -0.0202, -1.6120],
        [ 2.5153,  0.4328, -1.8823],
        [ 2.7197,  0.3481, -2.1688],
        [ 1.6152,  0.0648, -1.6481]], grad_fn=<AddmmBackward0>)
targets:tensor([1, 0, 0, 2, 3, 1, 0, 1])
probs:tensor([[0.6900, 0.5220, 0.2223],
        [0.9149, 0.5723, 0.1062],
        [0.9241, 0.6757, 0.1295],
        [0.9541, 0.6909, 0.1051],
        [0.7620, 0.4949, 0.1663],
        [0.9252, 0.6066, 0.1321],
        [0.9382, 0.5862, 0.1026],
        [0.8341, 0.5162, 0.1614]], grad_fn=<SigmoidBackward0>)
188it [2:08:30, 96.67s/it] outputs:tensor([[ 0.5486,  0.0732, -1.2314],
        [ 0.7126,  0.1220, -1.1447],
        [ 1.6473,  0.3449, -1.6617],
        [ 2.5181,  0.7466, -2.0629],
        [ 2.4478,  0.6298, -2.0264],
        [ 1.9235,  0.3021, -1.6768],
        [ 0.6701,  0.1169, -1.4899],
        [ 2.1602,  0.2213, -2.0910]], grad_fn=<AddmmBackward0>)
targets:tensor([2, 1, 2, 1, 3, 0, 2, 2])
probs:tensor([[0.6338, 0.5183, 0.2259],
        [0.6710, 0.5305, 0.2415],
        [0.8385, 0.5854, 0.1595],
        [0.9254, 0.6784, 0.1128],
        [0.9204, 0.6524, 0.1165],
        [0.8725, 0.5749, 0.1575],
        [0.6615, 0.5292, 0.1839],
        [0.8966, 0.5551, 0.1100]], grad_fn=<SigmoidBackward0>)
189it [2:08:52, 74.14s/it]outputs:tensor([[ 0.5636,  0.2000, -1.2202],
        [ 0.7238,  0.1302, -1.2744],
        [ 0.7441,  0.2020, -1.2199],
        [ 1.2636,  0.1583, -1.4976],
        [ 0.7527,  0.1174, -1.2182],
        [ 1.2212,  0.4283, -1.5281],
        [ 0.7529, -0.0505, -1.3519],
        [ 0.5981,  0.1234, -1.2366]], grad_fn=<AddmmBackward0>)
targets:tensor([1, 0, 0, 2, 1, 2, 2, 1])
probs:tensor([[0.6373, 0.5498, 0.2279],
        [0.6734, 0.5325, 0.2185],
        [0.6779, 0.5503, 0.2280],
        [0.7796, 0.5395, 0.1828],
        [0.6798, 0.5293, 0.2282],
        [0.7723, 0.6055, 0.1783],
        [0.6798, 0.4874, 0.2056],
        [0.6452, 0.5308, 0.2250]], grad_fn=<SigmoidBackward0>)
190it [2:09:13, 58.43s/it]outputs:tensor([[ 1.6619,  0.3346, -1.8793],
        [ 1.3293,  0.1299, -1.6352],
        [ 0.9905,  0.1473, -1.3609],
        [ 0.8946,  0.2438, -1.3538],
        [ 0.7387,  0.2849, -1.1924],
        [ 0.7570,  0.1119, -1.2144],
        [ 2.2730,  0.1180, -2.0303],
        [ 1.8834,  0.3501, -1.9292]], grad_fn=<AddmmBackward0>)
targets:tensor([2, 1, 0, 1, 1, 0, 3, 0])
probs:tensor([[0.8405, 0.5829, 0.1325],
        [0.7907, 0.5324, 0.1631],
        [0.7292, 0.5367, 0.2041],
        [0.7098, 0.5606, 0.2052],
        [0.6767, 0.5708, 0.2328],
        [0.6807, 0.5279, 0.2289],
        [0.9066, 0.5295, 0.1161],
        [0.8680, 0.5867, 0.1268]], grad_fn=<SigmoidBackward0>)

Step: 190
Raw logits: tensor([ 1.6619,  0.3346, -1.8793], grad_fn=<SelectBackward0>)
Probabilities: tensor([0.8405, 0.5829, 0.1325], grad_fn=<SelectBackward0>)
Predictions distribution: [   4  114 1410    0]
Targets distribution: [410 540 450 128]
Loss: 2.8108346462249756
Training Accuracy per 5 steps: 29.646596858638745
191it [2:09:35, 47.50s/it]outputs:tensor([[ 0.9872,  0.0727, -1.4254],
        [ 1.3951,  0.1926, -1.3643],
        [ 1.5325,  0.2363, -1.6852],
        [ 3.1271,  0.5010, -2.2765],
        [ 2.0025,  0.2943, -1.9477],
        [ 2.3648,  0.5941, -1.9220],
        [ 1.3730,  0.1160, -1.6446],
        [ 2.4696,  0.2778, -1.7503]], grad_fn=<AddmmBackward0>)
targets:tensor([3, 0, 0, 3, 0, 3, 2, 0])
probs:tensor([[0.7285, 0.5182, 0.1938],
        [0.8014, 0.5480, 0.2035],
        [0.8224, 0.5588, 0.1564],
        [0.9580, 0.6227, 0.0931],
        [0.8811, 0.5731, 0.1248],
        [0.9141, 0.6443, 0.1276],
        [0.7979, 0.5290, 0.1618],
        [0.9220, 0.5690, 0.1480]], grad_fn=<SigmoidBackward0>)
192it [2:09:56, 39.56s/it]outputs:tensor([[ 1.0052,  0.1098, -1.6184],
        [ 1.7029,  0.0648, -1.7680],
        [ 2.8228,  0.2924, -2.0649],
        [ 2.5540,  0.2754, -2.1488],
        [ 2.6482,  0.4527, -2.3179],
        [ 2.5093,  0.6906, -2.1500],
        [ 0.9415,  0.2811, -1.3515],
        [ 2.7818,  0.5720, -2.1340]], grad_fn=<AddmmBackward0>)
targets:tensor([0, 3, 1, 3, 2, 2, 2, 1])
probs:tensor([[0.7321, 0.5274, 0.1654],
        [0.8459, 0.5162, 0.1458],
        [0.9439, 0.5726, 0.1126],
        [0.9278, 0.5684, 0.1044],
        [0.9339, 0.6113, 0.0897],
        [0.9248, 0.6661, 0.1043],
        [0.7194, 0.5698, 0.2056],
        [0.9417, 0.6392, 0.1058]], grad_fn=<SigmoidBackward0>)
193it [2:10:19, 34.34s/it]outputs:tensor([[ 2.8383,  0.3496, -1.9847],
        [ 2.5111,  0.6989, -2.0825],
        [ 2.6072,  0.8335, -2.2021],
        [ 2.3521,  0.7948, -1.9858],
        [ 2.9805,  0.7263, -2.1793],
        [ 2.3546,  0.5207, -1.8000],
        [ 2.6671,  0.7238, -2.6558],
        [ 0.9378,  0.1976, -1.4309]], grad_fn=<AddmmBackward0>)
targets:tensor([0, 2, 2, 3, 1, 2, 0, 2])
probs:tensor([[0.9447, 0.5865, 0.1208],
        [0.9249, 0.6680, 0.1108],
        [0.9313, 0.6971, 0.0996],
        [0.9131, 0.6889, 0.1207],
        [0.9517, 0.6740, 0.1016],
        [0.9133, 0.6273, 0.1418],
        [0.9351, 0.6735, 0.0656],
        [0.7187, 0.5492, 0.1930]], grad_fn=<SigmoidBackward0>)
194it [2:10:38, 29.96s/it]outputs:tensor([[ 2.8772,  0.5828, -2.0961],
        [ 2.6969,  0.7744, -2.3587],
        [ 2.9052,  1.0564, -2.3375],
        [ 2.6692,  0.8666, -2.0176],
        [ 1.7624,  0.0654, -1.6952],
        [ 2.4714,  0.6461, -1.8096],
        [ 2.5694,  0.6355, -2.4865],
        [ 1.7799,  0.4359, -1.6169]], grad_fn=<AddmmBackward0>)
targets:tensor([2, 1, 0, 1, 0, 2, 2, 2])
probs:tensor([[0.9467, 0.6417, 0.1095],
        [0.9368, 0.6845, 0.0864],
        [0.9481, 0.7420, 0.0881],
        [0.9352, 0.7040, 0.1174],
        [0.8535, 0.5163, 0.1551],
        [0.9221, 0.6561, 0.1407],
        [0.9289, 0.6537, 0.0768],
        [0.8557, 0.6073, 0.1656]], grad_fn=<SigmoidBackward0>)
195it [2:10:58, 26.97s/it]outputs:tensor([[ 2.7534,  0.6494, -2.1890],
        [ 2.7439,  0.4667, -2.0990],
        [ 2.3470,  0.3929, -2.1475],
        [ 1.7188,  0.2941, -1.4433],
        [ 2.6127,  0.4666, -2.2316],
        [ 3.0488,  0.9959, -2.1459],
        [ 2.6039,  0.8349, -2.0732],
        [ 2.9227,  1.0754, -1.8671]], grad_fn=<AddmmBackward0>)
targets:tensor([1, 0, 0, 0, 2, 2, 0, 0])
probs:tensor([[0.9401, 0.6569, 0.1007],
        [0.9396, 0.6146, 0.1092],
        [0.9127, 0.5970, 0.1046],
        [0.8480, 0.5730, 0.1910],
        [0.9317, 0.6146, 0.0969],
        [0.9547, 0.7303, 0.1047],
        [0.9311, 0.6974, 0.1117],
        [0.9490, 0.7456, 0.1339]], grad_fn=<SigmoidBackward0>)

Step: 195
Raw logits: tensor([ 2.7534,  0.6494, -2.1890], grad_fn=<SelectBackward0>)
Probabilities: tensor([0.9401, 0.6569, 0.1007], grad_fn=<SelectBackward0>)
Predictions distribution: [   4  114 1450    0]
Targets distribution: [424 546 464 134]
Loss: 2.872972011566162
Training Accuracy per 5 steps: 29.783163265306122
196it [2:26:21, 295.54s/it]outputs:tensor([[ 3.2098,  0.9823, -2.5003],
        [ 3.1065,  1.1337, -2.1180],
        [ 2.5477,  0.5151, -2.2172],
        [ 2.5566,  1.1055, -2.2407],
        [ 2.5383,  0.5187, -2.1702],
        [ 2.2846,  0.6889, -1.8515],
        [ 2.7050,  0.5933, -2.2752],
        [ 3.0079,  1.0119, -1.8993]], grad_fn=<AddmmBackward0>)
targets:tensor([1, 0, 1, 2, 3, 3, 0, 3])
probs:tensor([[0.9612, 0.7276, 0.0758],
        [0.9572, 0.7565, 0.1074],
        [0.9274, 0.6260, 0.0982],
        [0.9280, 0.7513, 0.0962],
        [0.9268, 0.6268, 0.1025],
        [0.9076, 0.6657, 0.1357],
        [0.9373, 0.6441, 0.0932],
        [0.9529, 0.7334, 0.1302]], grad_fn=<SigmoidBackward0>)
197it [2:26:47, 214.85s/it]outputs:tensor([[ 2.4125,  0.6272, -1.9714],
        [ 2.7688,  0.9973, -2.0320],
        [ 2.2013,  0.5484, -1.8084],
        [ 2.8386,  0.8586, -1.8272],
        [ 2.4609,  0.6184, -1.7348],
        [ 2.2043,  0.3641, -1.7063],
        [ 2.6570,  0.7299, -2.1415],
        [ 2.2305,  0.5872, -1.9028]], grad_fn=<AddmmBackward0>)
targets:tensor([0, 3, 2, 0, 1, 1, 3, 0])
probs:tensor([[0.9178, 0.6519, 0.1222],
        [0.9410, 0.7305, 0.1159],
        [0.9004, 0.6338, 0.1408],
        [0.9447, 0.7024, 0.1386],
        [0.9214, 0.6498, 0.1500],
        [0.9006, 0.5900, 0.1536],
        [0.9344, 0.6748, 0.1051],
        [0.9030, 0.6427, 0.1298]], grad_fn=<SigmoidBackward0>)
198it [2:27:09, 157.05s/it]outputs:tensor([[ 2.5311,  0.6946, -1.8178],
        [ 2.2678,  0.5528, -1.7450],
        [ 2.6489,  0.2365, -2.1461],
        [ 2.4639,  0.6448, -2.1870],
        [ 2.6500,  0.6842, -2.0877],
        [ 3.0307,  0.9237, -1.9086],
        [ 3.0619,  0.7701, -1.9789],
        [ 2.8189,  0.7052, -2.3107]], grad_fn=<AddmmBackward0>)
targets:tensor([1, 0, 0, 0, 2, 1, 3, 2])
probs:tensor([[0.9263, 0.6670, 0.1397],
        [0.9062, 0.6348, 0.1487],
        [0.9339, 0.5589, 0.1047],
        [0.9216, 0.6558, 0.1009],
        [0.9340, 0.6647, 0.1103],
        [0.9539, 0.7158, 0.1291],
        [0.9553, 0.6835, 0.1214],
        [0.9437, 0.6693, 0.0902]], grad_fn=<SigmoidBackward0>)
199it [2:27:30, 116.20s/it]outputs:tensor([[ 2.5819,  0.6020, -2.0140],
        [ 2.5731,  0.6218, -2.1802],
        [ 2.4949,  0.7842, -1.8730],
        [ 2.7329,  0.5925, -1.7949],
        [ 2.7730,  0.5442, -1.7841],
        [ 2.1733,  0.3659, -2.1243],
        [ 2.0250,  0.5749, -2.0706],
        [ 2.6433,  0.7155, -1.9125]], grad_fn=<AddmmBackward0>)
targets:tensor([1, 1, 1, 2, 1, 2, 1, 1])
probs:tensor([[0.9297, 0.6461, 0.1177],
        [0.9291, 0.6506, 0.1015],
        [0.9238, 0.6866, 0.1332],
        [0.9389, 0.6439, 0.1425],
        [0.9412, 0.6328, 0.1438],
        [0.8978, 0.5905, 0.1068],
        [0.8834, 0.6399, 0.1120],
        [0.9336, 0.6716, 0.1287]], grad_fn=<SigmoidBackward0>)
200it [2:27:50, 87.40s/it] outputs:tensor([[ 2.3128,  0.2653, -1.9221],
        [ 2.3550,  0.6346, -1.9644],
        [ 2.4110,  0.7753, -1.7668],
        [ 2.3568,  0.1315, -2.2141],
        [ 2.5397,  0.9477, -1.8918],
        [ 2.6728,  0.6740, -1.7941],
        [ 2.8372,  0.7493, -1.6275],
        [ 2.3041,  0.4888, -2.0985]], grad_fn=<AddmmBackward0>)
targets:tensor([0, 2, 1, 2, 3, 3, 2, 0])
probs:tensor([[0.9099, 0.5659, 0.1276],
        [0.9133, 0.6535, 0.1230],
        [0.9177, 0.6847, 0.1459],
        [0.9135, 0.5328, 0.0985],
        [0.9269, 0.7206, 0.1310],
        [0.9354, 0.6624, 0.1426],
        [0.9447, 0.6790, 0.1642],
        [0.9092, 0.6198, 0.1092]], grad_fn=<SigmoidBackward0>)

Step: 200
Raw logits: tensor([ 2.3128,  0.2653, -1.9221], grad_fn=<SelectBackward0>)
Probabilities: tensor([0.9099, 0.5659, 0.1276], grad_fn=<SelectBackward0>)
Predictions distribution: [   4  114 1490    0]
Targets distribution: [434 559 473 142]
Loss: 2.647893190383911
Training Accuracy per 5 steps: 29.601990049751244
201it [2:28:09, 66.92s/it]outputs:tensor([[ 2.4094,  0.7032, -1.6842],
        [ 1.9675,  0.4483, -1.9410],
        [ 2.3037,  0.6342, -1.9129],
        [ 2.1000,  0.2021, -1.5247],
        [ 2.6501,  0.9087, -2.0992],
        [ 2.0634,  0.3962, -1.9122],
        [ 2.6683,  0.7766, -1.4634],
        [ 2.6344,  0.9577, -1.8838]], grad_fn=<AddmmBackward0>)
targets:tensor([1, 3, 1, 1, 1, 1, 1, 2])
probs:tensor([[0.9175, 0.6689, 0.1565],
        [0.8773, 0.6102, 0.1255],
        [0.9092, 0.6534, 0.1287],
        [0.8909, 0.5504, 0.1788],
        [0.9340, 0.7127, 0.1092],
        [0.8873, 0.5978, 0.1287],
        [0.9351, 0.6849, 0.1879],
        [0.9330, 0.7227, 0.1319]], grad_fn=<SigmoidBackward0>)
202it [2:28:32, 53.49s/it]outputs:tensor([[ 2.3528,  0.2909, -1.8296],
        [ 2.7982,  0.5917, -1.8669],
        [ 2.1610,  0.2782, -1.8690],
        [ 2.2103,  0.4329, -1.6085],
        [ 2.1254,  0.6165, -1.6208],
        [ 1.9927,  0.3153, -1.5559],
        [ 2.6979,  0.7223, -1.7874],
        [ 2.3866,  0.8320, -1.6695]], grad_fn=<AddmmBackward0>)
targets:tensor([0, 1, 2, 2, 2, 0, 0, 1])
probs:tensor([[0.9132, 0.5722, 0.1383],
        [0.9426, 0.6437, 0.1339],
        [0.8967, 0.5691, 0.1337],
        [0.9012, 0.6066, 0.1668],
        [0.8933, 0.6494, 0.1651],
        [0.8800, 0.5782, 0.1742],
        [0.9369, 0.6731, 0.1434],
        [0.9158, 0.6968, 0.1585]], grad_fn=<SigmoidBackward0>)
203it [2:28:55, 44.36s/it]outputs:tensor([[ 2.6694,  0.9331, -1.7565],
        [ 2.6528,  0.3657, -2.1840],
        [ 2.2322,  0.4671, -1.5982],
        [ 2.5655,  0.9178, -1.8526],
        [ 2.5530,  0.3609, -1.7468],
        [ 2.5712,  0.6771, -1.8191],
        [ 2.7139,  0.5516, -1.6319],
        [ 2.6911,  0.9629, -1.9226]], grad_fn=<AddmmBackward0>)
targets:tensor([2, 0, 1, 1, 2, 1, 0, 2])
probs:tensor([[0.9352, 0.7177, 0.1472],
        [0.9342, 0.5904, 0.1012],
        [0.9031, 0.6147, 0.1682],
        [0.9286, 0.7146, 0.1356],
        [0.9278, 0.5892, 0.1485],
        [0.9290, 0.6631, 0.1395],
        [0.9378, 0.6345, 0.1636],
        [0.9365, 0.7237, 0.1276]], grad_fn=<SigmoidBackward0>)
204it [2:29:17, 37.77s/it]outputs:tensor([[ 3.0218,  1.0841, -2.1280],
        [ 3.0862,  0.7869, -1.8793],
        [ 3.1561,  0.5033, -1.9257],
        [ 2.9176,  1.1915, -1.8255],
        [ 2.9456,  0.8766, -1.6897],
        [ 2.0824,  0.5022, -1.7819],
        [ 2.8529,  0.8355, -1.7634],
        [ 2.8937,  1.0476, -1.8709]], grad_fn=<AddmmBackward0>)
targets:tensor([0, 1, 0, 0, 0, 1, 1, 0])
probs:tensor([[0.9535, 0.7473, 0.1064],
        [0.9563, 0.6872, 0.1325],
        [0.9591, 0.6232, 0.1272],
        [0.9487, 0.7670, 0.1388],
        [0.9501, 0.7061, 0.1558],
        [0.8892, 0.6230, 0.1441],
        [0.9455, 0.6975, 0.1464],
        [0.9475, 0.7403, 0.1334]], grad_fn=<SigmoidBackward0>)
205it [2:29:38, 32.66s/it]outputs:tensor([[ 2.6390,  0.7493, -1.9990],
        [ 2.1067,  0.1920, -1.7479],
        [ 2.6327,  0.3552, -1.8504],
        [ 2.6971,  0.6957, -1.9039],
        [ 3.0933,  0.5158, -1.9110],
        [ 2.1635,  0.4310, -1.3900],
        [ 2.9130,  0.6184, -2.1501],
        [ 2.1805,  0.2122, -1.9277]], grad_fn=<AddmmBackward0>)
targets:tensor([3, 2, 2, 1, 1, 2, 1, 1])
probs:tensor([[0.9333, 0.6790, 0.1193],
        [0.8915, 0.5479, 0.1483],
        [0.9329, 0.5879, 0.1358],
        [0.9369, 0.6672, 0.1297],
        [0.9566, 0.6262, 0.1289],
        [0.8969, 0.6061, 0.1994],
        [0.9485, 0.6499, 0.1043],
        [0.8985, 0.5529, 0.1270]], grad_fn=<SigmoidBackward0>)

Step: 205
Raw logits: tensor([ 2.6390,  0.7493, -1.9990], grad_fn=<SelectBackward0>)
Probabilities: tensor([0.9333, 0.6790, 0.1193], grad_fn=<SelectBackward0>)
Predictions distribution: [   4  114 1530    0]
Targets distribution: [444 577 483 144]
Loss: 1.963356852531433
Training Accuracy per 5 steps: 29.490291262135923
206it [2:30:00, 29.61s/it]outputs:tensor([[ 2.9641,  0.7535, -1.8994],
        [ 1.8110, -0.2903, -1.9691],
        [ 2.9155,  0.6862, -1.8482],
        [ 3.0605,  0.9642, -1.8985],
        [ 2.8193,  1.0235, -1.5830],
        [ 2.8598,  0.3742, -1.8495],
        [ 2.4133,  0.1269, -2.1480],
        [ 2.3841,  0.1673, -1.8716]], grad_fn=<AddmmBackward0>)
targets:tensor([0, 2, 0, 2, 3, 1, 3, 0])
probs:tensor([[0.9509, 0.6799, 0.1302],
        [0.8595, 0.4279, 0.1225],
        [0.9486, 0.6651, 0.1361],
        [0.9552, 0.7240, 0.1303],
        [0.9437, 0.7357, 0.1704],
        [0.9458, 0.5925, 0.1359],
        [0.9178, 0.5317, 0.1045],
        [0.9156, 0.5417, 0.1334]], grad_fn=<SigmoidBackward0>)
207it [2:30:21, 27.06s/it]outputs:tensor([[ 3.0833,  0.9737, -1.8767],
        [ 2.7555,  0.1648, -1.8236],
        [ 2.1625,  0.0472, -1.6861],
        [ 2.9214,  0.5124, -2.0001],
        [ 2.0820, -0.2582, -1.9850],
        [ 2.9317,  0.7448, -1.8735],
        [ 2.8006,  0.6572, -1.8364],
        [ 2.4925,  0.4945, -1.9256]], grad_fn=<AddmmBackward0>)
targets:tensor([1, 1, 2, 1, 0, 2, 1, 1])
probs:tensor([[0.9562, 0.7259, 0.1328],
        [0.9402, 0.5411, 0.1390],
        [0.8968, 0.5118, 0.1563],
        [0.9489, 0.6254, 0.1192],
        [0.8891, 0.4358, 0.1208],
        [0.9494, 0.6781, 0.1331],
        [0.9427, 0.6586, 0.1375],
        [0.9236, 0.6212, 0.1272]], grad_fn=<SigmoidBackward0>)
208it [2:33:24, 73.78s/it]outputs:tensor([[ 2.4943,  0.1609, -1.9503],
        [ 2.8990,  0.6312, -1.7256],
        [ 2.9279,  0.5906, -1.9666],
        [ 2.9573,  0.5039, -1.8137],
        [ 2.2227,  0.1059, -1.5731],
        [ 2.5483,  0.4648, -1.9573],
        [ 3.3435,  0.7777, -2.1652],
        [ 2.9541,  0.7320, -2.2754]], grad_fn=<AddmmBackward0>)
targets:tensor([0, 2, 2, 0, 1, 1, 2, 1])
probs:tensor([[0.9237, 0.5401, 0.1245],
        [0.9478, 0.6528, 0.1511],
        [0.9492, 0.6435, 0.1228],
        [0.9506, 0.6234, 0.1402],
        [0.9023, 0.5264, 0.1718],
        [0.9275, 0.6142, 0.1238],
        [0.9659, 0.6852, 0.1029],
        [0.9505, 0.6752, 0.0932]], grad_fn=<SigmoidBackward0>)
209it [2:33:51, 59.53s/it]outputs:tensor([[ 2.8094,  0.5879, -1.7984],
        [ 1.6663,  0.0324, -1.7718],
        [ 2.7532,  0.2553, -1.9598],
        [ 2.5663,  0.6567, -1.6690],
        [ 2.9277,  0.5360, -1.7385],
        [ 2.8793,  0.5524, -1.8921],
        [ 3.2903,  0.6908, -1.9064],
        [ 2.1397,  0.2145, -1.8413]], grad_fn=<AddmmBackward0>)
targets:tensor([0, 1, 3, 1, 2, 0, 2, 0])
probs:tensor([[0.9432, 0.6429, 0.1420],
        [0.8411, 0.5081, 0.1453],
        [0.9401, 0.5635, 0.1235],
        [0.9287, 0.6585, 0.1586],
        [0.9492, 0.6309, 0.1495],
        [0.9468, 0.6347, 0.1310],
        [0.9641, 0.6661, 0.1294],
        [0.8947, 0.5534, 0.1369]], grad_fn=<SigmoidBackward0>)
210it [2:49:31, 323.74s/it]outputs:tensor([[ 2.8150,  0.5601, -1.7568],
        [ 2.1667,  0.1585, -1.5191],
        [ 2.1178,  0.2080, -1.7288],
        [ 2.5200,  0.6375, -1.7887],
        [ 2.7548,  0.3214, -1.7178],
        [ 2.6920,  0.3125, -1.6956],
        [ 2.4637,  0.3807, -1.8609],
        [ 2.5876,  0.4743, -1.6659]], grad_fn=<AddmmBackward0>)
targets:tensor([0, 0, 0, 2, 0, 0, 1, 1])
probs:tensor([[0.9435, 0.6365, 0.1472],
        [0.8972, 0.5396, 0.1796],
        [0.8926, 0.5518, 0.1507],
        [0.9255, 0.6542, 0.1432],
        [0.9402, 0.5797, 0.1522],
        [0.9366, 0.5775, 0.1550],
        [0.9216, 0.5940, 0.1346],
        [0.9301, 0.6164, 0.1590]], grad_fn=<SigmoidBackward0>)

Step: 210
Raw logits: tensor([ 2.8150,  0.5601, -1.7568], grad_fn=<SelectBackward0>)
Probabilities: tensor([0.9435, 0.6365, 0.1472], grad_fn=<SelectBackward0>)
Predictions distribution: [   4  116 1568    0]
Targets distribution: [458 590 493 147]
Loss: 2.8307693004608154
Training Accuracy per 5 steps: 29.324644549763033
211it [2:49:55, 233.97s/it]outputs:tensor([[ 2.6589,  0.0621, -1.8856],
        [ 1.7584, -0.2018, -1.4926],
        [ 2.1260,  0.1519, -2.0112],
        [ 2.6763,  0.2315, -1.9903],
        [ 2.7416,  0.4761, -1.8809],
        [ 1.6631, -0.0838, -1.8850],
        [ 2.8798,  0.4500, -1.6675],
        [ 2.4437, -0.1107, -1.7231]], grad_fn=<AddmmBackward0>)
targets:tensor([3, 0, 1, 0, 1, 3, 2, 1])
probs:tensor([[0.9346, 0.5155, 0.1317],
        [0.8530, 0.4497, 0.1835],
        [0.8934, 0.5379, 0.1180],
        [0.9356, 0.5576, 0.1202],
        [0.9394, 0.6168, 0.1323],
        [0.8407, 0.4791, 0.1318],
        [0.9468, 0.6106, 0.1588],
        [0.9201, 0.4723, 0.1515]], grad_fn=<SigmoidBackward0>)
212it [2:50:17, 170.35s/it]outputs:tensor([[ 2.5636,  0.1709, -1.6597],
        [ 2.5488,  0.1862, -2.0992],
        [ 2.6888,  0.3654, -2.1366],
        [ 2.7043,  0.3684, -1.8205],
        [ 1.8279, -0.1585, -1.8174],
        [ 2.5943,  0.3177, -1.7409],
        [ 2.6734,  0.0365, -2.1274],
        [ 2.9010,  0.0786, -1.6751]], grad_fn=<AddmmBackward0>)
targets:tensor([1, 2, 2, 1, 1, 1, 2, 1])
probs:tensor([[0.9285, 0.5426, 0.1598],
        [0.9275, 0.5464, 0.1092],
        [0.9364, 0.5904, 0.1056],
        [0.9373, 0.5911, 0.1394],
        [0.8615, 0.4605, 0.1397],
        [0.9305, 0.5788, 0.1492],
        [0.9354, 0.5091, 0.1065],
        [0.9479, 0.5196, 0.1577]], grad_fn=<SigmoidBackward0>)
213it [2:50:38, 125.58s/it]outputs:tensor([[ 1.7657,  0.0070, -1.8698],
        [ 2.8805, -0.1089, -2.1425],
        [ 2.2004, -0.0525, -1.8077],
        [ 2.2313, -0.0932, -2.2356],
        [ 2.7831,  0.3941, -1.9577],
        [ 2.7942,  0.1364, -2.0570],
        [ 2.5323, -0.3344, -1.9269],
        [ 2.7181,  0.4702, -1.8006]], grad_fn=<AddmmBackward0>)
targets:tensor([1, 1, 1, 1, 2, 2, 1, 0])
probs:tensor([[0.8539, 0.5017, 0.1336],
        [0.9469, 0.4728, 0.1050],
        [0.9003, 0.4869, 0.1409],
        [0.9030, 0.4767, 0.0966],
        [0.9418, 0.5973, 0.1237],
        [0.9424, 0.5341, 0.1133],
        [0.9264, 0.4172, 0.1271],
        [0.9381, 0.6154, 0.1418]], grad_fn=<SigmoidBackward0>)
214it [2:50:59, 93.98s/it] outputs:tensor([[ 2.5091,  0.2831, -2.1009],
        [ 1.9854, -0.1228, -2.0182],
        [ 2.5678,  0.4916, -1.8777],
        [ 2.4377,  0.1606, -1.6889],
        [ 2.2166, -0.1551, -1.5937],
        [ 2.6051,  0.3513, -1.6532],
        [ 2.5178, -0.2540, -2.0748],
        [ 2.4875,  0.0537, -1.8277]], grad_fn=<AddmmBackward0>)
targets:tensor([0, 2, 1, 3, 2, 2, 1, 0])
probs:tensor([[0.9248, 0.5703, 0.1090],
        [0.8793, 0.4693, 0.1173],
        [0.9288, 0.6205, 0.1326],
        [0.9197, 0.5401, 0.1559],
        [0.9017, 0.4613, 0.1689],
        [0.9312, 0.5869, 0.1607],
        [0.9254, 0.4368, 0.1116],
        [0.9233, 0.5134, 0.1385]], grad_fn=<SigmoidBackward0>)
215it [2:51:20, 72.33s/it]outputs:tensor([[ 2.5868,  0.2224, -1.7659],
        [ 2.6915,  0.5920, -2.0629],
        [ 2.8198,  0.3779, -2.0083],
        [ 2.8790,  0.1049, -2.2136],
        [ 2.4570, -0.0554, -2.0047],
        [ 3.2077,  0.3103, -2.2830],
        [ 2.6927,  0.3679, -1.9777],
        [ 2.9013,  0.3054, -1.8771]], grad_fn=<AddmmBackward0>)
targets:tensor([2, 2, 1, 1, 2, 2, 1, 1])
probs:tensor([[0.9300, 0.5554, 0.1461],
        [0.9365, 0.6438, 0.1128],
        [0.9437, 0.5934, 0.1183],
        [0.9468, 0.5262, 0.0985],
        [0.9211, 0.4861, 0.1187],
        [0.9611, 0.5769, 0.0925],
        [0.9366, 0.5910, 0.1216],
        [0.9479, 0.5758, 0.1327]], grad_fn=<SigmoidBackward0>)

Step: 215
Raw logits: tensor([ 2.5868,  0.2224, -1.7659], grad_fn=<SelectBackward0>)
Probabilities: tensor([0.9300, 0.5554, 0.1461], grad_fn=<SelectBackward0>)
Predictions distribution: [   4  128 1596    0]
Targets distribution: [463 609 506 150]
Loss: 1.5551167726516724
Training Accuracy per 5 steps: 29.62962962962963
216it [2:51:42, 57.12s/it]outputs:tensor([[ 2.8559,  0.3916, -1.9699],
        [ 2.4908,  0.3841, -2.1644],
        [ 3.2240,  0.5338, -2.2716],
        [ 2.4087,  0.1792, -1.9235],
        [ 1.7406,  0.0475, -1.8856],
        [ 2.8102,  0.2165, -2.0774],
        [ 2.5901,  0.5206, -1.6392],
        [ 2.4514,  0.1033, -1.8901]], grad_fn=<AddmmBackward0>)
targets:tensor([2, 2, 2, 2, 2, 1, 2, 2])
probs:tensor([[0.9456, 0.5967, 0.1224],
        [0.9235, 0.5949, 0.1030],
        [0.9617, 0.6304, 0.0935],
        [0.9175, 0.5447, 0.1275],
        [0.8508, 0.5119, 0.1317],
        [0.9432, 0.5539, 0.1113],
        [0.9302, 0.6273, 0.1626],
        [0.9207, 0.5258, 0.1312]], grad_fn=<SigmoidBackward0>)
217it [2:52:04, 46.73s/it]outputs:tensor([[ 2.9749,  0.3755, -2.0799],
        [ 2.9406,  0.5530, -1.8414],
        [ 2.9957,  0.4528, -2.3345],
        [ 2.6095,  0.6237, -2.1108],
        [ 3.1988,  0.6797, -1.7146],
        [ 2.3516,  0.2956, -1.9774],
        [ 3.4404,  0.3214, -2.4811],
        [ 2.6075,  0.2626, -1.9709]], grad_fn=<AddmmBackward0>)
targets:tensor([0, 0, 1, 2, 1, 0, 1, 2])
probs:tensor([[0.9514, 0.5928, 0.1111],
        [0.9498, 0.6348, 0.1369],
        [0.9524, 0.6113, 0.0883],
        [0.9315, 0.6511, 0.1081],
        [0.9608, 0.6637, 0.1526],
        [0.9131, 0.5734, 0.1216],
        [0.9689, 0.5797, 0.0772],
        [0.9313, 0.5653, 0.1223]], grad_fn=<SigmoidBackward0>)
218it [2:52:26, 39.26s/it]outputs:tensor([[ 2.8348,  0.3963, -2.2232],
        [ 3.1782,  0.7919, -2.0452],
        [ 3.2474,  0.4802, -2.1185],
        [ 2.4184,  0.2371, -1.6914],
        [ 2.7343,  0.0599, -2.2979],
        [ 3.3204,  0.3728, -2.2681],
        [ 3.2594,  0.2642, -2.3697],
        [ 2.7586,  0.3346, -1.7189]], grad_fn=<AddmmBackward0>)
targets:tensor([1, 1, 0, 3, 0, 1, 0, 2])
probs:tensor([[0.9445, 0.5978, 0.0977],
        [0.9600, 0.6882, 0.1145],
        [0.9626, 0.6178, 0.1073],
        [0.9182, 0.5590, 0.1556],
        [0.9390, 0.5150, 0.0913],
        [0.9651, 0.5921, 0.0938],
        [0.9630, 0.5657, 0.0855],
        [0.9404, 0.5829, 0.1520]], grad_fn=<SigmoidBackward0>)
219it [2:52:49, 34.15s/it]outputs:tensor([[ 3.1226,  0.2762, -2.6186],
        [ 3.0982,  0.4031, -2.1807],
        [ 3.5644,  0.5739, -2.4700],
        [ 3.3551,  0.5147, -2.2769],
        [ 3.1811,  0.5476, -2.2316],
        [ 2.4740,  0.4130, -2.0641],
        [ 3.0323,  0.6725, -2.2035],
        [ 2.6906,  0.0809, -1.8519]], grad_fn=<AddmmBackward0>)
targets:tensor([2, 1, 2, 2, 1, 2, 0, 2])
probs:tensor([[0.9578, 0.5686, 0.0679],
        [0.9568, 0.5994, 0.1015],
        [0.9725, 0.6397, 0.0780],
        [0.9663, 0.6259, 0.0931],
        [0.9601, 0.6336, 0.0970],
        [0.9223, 0.6018, 0.1126],
        [0.9540, 0.6621, 0.0994],
        [0.9365, 0.5202, 0.1357]], grad_fn=<SigmoidBackward0>)
220it [2:53:10, 30.42s/it]outputs:tensor([[ 2.8357,  0.2994, -1.8596],
        [ 2.5864,  0.0223, -2.0610],
        [ 2.6995,  0.4853, -1.7545],
        [ 3.1965,  0.3973, -2.2268],
        [ 3.1302,  0.6109, -1.8856],
        [ 2.8632,  0.0151, -2.2650],
        [ 3.1852,  0.7516, -1.9713],
        [ 2.6964,  0.6404, -1.9992]], grad_fn=<AddmmBackward0>)
targets:tensor([1, 3, 1, 2, 2, 1, 2, 1])
probs:tensor([[0.9446, 0.5743, 0.1348],
        [0.9300, 0.5056, 0.1129],
        [0.9370, 0.6190, 0.1475],
        [0.9607, 0.5980, 0.0974],
        [0.9581, 0.6481, 0.1317],
        [0.9460, 0.5038, 0.0941],
        [0.9603, 0.6795, 0.1222],
        [0.9368, 0.6548, 0.1193]], grad_fn=<SigmoidBackward0>)

Step: 220
Raw logits: tensor([ 2.8357,  0.2994, -1.8596], grad_fn=<SelectBackward0>)
Probabilities: tensor([0.9446, 0.5743, 0.1348], grad_fn=<SelectBackward0>)
Predictions distribution: [   4  128 1636    0]
Targets distribution: [470 622 524 152]
Loss: 1.7872459888458252
Training Accuracy per 5 steps: 29.97737556561086
221it [2:53:33, 28.15s/it]outputs:tensor([[ 2.7786,  0.4021, -1.8913],
        [ 3.2554,  0.4840, -2.2183],
        [ 2.9822,  0.4114, -2.1380],
        [ 3.4956,  0.6612, -2.1949],
        [ 3.1604,  0.2688, -2.0515],
        [ 2.8962,  0.3896, -1.8630],
        [ 3.2062,  1.1231, -2.3924],
        [ 3.0621,  0.5628, -2.2160]], grad_fn=<AddmmBackward0>)
targets:tensor([1, 2, 1, 1, 0, 3, 2, 0])
probs:tensor([[0.9415, 0.5992, 0.1311],
        [0.9629, 0.6187, 0.0981],
        [0.9518, 0.6014, 0.1055],
        [0.9706, 0.6595, 0.1002],
        [0.9593, 0.5668, 0.1139],
        [0.9477, 0.5962, 0.1344],
        [0.9611, 0.7546, 0.0838],
        [0.9553, 0.6371, 0.0983]], grad_fn=<SigmoidBackward0>)
222it [2:53:55, 26.16s/it]outputs:tensor([[ 2.8151,  0.3073, -2.1144],
        [ 3.2494,  0.5193, -1.8536],
        [ 3.0743,  0.3836, -2.0875],
        [ 3.2060,  0.4533, -2.3737],
        [ 3.3757,  0.8349, -2.3657],
        [ 2.5502,  0.6298, -2.2325],
        [ 3.0184,  0.4737, -2.0938],
        [ 3.3703,  0.5163, -2.2400]], grad_fn=<AddmmBackward0>)
targets:tensor([1, 0, 0, 0, 2, 1, 0, 1])
probs:tensor([[0.9435, 0.5762, 0.1077],
        [0.9627, 0.6270, 0.1355],
        [0.9558, 0.5947, 0.1103],
        [0.9611, 0.6114, 0.0852],
        [0.9669, 0.6974, 0.0858],
        [0.9276, 0.6524, 0.0969],
        [0.9534, 0.6163, 0.1097],
        [0.9668, 0.6263, 0.0962]], grad_fn=<SigmoidBackward0>)
223it [3:10:13, 311.79s/it]outputs:tensor([[ 2.8515,  0.5193, -2.3842],
        [ 3.0318,  0.9067, -2.3194],
        [ 2.6479,  0.3602, -1.8176],
        [ 2.5732,  0.6662, -1.7915],
        [ 3.1595,  0.6826, -2.2621],
        [ 3.4835,  0.5038, -2.6600],
        [ 2.9981,  0.5367, -2.1876],
        [ 2.8629,  0.5323, -1.8934]], grad_fn=<AddmmBackward0>)
targets:tensor([0, 1, 0, 2, 2, 1, 2, 1])
probs:tensor([[0.9454, 0.6270, 0.0844],
        [0.9540, 0.7123, 0.0895],
        [0.9339, 0.5891, 0.1397],
        [0.9291, 0.6607, 0.1429],
        [0.9593, 0.6643, 0.0943],
        [0.9702, 0.6234, 0.0654],
        [0.9525, 0.6310, 0.1009],
        [0.9460, 0.6300, 0.1309]], grad_fn=<SigmoidBackward0>)
224it [3:10:37, 225.44s/it]outputs:tensor([[ 3.1376,  0.6936, -2.3679],
        [ 2.8312,  0.8381, -1.9852],
        [ 3.0701,  0.5347, -2.1647],
        [ 3.2504,  0.4617, -2.0312],
        [ 3.1508,  0.5250, -2.2911],
        [ 3.3733,  0.6998, -2.2009],
        [ 3.6116,  1.0012, -2.1646],
        [ 2.8961,  0.8225, -2.0041]], grad_fn=<AddmmBackward0>)
targets:tensor([3, 0, 2, 2, 2, 1, 2, 3])
probs:tensor([[0.9584, 0.6668, 0.0857],
        [0.9443, 0.6981, 0.1208],
        [0.9556, 0.6306, 0.1030],
        [0.9627, 0.6134, 0.1160],
        [0.9589, 0.6283, 0.0919],
        [0.9669, 0.6681, 0.0997],
        [0.9737, 0.7313, 0.1030],
        [0.9477, 0.6948, 0.1188]], grad_fn=<SigmoidBackward0>)
225it [3:10:58, 164.31s/it]outputs:tensor([[ 3.1438,  0.5274, -2.1286],
        [ 2.9030,  0.4804, -2.2165],
        [ 3.3679,  0.8747, -2.4024],
        [ 2.9716,  0.6266, -2.1521],
        [ 2.9250,  0.5668, -1.9608],
        [ 2.6876,  0.6092, -1.8604],
        [ 2.5868,  0.4539, -2.5397],
        [ 3.1835,  0.4375, -2.5627]], grad_fn=<AddmmBackward0>)
targets:tensor([1, 0, 0, 1, 0, 1, 0, 0])
probs:tensor([[0.9587, 0.6289, 0.1063],
        [0.9480, 0.6179, 0.0983],
        [0.9667, 0.7057, 0.0830],
        [0.9513, 0.6517, 0.1041],
        [0.9491, 0.6380, 0.1234],
        [0.9363, 0.6478, 0.1347],
        [0.9300, 0.6116, 0.0731],
        [0.9602, 0.6077, 0.0716]], grad_fn=<SigmoidBackward0>)

Step: 225
Raw logits: tensor([ 3.1438,  0.5274, -2.1286], grad_fn=<SelectBackward0>)
Probabilities: tensor([0.9587, 0.6289, 0.1063], grad_fn=<SelectBackward0>)
Predictions distribution: [   4  128 1676    0]
Targets distribution: [484 635 534 155]
Loss: 3.1275386810302734
Training Accuracy per 5 steps: 29.86725663716814
226it [3:11:19, 121.10s/it]outputs:tensor([[ 3.0008,  0.7579, -2.2810],
        [ 2.9551,  0.5655, -2.4308],
        [ 2.9479,  0.4546, -2.0481],
        [ 3.3481,  0.7397, -2.3689],
        [ 3.0033,  0.6760, -1.9423],
        [ 2.9130,  0.3892, -2.1755],
        [ 3.1279,  0.8443, -2.0193],
        [ 2.8047,  0.4162, -2.2636]], grad_fn=<AddmmBackward0>)
targets:tensor([1, 2, 1, 1, 1, 1, 2, 3])
probs:tensor([[0.9526, 0.6809, 0.0927],
        [0.9505, 0.6377, 0.0809],
        [0.9502, 0.6117, 0.1142],
        [0.9660, 0.6769, 0.0856],
        [0.9527, 0.6629, 0.1254],
        [0.9485, 0.5961, 0.1020],
        [0.9580, 0.6994, 0.1172],
        [0.9429, 0.6026, 0.0942]], grad_fn=<SigmoidBackward0>)
227it [3:11:40, 91.28s/it] outputs:tensor([[ 2.6983,  0.1225, -2.1510],
        [ 2.6470,  0.8058, -1.9962],
        [ 3.4126,  1.0623, -2.2665],
        [ 2.8210,  0.5170, -1.8523],
        [ 3.1184,  0.7292, -2.3423],
        [ 2.6749,  0.3234, -2.0480],
        [ 2.6910,  0.4921, -2.0951],
        [ 3.1261,  0.7570, -2.4648]], grad_fn=<AddmmBackward0>)
targets:tensor([2, 2, 0, 1, 2, 1, 0, 1])
probs:tensor([[0.9369, 0.5306, 0.1042],
        [0.9338, 0.6912, 0.1196],
        [0.9681, 0.7431, 0.0939],
        [0.9438, 0.6264, 0.1356],
        [0.9576, 0.6746, 0.0877],
        [0.9355, 0.5802, 0.1143],
        [0.9365, 0.6206, 0.1096],
        [0.9580, 0.6807, 0.0784]], grad_fn=<SigmoidBackward0>)
228it [3:12:01, 70.00s/it]outputs:tensor([[ 2.4741,  0.4987, -1.9359],
        [ 2.7026,  0.5005, -2.2974],
        [ 3.0287,  0.5144, -2.4439],
        [ 2.3328,  0.7798, -1.9616],
        [ 3.0261,  0.7686, -2.1534],
        [ 2.5508,  0.6177, -2.0656],
        [ 2.6673,  0.5891, -2.4052],
        [ 2.9654,  0.6237, -2.3767]], grad_fn=<AddmmBackward0>)
targets:tensor([1, 1, 1, 1, 0, 2, 2, 2])
probs:tensor([[0.9223, 0.6222, 0.1261],
        [0.9372, 0.6226, 0.0913],
        [0.9539, 0.6258, 0.0799],
        [0.9116, 0.6856, 0.1233],
        [0.9537, 0.6832, 0.1040],
        [0.9276, 0.6497, 0.1125],
        [0.9351, 0.6432, 0.0828],
        [0.9510, 0.6511, 0.0850]], grad_fn=<SigmoidBackward0>)
229it [3:12:23, 55.75s/it]outputs:tensor([[ 3.0485,  0.4812, -2.1732],
        [ 3.3294,  0.7335, -2.7015],
        [ 3.1090,  0.7339, -2.3316],
        [ 2.8140,  0.5731, -2.3035],
        [ 3.0085,  0.8053, -2.1248],
        [ 3.2476,  0.6899, -2.4533],
        [ 2.8437,  0.5252, -2.1097],
        [ 2.7152,  0.6377, -2.2978]], grad_fn=<AddmmBackward0>)
targets:tensor([2, 1, 1, 0, 1, 2, 2, 0])
probs:tensor([[0.9547, 0.6180, 0.1022],
        [0.9654, 0.6756, 0.0629],
        [0.9573, 0.6757, 0.0885],
        [0.9434, 0.6395, 0.0908],
        [0.9530, 0.6911, 0.1067],
        [0.9626, 0.6659, 0.0792],
        [0.9450, 0.6284, 0.1082],
        [0.9379, 0.6542, 0.0913]], grad_fn=<SigmoidBackward0>)
230it [3:28:38, 331.57s/it]outputs:tensor([[ 2.2938,  0.2611, -1.9997],
        [ 2.4146,  0.4272, -2.1805],
        [ 2.7271,  0.5537, -2.1604],
        [ 2.9422,  0.4375, -2.0135],
        [ 2.8349,  0.8039, -2.1486],
        [ 2.4424,  0.0356, -1.9623],
        [ 2.8039,  0.7060, -2.1696],
        [ 2.7256,  0.4993, -2.2136]], grad_fn=<AddmmBackward0>)
targets:tensor([1, 2, 3, 3, 1, 0, 2, 0])
probs:tensor([[0.9084, 0.5649, 0.1192],
        [0.9179, 0.6052, 0.1015],
        [0.9386, 0.6350, 0.1034],
        [0.9499, 0.6077, 0.1178],
        [0.9445, 0.6908, 0.1045],
        [0.9200, 0.5089, 0.1232],
        [0.9429, 0.6695, 0.1025],
        [0.9385, 0.6223, 0.0985]], grad_fn=<SigmoidBackward0>)

Step: 230
Raw logits: tensor([ 2.2938,  0.2611, -1.9997], grad_fn=<SelectBackward0>)
Probabilities: tensor([0.9084, 0.5649, 0.1192], grad_fn=<SelectBackward0>)
Predictions distribution: [   4  128 1716    0]
Targets distribution: [491 652 547 158]
Loss: 2.7202372550964355
Training Accuracy per 5 steps: 29.924242424242426
231it [3:29:15, 243.21s/it]outputs:tensor([[ 2.8492,  0.2392, -2.1936],
        [ 2.6324,  0.5833, -2.1729],
        [ 2.4325,  0.4245, -1.8975],
        [ 2.8211,  0.5454, -2.2943],
        [ 2.9916,  0.7470, -1.8719],
        [ 2.4263,  0.7614, -2.3213],
        [ 2.7950,  0.5663, -2.3305],
        [ 3.4088,  0.5462, -2.3329]], grad_fn=<AddmmBackward0>)
targets:tensor([0, 0, 2, 2, 2, 0, 0, 3])
probs:tensor([[0.9453, 0.5595, 0.1003],
        [0.9329, 0.6418, 0.1022],
        [0.9193, 0.6046, 0.1304],
        [0.9438, 0.6331, 0.0916],
        [0.9522, 0.6785, 0.1333],
        [0.9188, 0.6816, 0.0894],
        [0.9424, 0.6379, 0.0886],
        [0.9680, 0.6332, 0.0884]], grad_fn=<SigmoidBackward0>)
232it [3:29:52, 181.14s/it]outputs:tensor([[ 2.6270,  0.6432, -2.1609],
        [ 2.6136,  0.2263, -2.0080],
        [ 2.1204,  0.1663, -1.8029],
        [ 2.7931,  0.1700, -2.3423],
        [ 2.7131,  0.0940, -2.1865],
        [ 2.3769,  0.2801, -2.0741],
        [ 2.7994,  0.3500, -2.0471],
        [ 2.5730,  0.6122, -2.3416]], grad_fn=<AddmmBackward0>)
targets:tensor([1, 3, 0, 0, 1, 0, 0, 1])
probs:tensor([[0.9326, 0.6555, 0.1033],
        [0.9317, 0.5563, 0.1184],
        [0.8929, 0.5415, 0.1415],
        [0.9423, 0.5424, 0.0877],
        [0.9378, 0.5235, 0.1010],
        [0.9150, 0.5696, 0.1116],
        [0.9426, 0.5866, 0.1143],
        [0.9291, 0.6485, 0.0877]], grad_fn=<SigmoidBackward0>)
233it [3:30:32, 138.85s/it]outputs:tensor([[ 2.3616,  0.6484, -2.1621],
        [ 2.3758,  0.1845, -2.0877],
        [ 2.4048,  0.5121, -2.4000],
        [ 2.6373,  0.8347, -2.1964],
        [ 2.5428,  0.3938, -1.9636],
        [ 3.1832,  0.6279, -2.3026],
        [ 2.5867,  0.6281, -2.0569],
        [ 2.2772,  0.3990, -2.0463]], grad_fn=<AddmmBackward0>)
targets:tensor([2, 0, 1, 2, 1, 1, 3, 2])
probs:tensor([[0.9139, 0.6567, 0.1032],
        [0.9150, 0.5460, 0.1103],
        [0.9172, 0.6253, 0.0832],
        [0.9332, 0.6973, 0.1001],
        [0.9271, 0.5972, 0.1231],
        [0.9602, 0.6520, 0.0909],
        [0.9300, 0.6521, 0.1134],
        [0.9070, 0.5984, 0.1144]], grad_fn=<SigmoidBackward0>)
234it [3:31:08, 108.12s/it]outputs:tensor([[ 2.8753,  0.4186, -2.3223],
        [ 2.4851,  0.1501, -1.8481],
        [ 2.1236,  0.4630, -1.7238],
        [ 2.7088,  0.2650, -2.1853],
        [ 2.4904,  0.1433, -2.1421],
        [ 1.8787,  0.1655, -2.1536],
        [ 2.5962,  0.0925, -2.1540],
        [ 1.9741,  0.1338, -1.8913]], grad_fn=<AddmmBackward0>)
targets:tensor([1, 0, 0, 2, 2, 3, 0, 2])
probs:tensor([[0.9466, 0.6032, 0.0893],
        [0.9231, 0.5374, 0.1361],
        [0.8932, 0.6137, 0.1514],
        [0.9375, 0.5659, 0.1011],
        [0.9235, 0.5358, 0.1051],
        [0.8675, 0.5413, 0.1040],
        [0.9306, 0.5231, 0.1040],
        [0.8781, 0.5334, 0.1311]], grad_fn=<SigmoidBackward0>)
235it [3:31:45, 86.78s/it] outputs:tensor([[ 2.4872,  0.2986, -1.8324],
        [ 2.2041,  0.4240, -1.8816],
        [ 2.9633,  0.2789, -2.1285],
        [ 1.8983,  0.1203, -1.9114],
        [ 2.6097,  0.1881, -1.9796],
        [ 2.8601,  0.6615, -2.4351],
        [ 2.7717,  0.7708, -2.2552],
        [ 2.3034,  0.3246, -1.9678]], grad_fn=<AddmmBackward0>)
targets:tensor([1, 0, 0, 0, 0, 0, 1, 1])
probs:tensor([[0.9232, 0.5741, 0.1380],
        [0.9006, 0.6045, 0.1322],
        [0.9509, 0.5693, 0.1064],
        [0.8697, 0.5300, 0.1288],
        [0.9315, 0.5469, 0.1214],
        [0.9458, 0.6596, 0.0805],
        [0.9411, 0.6837, 0.0949],
        [0.9092, 0.5804, 0.1226]], grad_fn=<SigmoidBackward0>)

Step: 235
Raw logits: tensor([ 2.4872,  0.2986, -1.8324], grad_fn=<SelectBackward0>)
Probabilities: tensor([0.9232, 0.5741, 0.1380], grad_fn=<SelectBackward0>)
Predictions distribution: [   4  128 1756    0]
Targets distribution: [508 662 556 162]
Loss: 2.798496723175049
Training Accuracy per 5 steps: 29.766949152542374
236it [3:32:20, 71.20s/it]outputs:tensor([[ 2.0870,  0.3236, -1.8982],
        [ 2.5070,  0.3173, -2.0328],
        [ 2.1834,  0.3652, -1.9789],
        [ 2.6912,  0.6120, -2.3422],
        [ 1.8841,  0.4877, -1.6645],
        [ 1.6190,  0.0592, -1.8836],
        [ 2.2279,  0.0923, -2.1134],
        [ 2.0873,  0.5974, -1.8078]], grad_fn=<AddmmBackward0>)
targets:tensor([2, 1, 0, 1, 0, 0, 0, 2])
probs:tensor([[0.8896, 0.5802, 0.1303],
        [0.9246, 0.5787, 0.1158],
        [0.8987, 0.5903, 0.1214],
        [0.9365, 0.6484, 0.0877],
        [0.8681, 0.6196, 0.1592],
        [0.8347, 0.5148, 0.1320],
        [0.9027, 0.5231, 0.1078],
        [0.8897, 0.6451, 0.1409]], grad_fn=<SigmoidBackward0>)
237it [3:32:51, 59.01s/it]outputs:tensor([[ 2.3759,  0.3916, -1.6708],
        [ 2.0537,  0.3361, -1.8640],
        [ 1.9138,  0.2005, -1.6874],
        [ 1.7617,  0.1342, -1.7663],
        [ 2.1073,  0.3193, -1.8040],
        [ 2.9945,  0.4623, -2.1524],
        [ 2.1359,  0.3979, -1.8566],
        [ 2.1486,  0.1288, -2.0107]], grad_fn=<AddmmBackward0>)
targets:tensor([1, 1, 2, 0, 3, 0, 1, 2])
probs:tensor([[0.9150, 0.5967, 0.1583],
        [0.8863, 0.5833, 0.1342],
        [0.8714, 0.5500, 0.1561],
        [0.8534, 0.5335, 0.1460],
        [0.8916, 0.5792, 0.1414],
        [0.9523, 0.6136, 0.1041],
        [0.8943, 0.5982, 0.1351],
        [0.8955, 0.5322, 0.1181]], grad_fn=<SigmoidBackward0>)
238it [3:48:15, 318.55s/it]outputs:tensor([[ 1.5017, -0.0622, -1.5776],
        [ 2.3260,  0.3472, -1.9520],
        [ 2.0436,  0.2788, -1.8295],
        [ 1.6789,  0.2065, -1.6848],
        [ 2.0656,  0.2359, -1.9294],
        [ 2.6645,  0.1287, -2.4667],
        [ 2.2216,  0.3399, -1.9362],
        [ 2.2174,  0.3007, -2.1343]], grad_fn=<AddmmBackward0>)
targets:tensor([2, 2, 2, 0, 1, 0, 1, 0])
probs:tensor([[0.8178, 0.4845, 0.1711],
        [0.9110, 0.5859, 0.1243],
        [0.8853, 0.5693, 0.1383],
        [0.8428, 0.5514, 0.1565],
        [0.8875, 0.5587, 0.1268],
        [0.9349, 0.5321, 0.0782],
        [0.9022, 0.5842, 0.1261],
        [0.9018, 0.5746, 0.1058]], grad_fn=<SigmoidBackward0>)
239it [3:48:37, 229.66s/it]outputs:tensor([[ 2.1907,  0.4025, -2.0047],
        [ 2.0948,  0.1956, -2.1252],
        [ 1.7293,  0.1238, -1.6953],
        [ 1.9295,  0.3160, -1.8045],
        [ 2.9599,  0.5921, -2.1755],
        [ 1.9474,  0.3502, -1.8996],
        [ 2.0332,  0.1344, -1.7650],
        [ 2.0237,  0.2772, -1.9183]], grad_fn=<AddmmBackward0>)
targets:tensor([0, 1, 1, 0, 2, 2, 1, 1])
probs:tensor([[0.8994, 0.5993, 0.1187],
        [0.8904, 0.5487, 0.1067],
        [0.8493, 0.5309, 0.1551],
        [0.8732, 0.5784, 0.1413],
        [0.9507, 0.6438, 0.1020],
        [0.8752, 0.5867, 0.1301],
        [0.8842, 0.5336, 0.1462],
        [0.8833, 0.5689, 0.1281]], grad_fn=<SigmoidBackward0>)
240it [4:05:33, 465.54s/it]outputs:tensor([[ 1.8078,  0.1009, -2.0409],
        [ 2.2384,  0.3055, -2.0210],
        [ 2.0767,  0.0591, -2.1505],
        [ 1.9786,  0.0952, -1.9524],
        [ 1.5639,  0.0243, -1.4582],
        [ 1.6133,  0.2367, -1.7579],
        [ 2.4234,  0.3665, -1.8952],
        [ 2.7643,  0.5331, -2.2410]], grad_fn=<AddmmBackward0>)
targets:tensor([1, 2, 1, 2, 0, 0, 1, 1])
probs:tensor([[0.8591, 0.5252, 0.1150],
        [0.9036, 0.5758, 0.1170],
        [0.8886, 0.5148, 0.1043],
        [0.8785, 0.5238, 0.1243],
        [0.8269, 0.5061, 0.1887],
        [0.8339, 0.5589, 0.1471],
        [0.9186, 0.5906, 0.1307],
        [0.9407, 0.6302, 0.0961]], grad_fn=<SigmoidBackward0>)

Step: 240
Raw logits: tensor([ 1.8078,  0.1009, -2.0409], grad_fn=<SelectBackward0>)
Probabilities: tensor([0.8591, 0.5252, 0.1150], grad_fn=<SelectBackward0>)
Predictions distribution: [   4  129 1795    0]
Targets distribution: [521 677 567 163]
Loss: 1.958970308303833
Training Accuracy per 5 steps: 29.66804979253112
241it [4:05:56, 332.76s/it]outputs:tensor([[ 1.7917,  0.2172, -1.9314],
        [ 2.6423,  0.5114, -2.1598],
        [ 2.0154,  0.3340, -1.6586],
        [ 1.6544,  0.1216, -1.8070],
        [ 1.9523,  0.1907, -1.7505],
        [ 2.3035, -0.0061, -2.2481],
        [ 1.7394, -0.1047, -1.7475],
        [ 2.5289,  0.3734, -2.4634]], grad_fn=<AddmmBackward0>)
targets:tensor([2, 3, 3, 0, 1, 0, 1, 2])
probs:tensor([[0.8571, 0.5541, 0.1266],
        [0.9335, 0.6251, 0.1034],
        [0.8824, 0.5827, 0.1599],
        [0.8395, 0.5304, 0.1410],
        [0.8757, 0.5475, 0.1480],
        [0.9092, 0.4985, 0.0955],
        [0.8506, 0.4738, 0.1484],
        [0.9261, 0.5923, 0.0785]], grad_fn=<SigmoidBackward0>)
242it [4:06:22, 240.70s/it]outputs:tensor([[ 2.2799e+00,  2.8926e-01, -2.3300e+00],
        [ 2.1876e+00,  1.3436e-01, -2.4660e+00],
        [ 2.2414e+00,  3.7442e-01, -1.8819e+00],
        [ 2.2470e+00,  2.8459e-01, -2.1245e+00],
        [ 2.5129e+00,  3.7379e-01, -1.9011e+00],
        [ 1.8390e+00,  3.8266e-02, -1.7561e+00],
        [ 1.9617e+00,  1.4776e-03, -1.8785e+00],
        [ 2.3270e+00,  2.6847e-01, -1.7508e+00]], grad_fn=<AddmmBackward0>)
targets:tensor([0, 0, 1, 1, 0, 1, 2, 1])
probs:tensor([[0.9072, 0.5718, 0.0887],
        [0.8991, 0.5335, 0.0783],
        [0.9039, 0.5925, 0.1322],
        [0.9044, 0.5707, 0.1067],
        [0.9250, 0.5924, 0.1300],
        [0.8628, 0.5096, 0.1473],
        [0.8767, 0.5004, 0.1326],
        [0.9111, 0.5667, 0.1479]], grad_fn=<SigmoidBackward0>)
243it [4:22:04, 451.24s/it]outputs:tensor([[ 2.2516,  0.2547, -2.1376],
        [ 1.9845, -0.0235, -2.4327],
        [ 1.9531,  0.4925, -2.3264],
        [ 2.4827,  0.4081, -1.9889],
        [ 2.5625, -0.1095, -2.3306],
        [ 2.4329,  0.3782, -2.3034],
        [ 2.1795,  0.0846, -2.1585],
        [ 2.5886,  0.4803, -2.0901]], grad_fn=<AddmmBackward0>)
targets:tensor([1, 2, 2, 3, 2, 0, 1, 1])
probs:tensor([[0.9048, 0.5633, 0.1055],
        [0.8792, 0.4941, 0.0807],
        [0.8758, 0.6207, 0.0890],
        [0.9229, 0.6006, 0.1204],
        [0.9284, 0.4726, 0.0886],
        [0.9193, 0.5934, 0.0908],
        [0.8984, 0.5211, 0.1035],
        [0.9301, 0.6178, 0.1101]], grad_fn=<SigmoidBackward0>)
244it [4:22:30, 323.65s/it]outputs:tensor([[ 2.1018,  0.0193, -2.3454],
        [ 2.2497,  0.1284, -2.2103],
        [ 2.5460,  0.4751, -2.1268],
        [ 2.3128,  0.5163, -2.1628],
        [ 2.6647,  0.3483, -2.5098],
        [ 2.7156,  0.1515, -2.1395],
        [ 2.7780,  0.4697, -2.1458],
        [ 2.2298,  0.1515, -2.3470]], grad_fn=<AddmmBackward0>)
targets:tensor([0, 1, 1, 3, 3, 1, 1, 0])
probs:tensor([[0.8911, 0.5048, 0.0874],
        [0.9046, 0.5320, 0.0988],
        [0.9273, 0.6166, 0.1065],
        [0.9099, 0.6263, 0.1031],
        [0.9349, 0.5862, 0.0752],
        [0.9379, 0.5378, 0.1053],
        [0.9415, 0.6153, 0.1047],
        [0.9029, 0.5378, 0.0873]], grad_fn=<SigmoidBackward0>)
245it [4:22:53, 233.22s/it]outputs:tensor([[ 2.8382,  0.2095, -2.0271],
        [ 2.8903,  0.2632, -2.2381],
        [ 2.6482,  0.0518, -2.6282],
        [ 2.5650,  0.1238, -2.3062],
        [ 2.6445,  0.6292, -2.0832],
        [ 2.2612,  0.1290, -2.4053],
        [ 2.6752,  0.3353, -2.1949],
        [ 2.8777,  0.3175, -2.1567]], grad_fn=<AddmmBackward0>)
targets:tensor([0, 0, 3, 0, 1, 0, 0, 0])
probs:tensor([[0.9447, 0.5522, 0.1164],
        [0.9474, 0.5654, 0.0964],
        [0.9339, 0.5129, 0.0673],
        [0.9286, 0.5309, 0.0906],
        [0.9337, 0.6523, 0.1107],
        [0.9056, 0.5322, 0.0828],
        [0.9355, 0.5830, 0.1002],
        [0.9467, 0.5787, 0.1037]], grad_fn=<SigmoidBackward0>)

Step: 245
Raw logits: tensor([ 2.8382,  0.2095, -2.0271], grad_fn=<SelectBackward0>)
Probabilities: tensor([0.9447, 0.5522, 0.1164], grad_fn=<SelectBackward0>)
Predictions distribution: [   4  133 1831    0]
Targets distribution: [535 691 573 169]
Loss: 3.6092422008514404
Training Accuracy per 5 steps: 29.31910569105691
246it [4:23:17, 170.55s/it]outputs:tensor([[ 2.9305,  0.2823, -2.2243],
        [ 2.6524,  0.1456, -2.1038],
        [ 2.7540,  0.2461, -2.0554],
        [ 2.7935, -0.0399, -2.2941],
        [ 2.5619,  0.0518, -2.3452],
        [ 2.7018,  0.1046, -2.2175],
        [ 1.9674,  0.0688, -2.1500],
        [ 2.3415,  0.0128, -2.2160]], grad_fn=<AddmmBackward0>)
targets:tensor([1, 0, 2, 2, 0, 1, 2, 0])
probs:tensor([[0.9493, 0.5701, 0.0976],
        [0.9342, 0.5363, 0.1087],
        [0.9401, 0.5612, 0.1135],
        [0.9423, 0.4900, 0.0916],
        [0.9284, 0.5130, 0.0875],
        [0.9371, 0.5261, 0.0982],
        [0.8773, 0.5172, 0.1043],
        [0.9123, 0.5032, 0.0983]], grad_fn=<SigmoidBackward0>)
247it [4:23:40, 126.21s/it]outputs:tensor([[ 2.8071,  0.3088, -2.3453],
        [ 2.6548,  0.0258, -2.5871],
        [ 2.2673, -0.0729, -2.2571],
        [ 3.0431,  0.1133, -2.3167],
        [ 2.4639, -0.1608, -2.1664],
        [ 2.6176,  0.1093, -2.3341],
        [ 2.1944,  0.0207, -2.3855],
        [ 2.8671, -0.1758, -2.3981]], grad_fn=<AddmmBackward0>)
targets:tensor([1, 1, 0, 1, 1, 0, 1, 1])
probs:tensor([[0.9431, 0.5766, 0.0874],
        [0.9343, 0.5064, 0.0700],
        [0.9061, 0.4818, 0.0947],
        [0.9545, 0.5283, 0.0897],
        [0.9216, 0.4599, 0.1028],
        [0.9320, 0.5273, 0.0883],
        [0.8997, 0.5052, 0.0843],
        [0.9462, 0.4562, 0.0833]], grad_fn=<SigmoidBackward0>)
248it [4:24:02, 95.08s/it] outputs:tensor([[ 2.4944,  0.1435, -2.4764],
        [ 2.3069, -0.1957, -2.2868],
        [ 2.0369, -0.3624, -1.9202],
        [ 2.6449,  0.1950, -1.9990],
        [ 2.4744, -0.0264, -2.2351],
        [ 2.4040,  0.0732, -2.2714],
        [ 2.4112, -0.0779, -2.3342],
        [ 2.6219,  0.2022, -1.9587]], grad_fn=<AddmmBackward0>)
targets:tensor([2, 1, 0, 2, 0, 1, 2, 0])
probs:tensor([[0.9238, 0.5358, 0.0775],
        [0.9094, 0.4512, 0.0922],
        [0.8846, 0.4104, 0.1278],
        [0.9337, 0.5486, 0.1193],
        [0.9223, 0.4934, 0.0966],
        [0.9171, 0.5183, 0.0935],
        [0.9177, 0.4805, 0.0883],
        [0.9323, 0.5504, 0.1236]], grad_fn=<SigmoidBackward0>)
249it [4:40:17, 359.06s/it]outputs:tensor([[ 2.5024, -0.0261, -2.2966],
        [ 2.8354, -0.0676, -2.4900],
        [ 2.4500,  0.2396, -2.4303],
        [ 2.5900,  0.0276, -2.3732],
        [ 2.2565, -0.3284, -2.1705],
        [ 2.9456,  0.2191, -2.4260],
        [ 2.4083, -0.0451, -2.0755],
        [ 2.3017,  0.0948, -2.1052]], grad_fn=<AddmmBackward0>)
targets:tensor([2, 1, 2, 2, 1, 1, 0, 0])
probs:tensor([[0.9243, 0.4935, 0.0914],
        [0.9446, 0.4831, 0.0766],
        [0.9206, 0.5596, 0.0809],
        [0.9302, 0.5069, 0.0852],
        [0.9052, 0.4186, 0.1024],
        [0.9501, 0.5545, 0.0812],
        [0.9175, 0.4887, 0.1115],
        [0.9090, 0.5237, 0.1086]], grad_fn=<SigmoidBackward0>)
250it [4:40:43, 259.16s/it]outputs:tensor([[ 2.3591,  0.0699, -2.1076],
        [ 2.0980, -0.2398, -2.3167],
        [ 2.9009, -0.1595, -2.7360],
        [ 2.1010, -0.0887, -2.1292],
        [ 2.5578, -0.1887, -2.2632],
        [ 2.4781, -0.1082, -2.1902],
        [ 2.6647, -0.1713, -2.2732],
        [ 2.8501, -0.1534, -2.5795]], grad_fn=<AddmmBackward0>)
targets:tensor([2, 2, 1, 2, 2, 1, 1, 3])
probs:tensor([[0.9137, 0.5175, 0.1084],
        [0.8907, 0.4403, 0.0897],
        [0.9479, 0.4602, 0.0609],
        [0.8910, 0.4778, 0.1063],
        [0.9281, 0.4530, 0.0942],
        [0.9226, 0.4730, 0.1006],
        [0.9349, 0.4573, 0.0934],
        [0.9453, 0.4617, 0.0705]], grad_fn=<SigmoidBackward0>)

Step: 250
Raw logits: tensor([ 2.3591,  0.0699, -2.1076], grad_fn=<SelectBackward0>)
Probabilities: tensor([0.9137, 0.5175, 0.1084], grad_fn=<SelectBackward0>)
Predictions distribution: [   4  152 1852    0]
Targets distribution: [545 707 586 170]
Loss: 2.2893543243408203
Training Accuracy per 5 steps: 29.48207171314741
251it [4:41:06, 188.25s/it]outputs:tensor([[ 2.7336e+00,  3.6854e-01, -2.2442e+00],
        [ 2.5465e+00,  8.5490e-02, -2.4601e+00],
        [ 2.4362e+00, -1.9526e-01, -2.5445e+00],
        [ 2.5112e+00,  1.1683e-01, -2.1873e+00],
        [ 2.7050e+00, -5.7155e-02, -2.3678e+00],
        [ 2.4744e+00,  1.0185e-01, -2.2424e+00],
        [ 3.0808e+00,  1.0563e-01, -2.6269e+00],
        [ 2.7135e+00, -2.1157e-03, -2.3840e+00]], grad_fn=<AddmmBackward0>)
targets:tensor([1, 1, 1, 2, 2, 3, 1, 1])
probs:tensor([[0.9390, 0.5911, 0.0959],
        [0.9273, 0.5214, 0.0787],
        [0.9195, 0.4513, 0.0728],
        [0.9249, 0.5292, 0.1009],
        [0.9373, 0.4857, 0.0857],
        [0.9223, 0.5254, 0.0960],
        [0.9561, 0.5264, 0.0674],
        [0.9378, 0.4995, 0.0844]], grad_fn=<SigmoidBackward0>)
252it [4:41:28, 138.46s/it]outputs:tensor([[ 2.7450,  0.0624, -2.2275],
        [ 2.3996, -0.2318, -2.2786],
        [ 2.9316,  0.2136, -2.8093],
        [ 2.7085,  0.0274, -2.1190],
        [ 2.9607,  0.1493, -2.5729],
        [ 2.7869,  0.0603, -2.5079],
        [ 2.5469, -0.1225, -2.4694],
        [ 2.9905,  0.1710, -2.3715]], grad_fn=<AddmmBackward0>)
targets:tensor([2, 1, 2, 3, 0, 1, 1, 1])
probs:tensor([[0.9396, 0.5156, 0.0973],
        [0.9168, 0.4423, 0.0929],
        [0.9494, 0.5532, 0.0568],
        [0.9375, 0.5068, 0.1073],
        [0.9508, 0.5373, 0.0709],
        [0.9420, 0.5151, 0.0753],
        [0.9274, 0.4694, 0.0780],
        [0.9521, 0.5426, 0.0854]], grad_fn=<SigmoidBackward0>)
253it [4:41:50, 103.49s/it]outputs:tensor([[ 2.5771,  0.1105, -2.4928],
        [ 2.8632,  0.0880, -2.3005],
        [ 2.6517, -0.1485, -2.1289],
        [ 2.5536, -0.4714, -2.3465],
        [ 2.5188,  0.0485, -2.4481],
        [ 3.0774,  0.0095, -2.1869],
        [ 2.8239, -0.0958, -2.5057],
        [ 2.6561, -0.0212, -2.5900]], grad_fn=<AddmmBackward0>)
targets:tensor([0, 1, 1, 1, 0, 1, 0, 3])
probs:tensor([[0.9294, 0.5276, 0.0764],
        [0.9460, 0.5220, 0.0911],
        [0.9341, 0.4629, 0.1063],
        [0.9278, 0.3843, 0.0873],
        [0.9255, 0.5121, 0.0796],
        [0.9559, 0.5024, 0.1009],
        [0.9440, 0.4761, 0.0755],
        [0.9344, 0.4947, 0.0698]], grad_fn=<SigmoidBackward0>)
254it [4:42:11, 78.69s/it] outputs:tensor([[ 2.7375,  0.1763, -2.3919],
        [ 2.5289,  0.1368, -2.2136],
        [ 2.9908,  0.0976, -2.3770],
        [ 2.9212,  0.2475, -2.6282],
        [ 2.8469,  0.3687, -2.5381],
        [ 3.0983,  0.6029, -2.2671],
        [ 2.7449,  0.4973, -2.6107],
        [ 2.8270, -0.1459, -2.0731]], grad_fn=<AddmmBackward0>)
targets:tensor([1, 2, 2, 1, 1, 2, 3, 3])
probs:tensor([[0.9392, 0.5439, 0.0838],
        [0.9261, 0.5341, 0.0985],
        [0.9522, 0.5244, 0.0849],
        [0.9489, 0.5616, 0.0673],
        [0.9452, 0.5912, 0.0732],
        [0.9568, 0.6463, 0.0939],
        [0.9396, 0.6218, 0.0685],
        [0.9441, 0.4636, 0.1117]], grad_fn=<SigmoidBackward0>)
255it [4:42:34, 61.94s/it]outputs:tensor([[ 2.6749, -0.0390, -2.2755],
        [ 2.9377, -0.0632, -2.3705],
        [ 2.4740,  0.4062, -2.2087],
        [ 2.9443,  0.1179, -2.5238],
        [ 2.9214,  0.0773, -2.6099],
        [ 2.7741,  0.2741, -2.1879],
        [ 2.6682,  0.2355, -2.4241],
        [ 3.0868,  0.3640, -2.3983]], grad_fn=<AddmmBackward0>)
targets:tensor([1, 2, 1, 0, 0, 0, 2, 0])
probs:tensor([[0.9355, 0.4903, 0.0932],
        [0.9497, 0.4842, 0.0855],
        [0.9223, 0.6002, 0.0990],
        [0.9500, 0.5294, 0.0742],
        [0.9489, 0.5193, 0.0685],
        [0.9413, 0.5681, 0.1008],
        [0.9351, 0.5586, 0.0813],
        [0.9563, 0.5900, 0.0833]], grad_fn=<SigmoidBackward0>)

Step: 255
Raw logits: tensor([ 2.6749, -0.0390, -2.2755], grad_fn=<SelectBackward0>)
Probabilities: tensor([0.9355, 0.4903, 0.0932], grad_fn=<SelectBackward0>)
Predictions distribution: [   4  164 1880    0]
Targets distribution: [553 725 595 175]
Loss: 2.745807409286499
Training Accuracy per 5 steps: 29.58984375
256it [4:42:54, 49.48s/it]outputs:tensor([[ 3.0205,  0.3437, -2.2281],
        [ 2.5937,  0.0815, -2.5205],
        [ 2.8571, -0.3293, -2.5537],
        [ 3.1470,  0.5762, -2.2208],
        [ 2.7812, -0.0712, -2.2532],
        [ 2.7044,  0.2698, -1.9163],
        [ 2.6985,  0.1063, -2.2550],
        [ 2.8098,  0.4261, -2.1537]], grad_fn=<AddmmBackward0>)
targets:tensor([1, 1, 0, 1, 2, 1, 2, 2])
probs:tensor([[0.9535, 0.5851, 0.0973],
        [0.9305, 0.5204, 0.0744],
        [0.9457, 0.4184, 0.0722],
        [0.9588, 0.6402, 0.0979],
        [0.9417, 0.4822, 0.0951],
        [0.9373, 0.5670, 0.1283],
        [0.9369, 0.5265, 0.0949],
        [0.9432, 0.6050, 0.1040]], grad_fn=<SigmoidBackward0>)
257it [4:43:16, 41.20s/it]outputs:tensor([[ 2.9361,  0.3104, -2.1388],
        [ 2.4670, -0.1279, -2.1008],
        [ 2.8378, -0.0228, -2.5072],
        [ 2.4954,  0.3564, -1.9403],
        [ 2.8978,  0.3220, -2.2781],
        [ 2.8420,  0.2587, -2.4117],
        [ 3.0129,  0.3895, -2.3132],
        [ 2.9982, -0.0156, -2.7237]], grad_fn=<AddmmBackward0>)
targets:tensor([2, 1, 2, 0, 0, 0, 1, 2])
probs:tensor([[0.9496, 0.5770, 0.1054],
        [0.9218, 0.4681, 0.1090],
        [0.9447, 0.4943, 0.0754],
        [0.9238, 0.5882, 0.1256],
        [0.9477, 0.5798, 0.0930],
        [0.9449, 0.5643, 0.0823],
        [0.9532, 0.5962, 0.0900],
        [0.9525, 0.4961, 0.0616]], grad_fn=<SigmoidBackward0>)
258it [4:43:38, 35.33s/it]outputs:tensor([[ 2.6426,  0.0597, -2.2931],
        [ 2.5286, -0.3819, -2.5018],
        [ 2.3596, -0.2274, -2.4663],
        [ 3.1237,  0.3121, -2.4507],
        [ 2.2849,  0.3180, -2.0403],
        [ 2.8374,  0.4546, -2.1076],
        [ 2.6227,  0.3298, -2.2469],
        [ 2.6100,  0.3993, -2.0075]], grad_fn=<AddmmBackward0>)
targets:tensor([0, 2, 0, 1, 2, 0, 1, 2])
probs:tensor([[0.9336, 0.5149, 0.0917],
        [0.9261, 0.4057, 0.0757],
        [0.9137, 0.4434, 0.0783],
        [0.9579, 0.5774, 0.0794],
        [0.9076, 0.5788, 0.1150],
        [0.9447, 0.6117, 0.1084],
        [0.9323, 0.5817, 0.0956],
        [0.9315, 0.5985, 0.1184]], grad_fn=<SigmoidBackward0>)
259it [4:44:00, 31.27s/it]outputs:tensor([[ 2.8524,  0.3532, -2.0427],
        [ 2.5798,  0.3090, -1.8737],
        [ 3.0306,  0.2556, -2.2420],
        [ 2.8932,  0.4907, -1.9604],
        [ 2.5046,  0.2814, -2.0014],
        [ 2.7095,  0.0834, -2.3181],
        [ 3.1074,  0.4273, -2.3262],
        [ 2.9743,  0.4170, -2.4050]], grad_fn=<AddmmBackward0>)
targets:tensor([2, 2, 0, 1, 1, 2, 0, 2])
probs:tensor([[0.9454, 0.5874, 0.1148],
        [0.9295, 0.5766, 0.1331],
        [0.9539, 0.5635, 0.0960],
        [0.9475, 0.6203, 0.1234],
        [0.9245, 0.5699, 0.1191],
        [0.9376, 0.5208, 0.0896],
        [0.9572, 0.6052, 0.0890],
        [0.9514, 0.6028, 0.0828]], grad_fn=<SigmoidBackward0>)
260it [4:44:22, 28.55s/it]outputs:tensor([[ 2.6319,  0.1209, -2.5442],
        [ 2.9755,  0.5259, -2.5072],
        [ 2.6866,  0.1683, -2.2750],
        [ 2.6656,  0.1834, -1.8786],
        [ 2.6519,  0.5625, -2.0899],
        [ 2.8161,  0.4940, -2.2472],
        [ 2.8491,  0.6484, -2.4632],
        [ 2.7585,  0.6730, -2.3757]], grad_fn=<AddmmBackward0>)
targets:tensor([1, 1, 0, 1, 3, 2, 2, 1])
probs:tensor([[0.9329, 0.5302, 0.0728],
        [0.9515, 0.6285, 0.0754],
        [0.9362, 0.5420, 0.0932],
        [0.9350, 0.5457, 0.1326],
        [0.9341, 0.6370, 0.1101],
        [0.9435, 0.6211, 0.0956],
        [0.9453, 0.6567, 0.0785],
        [0.9404, 0.6622, 0.0850]], grad_fn=<SigmoidBackward0>)

Step: 260
Raw logits: tensor([ 2.6319,  0.1209, -2.5442], grad_fn=<SelectBackward0>)
Probabilities: tensor([0.9329, 0.5302, 0.0728], grad_fn=<SelectBackward0>)
Predictions distribution: [   4  171 1913    0]
Targets distribution: [563 739 610 176]
Loss: 1.9996159076690674
Training Accuracy per 5 steps: 29.597701149425287
261it [5:01:20, 325.61s/it]outputs:tensor([[ 2.5598,  0.4992, -2.0462],
        [ 2.7873,  0.3488, -2.2671],
        [ 2.4325,  0.4138, -2.1762],
        [ 2.4994,  0.3634, -2.1753],
        [ 2.4316,  0.3550, -2.1472],
        [ 2.2851,  0.3779, -2.1826],
        [ 2.7743,  0.0378, -2.2695],
        [ 2.6815,  0.3902, -2.1789]], grad_fn=<AddmmBackward0>)
targets:tensor([2, 1, 1, 2, 1, 1, 1, 1])
probs:tensor([[0.9282, 0.6223, 0.1144],
        [0.9420, 0.5863, 0.0939],
        [0.9193, 0.6020, 0.1019],
        [0.9241, 0.5899, 0.1020],
        [0.9192, 0.5878, 0.1046],
        [0.9076, 0.5934, 0.1013],
        [0.9413, 0.5095, 0.0937],
        [0.9359, 0.5963, 0.1017]], grad_fn=<SigmoidBackward0>)
262it [5:01:48, 236.17s/it]outputs:tensor([[ 2.4947,  0.4290, -2.3896],
        [ 2.8669,  0.4527, -2.3963],
        [ 2.9838,  0.4724, -2.1702],
        [ 2.6771,  0.6764, -2.5091],
        [ 2.7251,  0.4397, -2.1161],
        [ 2.5299,  0.2431, -2.5937],
        [ 2.9164,  0.2968, -2.2439],
        [ 2.7333,  0.1250, -2.4217]], grad_fn=<AddmmBackward0>)
targets:tensor([0, 1, 3, 1, 1, 0, 0, 1])
probs:tensor([[0.9238, 0.6056, 0.0840],
        [0.9462, 0.6113, 0.0835],
        [0.9518, 0.6160, 0.1025],
        [0.9357, 0.6629, 0.0752],
        [0.9385, 0.6082, 0.1075],
        [0.9262, 0.5605, 0.0695],
        [0.9487, 0.5737, 0.0959],
        [0.9390, 0.5312, 0.0815]], grad_fn=<SigmoidBackward0>)
263it [5:02:09, 171.51s/it]outputs:tensor([[ 3.0186e+00,  2.6860e-01, -2.2464e+00],
        [ 2.5784e+00,  2.1141e-03, -2.6722e+00],
        [ 2.8517e+00,  5.0676e-01, -2.0985e+00],
        [ 2.6950e+00,  3.3200e-01, -2.2626e+00],
        [ 3.1441e+00,  1.8367e-01, -2.5388e+00],
        [ 2.9022e+00,  1.8877e-01, -2.7102e+00],
        [ 3.1229e+00,  7.4139e-01, -2.2987e+00],
        [ 2.6953e+00,  2.1436e-01, -2.4093e+00]], grad_fn=<AddmmBackward0>)
targets:tensor([1, 1, 1, 1, 0, 1, 0, 1])
probs:tensor([[0.9534, 0.5667, 0.0957],
        [0.9295, 0.5005, 0.0646],
        [0.9454, 0.6240, 0.1092],
        [0.9367, 0.5822, 0.0943],
        [0.9587, 0.5458, 0.0732],
        [0.9480, 0.5471, 0.0624],
        [0.9578, 0.6773, 0.0912],
        [0.9368, 0.5534, 0.0825]], grad_fn=<SigmoidBackward0>)
264it [5:02:31, 126.65s/it]outputs:tensor([[ 3.3175,  0.4534, -2.6879],
        [ 3.0268,  0.0520, -2.5370],
        [ 2.8956, -0.1090, -2.0615],
        [ 2.8059,  0.0928, -2.2011],
        [ 3.1830,  0.5183, -2.3044],
        [ 2.7048,  0.0808, -2.3919],
        [ 2.8375,  0.3308, -2.3515],
        [ 2.7470, -0.0855, -2.2328]], grad_fn=<AddmmBackward0>)
targets:tensor([2, 1, 2, 1, 1, 0, 1, 3])
probs:tensor([[0.9650, 0.6114, 0.0637],
        [0.9538, 0.5130, 0.0733],
        [0.9476, 0.4728, 0.1129],
        [0.9430, 0.5232, 0.0997],
        [0.9602, 0.6268, 0.0908],
        [0.9373, 0.5202, 0.0838],
        [0.9447, 0.5819, 0.0869],
        [0.9397, 0.4786, 0.0968]], grad_fn=<SigmoidBackward0>)
265it [5:02:52, 95.02s/it] outputs:tensor([[ 2.6560,  0.4033, -2.7499],
        [ 2.6621,  0.2156, -2.3282],
        [ 2.6242,  0.1076, -2.6787],
        [ 2.9023,  0.1557, -2.5865],
        [ 3.1803,  0.3305, -2.5132],
        [ 2.8929,  0.4856, -2.1193],
        [ 2.6817, -0.3059, -2.2901],
        [ 2.4123, -0.1548, -2.6644]], grad_fn=<AddmmBackward0>)
targets:tensor([1, 0, 0, 3, 1, 1, 2, 2])
probs:tensor([[0.9344, 0.5995, 0.0601],
        [0.9348, 0.5537, 0.0888],
        [0.9324, 0.5269, 0.0642],
        [0.9480, 0.5389, 0.0700],
        [0.9601, 0.5819, 0.0749],
        [0.9475, 0.6191, 0.1072],
        [0.9359, 0.4241, 0.0919],
        [0.9178, 0.4614, 0.0651]], grad_fn=<SigmoidBackward0>)

Step: 265
Raw logits: tensor([ 2.6560,  0.4033, -2.7499], grad_fn=<SelectBackward0>)
Probabilities: tensor([0.9344, 0.5995, 0.0601], grad_fn=<SelectBackward0>)
Predictions distribution: [   4  175 1949    0]
Targets distribution: [571 762 616 179]
Loss: 2.615854501724243
Training Accuracy per 5 steps: 29.18233082706767
266it [5:03:13, 72.93s/it]outputs:tensor([[ 3.0070,  0.4876, -2.3934],
        [ 3.0391,  0.1201, -2.8941],
        [ 2.7759,  0.1920, -2.4391],
        [ 3.2894,  0.3004, -2.4393],
        [ 2.7857, -0.1284, -2.6104],
        [ 2.7231,  0.1762, -2.5110],
        [ 2.8837,  0.3139, -2.5137],
        [ 2.7104,  0.3627, -2.6491]], grad_fn=<AddmmBackward0>)
targets:tensor([2, 0, 1, 2, 2, 0, 1, 1])
probs:tensor([[0.9529, 0.6195, 0.0837],
        [0.9543, 0.5300, 0.0524],
        [0.9414, 0.5478, 0.0802],
        [0.9641, 0.5745, 0.0802],
        [0.9419, 0.4680, 0.0685],
        [0.9384, 0.5439, 0.0751],
        [0.9470, 0.5778, 0.0749],
        [0.9376, 0.5897, 0.0660]], grad_fn=<SigmoidBackward0>)
267it [5:03:33, 57.13s/it]outputs:tensor([[ 2.1884, -0.3086, -2.4073],
        [ 2.7515,  0.4435, -2.3473],
        [ 2.8878,  0.1402, -2.5783],
        [ 3.3280,  0.1855, -2.6493],
        [ 3.1394,  0.3356, -2.5649],
        [ 2.6504,  0.0149, -2.8432],
        [ 2.6553,  0.1251, -2.2937],
        [ 3.2179,  0.2621, -2.7243]], grad_fn=<AddmmBackward0>)
targets:tensor([0, 1, 2, 1, 2, 2, 2, 1])
probs:tensor([[0.8992, 0.4234, 0.0826],
        [0.9400, 0.6091, 0.0873],
        [0.9472, 0.5350, 0.0705],
        [0.9654, 0.5462, 0.0660],
        [0.9585, 0.5831, 0.0714],
        [0.9340, 0.5037, 0.0550],
        [0.9343, 0.5312, 0.0916],
        [0.9615, 0.5652, 0.0616]], grad_fn=<SigmoidBackward0>)
268it [5:19:19, 323.61s/it]outputs:tensor([[ 2.3938,  0.0339, -2.3882],
        [ 3.3687,  0.3628, -2.5606],
        [ 2.9678, -0.1204, -2.7760],
        [ 2.7343,  0.3938, -2.6728],
        [ 3.1086,  0.1144, -2.3097],
        [ 2.9985,  0.0469, -2.7181],
        [ 3.0112,  0.0081, -2.3634],
        [ 2.9168,  0.1634, -2.4543]], grad_fn=<AddmmBackward0>)
targets:tensor([0, 1, 1, 0, 2, 2, 1, 2])
probs:tensor([[0.9164, 0.5085, 0.0841],
        [0.9667, 0.5897, 0.0717],
        [0.9511, 0.4699, 0.0586],
        [0.9390, 0.5972, 0.0646],
        [0.9572, 0.5286, 0.0903],
        [0.9525, 0.5117, 0.0619],
        [0.9531, 0.5020, 0.0860],
        [0.9487, 0.5408, 0.0791]], grad_fn=<SigmoidBackward0>)
269it [5:19:57, 237.87s/it]outputs:tensor([[ 3.1311,  0.3229, -2.6231],
        [ 2.7253, -0.0285, -2.6662],
        [ 2.7934,  0.1755, -2.4085],
        [ 2.8357,  0.0891, -2.2833],
        [ 2.9276,  0.2884, -2.5110],
        [ 3.1428,  0.1785, -2.6317],
        [ 3.0655,  0.0928, -2.6099],
        [ 2.8003,  0.2494, -2.5552]], grad_fn=<AddmmBackward0>)
targets:tensor([1, 1, 1, 2, 2, 1, 1, 2])
probs:tensor([[0.9582, 0.5800, 0.0677],
        [0.9385, 0.4929, 0.0650],
        [0.9423, 0.5438, 0.0825],
        [0.9446, 0.5223, 0.0925],
        [0.9492, 0.5716, 0.0751],
        [0.9586, 0.5445, 0.0671],
        [0.9554, 0.5232, 0.0685],
        [0.9427, 0.5620, 0.0721]], grad_fn=<SigmoidBackward0>)
270it [5:20:32, 177.08s/it]outputs:tensor([[ 3.0802,  0.4323, -2.7179],
        [ 2.8026,  0.3779, -2.6840],
        [ 2.2806,  0.0812, -2.8417],
        [ 2.7329,  0.0127, -2.7677],
        [ 2.8935,  0.1065, -2.5902],
        [ 2.4507,  0.1267, -2.4370],
        [ 3.3906,  0.0902, -2.5722],
        [ 3.2936,  0.3368, -2.5112]], grad_fn=<AddmmBackward0>)
targets:tensor([2, 0, 2, 2, 1, 0, 1, 2])
probs:tensor([[0.9561, 0.6064, 0.0619],
        [0.9428, 0.5934, 0.0639],
        [0.9073, 0.5203, 0.0551],
        [0.9389, 0.5032, 0.0591],
        [0.9475, 0.5266, 0.0698],
        [0.9206, 0.5316, 0.0804],
        [0.9674, 0.5225, 0.0709],
        [0.9642, 0.5834, 0.0751]], grad_fn=<SigmoidBackward0>)

Step: 270
Raw logits: tensor([ 3.0802,  0.4323, -2.7179], grad_fn=<SelectBackward0>)
Probabilities: tensor([0.9561, 0.6064, 0.0619], grad_fn=<SelectBackward0>)
Predictions distribution: [   4  179 1985    0]
Targets distribution: [578 778 633 179]
Loss: 2.0642592906951904
Training Accuracy per 5 steps: 29.474169741697416
271it [5:21:08, 134.82s/it]outputs:tensor([[ 3.1687,  0.5017, -2.8279],
        [ 2.7119,  0.0799, -2.4598],
        [ 3.2000,  0.1132, -2.8590],
        [ 2.8775,  0.5210, -2.6432],
        [ 3.3334,  0.3968, -2.6676],
        [ 2.8135,  0.0448, -2.7534],
        [ 2.8283,  0.2020, -2.5495],
        [ 3.0744,  0.4340, -2.6346]], grad_fn=<AddmmBackward0>)
targets:tensor([2, 1, 3, 1, 3, 0, 2, 0])
probs:tensor([[0.9596, 0.6229, 0.0558],
        [0.9377, 0.5200, 0.0787],
        [0.9608, 0.5283, 0.0542],
        [0.9467, 0.6274, 0.0664],
        [0.9656, 0.5979, 0.0649],
        [0.9434, 0.5112, 0.0599],
        [0.9442, 0.5503, 0.0725],
        [0.9558, 0.6068, 0.0669]], grad_fn=<SigmoidBackward0>)
272it [5:21:41, 104.34s/it]outputs:tensor([[ 3.0156e+00,  2.1207e-01, -2.6898e+00],
        [ 2.9992e+00,  2.5263e-01, -2.9253e+00],
        [ 2.7314e+00, -8.7011e-02, -2.4999e+00],
        [ 2.9283e+00,  2.1453e-01, -2.0821e+00],
        [ 3.1800e+00,  2.1231e-01, -3.0477e+00],
        [ 2.9326e+00, -1.2542e-03, -2.7143e+00],
        [ 2.9909e+00,  3.2127e-01, -2.6781e+00],
        [ 3.1671e+00,  4.4642e-01, -2.3988e+00]], grad_fn=<AddmmBackward0>)
targets:tensor([1, 3, 0, 1, 0, 2, 0, 2])
probs:tensor([[0.9533, 0.5528, 0.0636],
        [0.9525, 0.5628, 0.0509],
        [0.9389, 0.4783, 0.0759],
        [0.9492, 0.5534, 0.1108],
        [0.9601, 0.5529, 0.0453],
        [0.9494, 0.4997, 0.0621],
        [0.9522, 0.5796, 0.0643],
        [0.9596, 0.6098, 0.0833]], grad_fn=<SigmoidBackward0>)
273it [5:38:01, 366.91s/it]outputs:tensor([[ 2.5858e+00,  2.3538e-01, -2.3472e+00],
        [ 2.8803e+00,  6.1237e-02, -2.4892e+00],
        [ 2.4687e+00,  1.8045e-01, -2.2610e+00],
        [ 2.2100e+00,  3.0192e-03, -2.4000e+00],
        [ 2.8426e+00,  3.8832e-01, -2.7044e+00],
        [ 2.9536e+00,  3.9890e-01, -2.3125e+00],
        [ 3.2877e+00,  1.8096e-01, -2.2991e+00],
        [ 2.8601e+00,  2.0509e-01, -2.3509e+00]], grad_fn=<AddmmBackward0>)
targets:tensor([3, 2, 2, 2, 2, 0, 2, 1])
probs:tensor([[0.9299, 0.5586, 0.0873],
        [0.9469, 0.5153, 0.0766],
        [0.9219, 0.5450, 0.0944],
        [0.9011, 0.5008, 0.0832],
        [0.9449, 0.5959, 0.0627],
        [0.9504, 0.5984, 0.0901],
        [0.9640, 0.5451, 0.0912],
        [0.9458, 0.5511, 0.0870]], grad_fn=<SigmoidBackward0>)
274it [5:54:30, 553.63s/it]outputs:tensor([[ 3.2312,  0.6246, -2.2465],
        [ 2.4995,  0.4294, -2.2515],
        [ 3.0809,  0.3554, -2.4648],
        [ 2.4879,  0.0607, -2.4731],
        [ 2.5908,  0.3044, -2.6035],
        [ 3.3959,  0.4319, -2.6659],
        [ 2.8076,  0.3092, -2.7958],
        [ 2.7375,  0.0440, -2.4366]], grad_fn=<AddmmBackward0>)
targets:tensor([2, 1, 2, 2, 0, 2, 2, 2])
probs:tensor([[0.9620, 0.6513, 0.0956],
        [0.9241, 0.6057, 0.0952],
        [0.9561, 0.5879, 0.0784],
        [0.9233, 0.5152, 0.0778],
        [0.9303, 0.5755, 0.0689],
        [0.9676, 0.6063, 0.0650],
        [0.9431, 0.5767, 0.0576],
        [0.9392, 0.5110, 0.0804]], grad_fn=<SigmoidBackward0>)
275it [5:54:58, 396.01s/it]outputs:tensor([[ 2.9666,  0.6251, -2.4017],
        [ 3.0460,  0.6356, -2.5301],
        [ 2.9044,  0.2876, -2.6256],
        [ 3.1176,  0.7996, -2.7126],
        [ 2.9023,  0.5559, -2.4939],
        [ 2.9411,  0.4560, -2.7020],
        [ 2.7313,  0.2230, -2.4233],
        [ 3.4268,  0.5236, -3.0213]], grad_fn=<AddmmBackward0>)
targets:tensor([2, 2, 3, 2, 0, 1, 3, 1])
probs:tensor([[0.9510, 0.6514, 0.0830],
        [0.9546, 0.6538, 0.0738],
        [0.9481, 0.5714, 0.0675],
        [0.9576, 0.6899, 0.0622],
        [0.9480, 0.6355, 0.0763],
        [0.9498, 0.6121, 0.0629],
        [0.9388, 0.5555, 0.0814],
        [0.9685, 0.6280, 0.0465]], grad_fn=<SigmoidBackward0>)

Step: 275
Raw logits: tensor([ 2.9666,  0.6251, -2.4017], grad_fn=<SelectBackward0>)
Probabilities: tensor([0.9510, 0.6514, 0.0830], grad_fn=<SelectBackward0>)
Predictions distribution: [   4  181 2023    0]
Targets distribution: [586 786 651 185]
Loss: 2.534062623977661
Training Accuracy per 5 steps: 29.71014492753623
276it [5:55:36, 288.51s/it]outputs:tensor([[ 2.4854,  0.5927, -2.0939],
        [ 2.8192,  0.5799, -2.6136],
        [ 3.2155,  0.7772, -2.7380],
        [ 2.9173,  0.2104, -2.3996],
        [ 2.7965,  0.3623, -2.5447],
        [ 2.6654,  0.5269, -2.4187],
        [ 2.9631,  0.8526, -2.5307],
        [ 2.9978,  0.3189, -2.9228]], grad_fn=<AddmmBackward0>)
targets:tensor([1, 0, 0, 0, 1, 1, 0, 2])
probs:tensor([[0.9231, 0.6440, 0.1097],
        [0.9437, 0.6411, 0.0683],
        [0.9614, 0.6851, 0.0608],
        [0.9487, 0.5524, 0.0832],
        [0.9425, 0.5896, 0.0728],
        [0.9350, 0.6288, 0.0818],
        [0.9509, 0.7011, 0.0737],
        [0.9525, 0.5791, 0.0510]], grad_fn=<SigmoidBackward0>)
277it [5:56:10, 212.03s/it]outputs:tensor([[ 3.0027,  0.5542, -2.7675],
        [ 3.2064,  0.6605, -2.7090],
        [ 3.0223,  0.7230, -2.3553],
        [ 2.8396,  0.4963, -2.4462],
        [ 2.9421,  0.4092, -2.6947],
        [ 2.5048,  0.3745, -2.2859],
        [ 2.8541,  0.6045, -2.5451],
        [ 2.8259,  0.5683, -2.5310]], grad_fn=<AddmmBackward0>)
targets:tensor([0, 1, 0, 2, 1, 2, 1, 0])
probs:tensor([[0.9527, 0.6351, 0.0591],
        [0.9611, 0.6594, 0.0624],
        [0.9536, 0.6733, 0.0866],
        [0.9448, 0.6216, 0.0797],
        [0.9499, 0.6009, 0.0633],
        [0.9245, 0.5926, 0.0923],
        [0.9455, 0.6467, 0.0728],
        [0.9441, 0.6384, 0.0737]], grad_fn=<SigmoidBackward0>)
278it [6:11:50, 430.50s/it]outputs:tensor([[ 3.0586,  0.8461, -2.7893],
        [ 2.2741,  0.7119, -2.3135],
        [ 2.5460,  0.7061, -2.4076],
        [ 3.2153,  0.9489, -2.8204],
        [ 3.1625,  0.7711, -2.4302],
        [ 2.8200,  0.5540, -2.5232],
        [ 3.0546,  0.6747, -2.6075],
        [ 2.9623,  0.7933, -2.6415]], grad_fn=<AddmmBackward0>)
targets:tensor([1, 1, 2, 1, 2, 1, 2, 0])
probs:tensor([[0.9552, 0.6998, 0.0579],
        [0.9067, 0.6708, 0.0900],
        [0.9273, 0.6695, 0.0826],
        [0.9614, 0.7209, 0.0562],
        [0.9594, 0.6838, 0.0809],
        [0.9437, 0.6351, 0.0742],
        [0.9550, 0.6625, 0.0687],
        [0.9508, 0.6885, 0.0665]], grad_fn=<SigmoidBackward0>)
279it [6:12:17, 309.54s/it]outputs:tensor([[ 2.7806,  0.7232, -2.1893],
        [ 2.7497,  0.9696, -2.3562],
        [ 2.7827,  0.9181, -2.5161],
        [ 3.0448,  0.5948, -2.4707],
        [ 2.6797,  0.5847, -2.2597],
        [ 2.7199,  0.3863, -2.3892],
        [ 2.5014,  0.6150, -2.6395],
        [ 2.8119,  0.7147, -2.2091]], grad_fn=<AddmmBackward0>)
targets:tensor([3, 3, 1, 0, 1, 3, 2, 0])
probs:tensor([[0.9416, 0.6733, 0.1007],
        [0.9399, 0.7250, 0.0866],
        [0.9417, 0.7147, 0.0747],
        [0.9546, 0.6445, 0.0779],
        [0.9358, 0.6422, 0.0945],
        [0.9382, 0.5954, 0.0840],
        [0.9242, 0.6491, 0.0666],
        [0.9433, 0.6714, 0.0989]], grad_fn=<SigmoidBackward0>)
280it [6:12:40, 223.50s/it]outputs:tensor([[ 2.6234,  0.7498, -2.5741],
        [ 3.3241,  0.8391, -2.4247],
        [ 3.1205,  0.7002, -2.6566],
        [ 2.9745,  0.7930, -2.5468],
        [ 2.6897,  0.8591, -2.2901],
        [ 2.8091,  0.7168, -2.6095],
        [ 2.7373,  0.6365, -2.6290],
        [ 2.9006,  0.7845, -2.5625]], grad_fn=<AddmmBackward0>)
targets:tensor([1, 1, 1, 2, 2, 0, 1, 1])
probs:tensor([[0.9324, 0.6791, 0.0708],
        [0.9652, 0.6983, 0.0813],
        [0.9577, 0.6682, 0.0656],
        [0.9514, 0.6885, 0.0726],
        [0.9364, 0.7025, 0.0919],
        [0.9432, 0.6719, 0.0685],
        [0.9392, 0.6540, 0.0673],
        [0.9479, 0.6867, 0.0716]], grad_fn=<SigmoidBackward0>)

Step: 280
Raw logits: tensor([ 2.6234,  0.7498, -2.5741], grad_fn=<SelectBackward0>)
Probabilities: tensor([0.9324, 0.6791, 0.0708], grad_fn=<SelectBackward0>)
Predictions distribution: [   4  181 2063    0]
Targets distribution: [597 803 660 188]
Loss: 1.740065574645996
Training Accuracy per 5 steps: 29.581850533807827
281it [6:13:03, 163.21s/it]outputs:tensor([[ 3.0240,  0.7911, -2.7903],
        [ 2.4667,  1.1022, -2.3724],
        [ 2.7210,  0.6203, -2.3639],
        [ 2.9017,  0.9691, -2.4249],
        [ 2.8203,  0.6892, -2.3225],
        [ 2.8613,  0.9771, -2.3247],
        [ 2.9699,  0.8446, -2.4474],
        [ 2.7264,  0.8588, -2.6700]], grad_fn=<AddmmBackward0>)
targets:tensor([0, 1, 1, 1, 0, 1, 2, 0])
probs:tensor([[0.9536, 0.6881, 0.0578],
        [0.9218, 0.7507, 0.0853],
        [0.9383, 0.6503, 0.0860],
        [0.9479, 0.7249, 0.0813],
        [0.9438, 0.6658, 0.0893],
        [0.9459, 0.7265, 0.0891],
        [0.9512, 0.6994, 0.0796],
        [0.9386, 0.7024, 0.0648]], grad_fn=<SigmoidBackward0>)
282it [6:13:25, 120.86s/it]outputs:tensor([[ 2.8910,  0.9233, -2.6782],
        [ 2.6920,  0.6479, -2.3932],
        [ 2.8017,  0.8385, -2.1395],
        [ 2.9863,  0.6374, -2.5855],
        [ 2.7744,  0.8202, -2.6618],
        [ 2.7074,  0.6565, -2.2709],
        [ 2.5705,  0.8311, -2.3727],
        [ 2.5092,  0.5566, -2.5211]], grad_fn=<AddmmBackward0>)
targets:tensor([2, 2, 3, 2, 0, 3, 1, 1])
probs:tensor([[0.9474, 0.7157, 0.0643],
        [0.9366, 0.6565, 0.0837],
        [0.9428, 0.6981, 0.1053],
        [0.9520, 0.6542, 0.0701],
        [0.9413, 0.6943, 0.0653],
        [0.9375, 0.6585, 0.0936],
        [0.9289, 0.6966, 0.0853],
        [0.9248, 0.6357, 0.0744]], grad_fn=<SigmoidBackward0>)
283it [6:13:47, 91.21s/it] outputs:tensor([[ 2.9603,  0.7999, -2.5733],
        [ 2.8730,  0.7264, -2.3257],
        [ 2.8642,  0.8310, -2.6460],
        [ 2.3423,  0.6226, -2.1656],
        [ 2.7920,  0.7808, -2.0605],
        [ 2.3169,  0.3491, -2.2699],
        [ 2.6678,  0.6500, -2.3763],
        [ 2.9783,  0.6575, -2.3383]], grad_fn=<AddmmBackward0>)
targets:tensor([0, 3, 2, 1, 1, 0, 2, 0])
probs:tensor([[0.9507, 0.6900, 0.0709],
        [0.9465, 0.6740, 0.0890],
        [0.9460, 0.6966, 0.0662],
        [0.9123, 0.6508, 0.1029],
        [0.9422, 0.6859, 0.1130],
        [0.9103, 0.5864, 0.0937],
        [0.9351, 0.6570, 0.0850],
        [0.9516, 0.6587, 0.0880]], grad_fn=<SigmoidBackward0>)
284it [6:29:16, 342.55s/it]outputs:tensor([[ 2.9350,  0.9627, -2.1725],
        [ 3.0840,  1.0300, -2.2097],
        [ 2.0609,  0.6165, -2.3494],
        [ 2.4337,  0.5287, -2.3026],
        [ 2.6689,  0.9147, -2.3597],
        [ 2.9051,  0.5712, -2.4811],
        [ 2.4835,  0.4476, -2.3151],
        [ 2.7361,  0.5556, -2.0081]], grad_fn=<AddmmBackward0>)
targets:tensor([2, 1, 1, 1, 1, 1, 1, 2])
probs:tensor([[0.9495, 0.7237, 0.1023],
        [0.9562, 0.7369, 0.0989],
        [0.8870, 0.6494, 0.0871],
        [0.9194, 0.6292, 0.0909],
        [0.9352, 0.7140, 0.0863],
        [0.9481, 0.6390, 0.0772],
        [0.9230, 0.6101, 0.0899],
        [0.9391, 0.6354, 0.1184]], grad_fn=<SigmoidBackward0>)
285it [6:29:40, 247.14s/it]outputs:tensor([[ 2.6456,  0.8560, -2.1622],
        [ 2.7983,  0.7458, -2.1138],
        [ 2.9364,  0.8136, -2.4023],
        [ 2.8930,  0.6040, -2.4970],
        [ 3.1191,  0.5448, -2.7820],
        [ 3.2255,  0.9442, -2.4288],
        [ 2.8469,  0.7087, -2.4712],
        [ 2.3057,  0.7360, -2.2749]], grad_fn=<AddmmBackward0>)
targets:tensor([0, 1, 1, 2, 1, 0, 1, 2])
probs:tensor([[0.9337, 0.7018, 0.1032],
        [0.9426, 0.6783, 0.1078],
        [0.9496, 0.6929, 0.0830],
        [0.9475, 0.6466, 0.0761],
        [0.9577, 0.6329, 0.0583],
        [0.9618, 0.7200, 0.0810],
        [0.9452, 0.6701, 0.0779],
        [0.9094, 0.6761, 0.0932]], grad_fn=<SigmoidBackward0>)

Step: 285
Raw logits: tensor([ 2.6456,  0.8560, -2.1622], grad_fn=<SelectBackward0>)
Probabilities: tensor([0.9337, 0.7018, 0.1032], grad_fn=<SelectBackward0>)
Predictions distribution: [   4  181 2103    0]
Targets distribution: [606 821 670 191]
Loss: 2.175689697265625
Training Accuracy per 5 steps: 29.501748251748253
286it [6:30:02, 179.70s/it]outputs:tensor([[ 2.7234,  0.6786, -2.2072],
        [ 2.5769,  0.8067, -2.3028],
        [ 2.6677,  0.9020, -2.2265],
        [ 2.9176,  0.5484, -2.2740],
        [ 2.5933,  0.4185, -2.3572],
        [ 2.5595,  0.5690, -2.4620],
        [ 2.3135,  0.5612, -2.2927],
        [ 2.9546,  0.9489, -2.4999]], grad_fn=<AddmmBackward0>)
targets:tensor([3, 2, 2, 2, 3, 2, 0, 2])
probs:tensor([[0.9384, 0.6634, 0.0991],
        [0.9294, 0.6914, 0.0909],
        [0.9351, 0.7114, 0.0974],
        [0.9487, 0.6338, 0.0933],
        [0.9304, 0.6031, 0.0865],
        [0.9282, 0.6385, 0.0786],
        [0.9100, 0.6367, 0.0917],
        [0.9505, 0.7209, 0.0759]], grad_fn=<SigmoidBackward0>)
287it [6:30:24, 132.31s/it]outputs:tensor([[ 2.8816,  0.6217, -2.4371],
        [ 2.4615,  0.3450, -2.0631],
        [ 2.6468,  0.5858, -2.3407],
        [ 2.6245,  0.5640, -2.2692],
        [ 2.8483,  0.7687, -2.2766],
        [ 2.9026,  0.6550, -2.2551],
        [ 3.0501,  0.5288, -2.3726],
        [ 2.3265,  0.5559, -2.1494]], grad_fn=<AddmmBackward0>)
targets:tensor([2, 0, 1, 0, 0, 1, 1, 0])
probs:tensor([[0.9469, 0.6506, 0.0804],
        [0.9214, 0.5854, 0.1127],
        [0.9338, 0.6424, 0.0878],
        [0.9324, 0.6374, 0.0937],
        [0.9452, 0.6832, 0.0931],
        [0.9480, 0.6581, 0.0949],
        [0.9548, 0.6292, 0.0853],
        [0.9111, 0.6355, 0.1044]], grad_fn=<SigmoidBackward0>)
288it [6:30:47, 99.45s/it] outputs:tensor([[ 2.2990,  0.3890, -2.2791],
        [ 3.3421,  0.6278, -2.2918],
        [ 2.9215,  0.6373, -2.5634],
        [ 3.0897,  0.5290, -2.0954],
        [ 2.8285,  0.5952, -2.1871],
        [ 3.0404,  0.8636, -2.3837],
        [ 2.3195,  0.4074, -2.4684],
        [ 2.7849,  1.0358, -2.2693]], grad_fn=<AddmmBackward0>)
targets:tensor([0, 1, 0, 2, 0, 1, 1, 2])
probs:tensor([[0.9088, 0.5960, 0.0929],
        [0.9658, 0.6520, 0.0918],
        [0.9489, 0.6541, 0.0715],
        [0.9565, 0.6293, 0.1095],
        [0.9442, 0.6446, 0.1009],
        [0.9544, 0.7034, 0.0844],
        [0.9105, 0.6005, 0.0781],
        [0.9419, 0.7380, 0.0937]], grad_fn=<SigmoidBackward0>)
289it [6:31:08, 75.80s/it]outputs:tensor([[ 2.8113,  0.8686, -2.3067],
        [ 2.3938,  0.6417, -2.1316],
        [ 2.3819,  0.2898, -2.0713],
        [ 3.0219,  0.3353, -2.5845],
        [ 2.7515,  0.6154, -2.2697],
        [ 2.6469,  0.4094, -2.3041],
        [ 2.7295,  0.5383, -2.2724],
        [ 2.3845,  0.3097, -2.1333]], grad_fn=<AddmmBackward0>)
targets:tensor([1, 2, 2, 0, 1, 2, 0, 1])
probs:tensor([[0.9433, 0.7045, 0.0906],
        [0.9164, 0.6551, 0.1061],
        [0.9154, 0.5719, 0.1119],
        [0.9536, 0.5830, 0.0701],
        [0.9400, 0.6492, 0.0937],
        [0.9338, 0.6010, 0.0908],
        [0.9387, 0.6314, 0.0934],
        [0.9156, 0.5768, 0.1059]], grad_fn=<SigmoidBackward0>)
290it [6:31:30, 59.70s/it]outputs:tensor([[ 2.9485,  0.5267, -2.1329],
        [ 2.4058,  0.5001, -2.3093],
        [ 2.5555,  0.7858, -2.2720],
        [ 2.6362,  0.9165, -2.2656],
        [ 2.6335,  0.5619, -1.9446],
        [ 2.9414,  0.6404, -2.5580],
        [ 2.9416,  0.6253, -2.6586],
        [ 2.6865,  0.4921, -2.3697]], grad_fn=<AddmmBackward0>)
targets:tensor([2, 0, 0, 0, 2, 2, 2, 0])
probs:tensor([[0.9502, 0.6287, 0.1059],
        [0.9173, 0.6225, 0.0904],
        [0.9279, 0.6869, 0.0935],
        [0.9332, 0.7143, 0.0940],
        [0.9330, 0.6369, 0.1251],
        [0.9499, 0.6548, 0.0719],
        [0.9499, 0.6514, 0.0655],
        [0.9362, 0.6206, 0.0855]], grad_fn=<SigmoidBackward0>)

Step: 290
Raw logits: tensor([ 2.9485,  0.5267, -2.1329], grad_fn=<SelectBackward0>)
Probabilities: tensor([0.9502, 0.6287, 0.1059], grad_fn=<SelectBackward0>)
Predictions distribution: [   4  181 2143    0]
Targets distribution: [620 830 685 193]
Loss: 2.639068365097046
Training Accuracy per 5 steps: 29.63917525773196
291it [6:31:52, 48.52s/it]outputs:tensor([[ 2.4103,  0.6075, -2.3995],
        [ 2.6397,  0.2794, -2.4534],
        [ 3.1076,  0.5121, -2.4392],
        [ 2.9775,  0.6091, -2.4996],
        [ 2.6130,  0.6324, -2.5193],
        [ 2.6872,  0.7365, -2.2051],
        [ 2.4938,  0.4980, -2.4161],
        [ 2.9758,  0.4974, -2.5991]], grad_fn=<AddmmBackward0>)
targets:tensor([2, 3, 0, 3, 2, 2, 1, 1])
probs:tensor([[0.9176, 0.6474, 0.0832],
        [0.9334, 0.5694, 0.0792],
        [0.9572, 0.6253, 0.0802],
        [0.9515, 0.6477, 0.0759],
        [0.9317, 0.6530, 0.0745],
        [0.9363, 0.6762, 0.0993],
        [0.9237, 0.6220, 0.0820],
        [0.9515, 0.6219, 0.0692]], grad_fn=<SigmoidBackward0>)
292it [6:32:14, 40.65s/it]outputs:tensor([[ 2.6334,  0.3116, -2.3577],
        [ 3.2820,  0.5757, -2.4399],
        [ 2.7163,  0.6501, -2.0636],
        [ 2.4226,  0.5148, -2.2152],
        [ 2.6687,  0.4511, -2.3140],
        [ 2.9032,  0.5087, -2.3985],
        [ 2.7005,  0.6042, -2.3207],
        [ 2.5991,  0.2367, -2.3593]], grad_fn=<AddmmBackward0>)
targets:tensor([3, 2, 1, 1, 1, 1, 1, 0])
probs:tensor([[0.9330, 0.5773, 0.0865],
        [0.9638, 0.6401, 0.0802],
        [0.9380, 0.6570, 0.1127],
        [0.9185, 0.6259, 0.0984],
        [0.9352, 0.6109, 0.0900],
        [0.9480, 0.6245, 0.0833],
        [0.9371, 0.6466, 0.0894],
        [0.9308, 0.5589, 0.0863]], grad_fn=<SigmoidBackward0>)
293it [6:32:36, 35.01s/it]outputs:tensor([[ 2.7306, -0.0899, -2.6797],
        [ 2.2485,  0.6519, -2.2296],
        [ 2.3745,  0.4099, -2.3325],
        [ 2.3921,  0.5194, -2.2862],
        [ 2.3434,  0.1753, -2.1550],
        [ 2.7972,  0.6216, -2.0478],
        [ 2.4158,  0.1959, -2.2024],
        [ 2.9439,  0.4774, -2.2261]], grad_fn=<AddmmBackward0>)
targets:tensor([1, 2, 1, 1, 1, 3, 2, 0])
probs:tensor([[0.9388, 0.4775, 0.0642],
        [0.9045, 0.6574, 0.0971],
        [0.9149, 0.6011, 0.0885],
        [0.9162, 0.6270, 0.0923],
        [0.9124, 0.5437, 0.1039],
        [0.9425, 0.6506, 0.1143],
        [0.9180, 0.5488, 0.0995],
        [0.9500, 0.6171, 0.0974]], grad_fn=<SigmoidBackward0>)
294it [6:32:57, 30.68s/it]outputs:tensor([[ 2.2016,  0.2792, -1.9679],
        [ 3.0140,  0.5367, -2.2980],
        [ 2.2559,  0.4331, -2.1119],
        [ 2.6060,  0.2206, -2.2512],
        [ 2.4726,  0.4545, -2.1702],
        [ 2.6134,  0.5043, -2.0887],
        [ 2.2403,  0.3726, -2.2549],
        [ 2.8803,  0.5562, -2.1402]], grad_fn=<AddmmBackward0>)
targets:tensor([3, 2, 1, 2, 0, 2, 1, 1])
probs:tensor([[0.9004, 0.5693, 0.1226],
        [0.9532, 0.6310, 0.0913],
        [0.9052, 0.6066, 0.1079],
        [0.9312, 0.5549, 0.0952],
        [0.9222, 0.6117, 0.1025],
        [0.9317, 0.6235, 0.1102],
        [0.9038, 0.5921, 0.0949],
        [0.9469, 0.6356, 0.1053]], grad_fn=<SigmoidBackward0>)
295it [6:33:18, 27.88s/it]outputs:tensor([[ 2.1455,  0.3800, -2.2427],
        [ 2.4965,  0.3029, -2.1174],
        [ 2.8139,  0.4246, -2.2840],
        [ 2.5190,  0.5544, -2.0795],
        [ 2.4180,  0.1773, -2.4638],
        [ 2.5786,  0.3554, -2.1921],
        [ 2.5029,  0.0869, -1.9313],
        [ 2.8061,  0.3467, -2.4119]], grad_fn=<AddmmBackward0>)
targets:tensor([3, 2, 1, 1, 2, 0, 1, 1])
probs:tensor([[0.8952, 0.5939, 0.0960],
        [0.9239, 0.5751, 0.1074],
        [0.9434, 0.6046, 0.0925],
        [0.9255, 0.6352, 0.1111],
        [0.9182, 0.5442, 0.0784],
        [0.9295, 0.5879, 0.1005],
        [0.9243, 0.5217, 0.1266],
        [0.9430, 0.5858, 0.0823]], grad_fn=<SigmoidBackward0>)

Step: 295
Raw logits: tensor([ 2.1455,  0.3800, -2.2427], grad_fn=<SelectBackward0>)
Probabilities: tensor([0.8952, 0.5939, 0.0960], grad_fn=<SelectBackward0>)
Predictions distribution: [   4  182 2182    0]
Targets distribution: [625 848 696 199]
Loss: 2.1976940631866455
Training Accuracy per 5 steps: 29.64527027027027
296it [6:36:38, 79.40s/it]outputs:tensor([[ 2.5403,  0.5254, -2.2392],
        [ 2.6097,  0.1707, -2.0032],
        [ 2.6572,  0.5793, -2.1496],
        [ 2.7619,  0.7200, -2.3471],
        [ 2.7698,  0.4705, -2.3441],
        [ 2.6656,  0.5566, -2.0888],
        [ 2.4345,  0.5189, -2.0155],
        [ 2.7321,  0.2605, -1.8834]], grad_fn=<AddmmBackward0>)
targets:tensor([2, 0, 0, 3, 2, 2, 0, 2])
probs:tensor([[0.9269, 0.6284, 0.0963],
        [0.9315, 0.5426, 0.1189],
        [0.9345, 0.6409, 0.1044],
        [0.9406, 0.6726, 0.0873],
        [0.9410, 0.6155, 0.0875],
        [0.9350, 0.6357, 0.1102],
        [0.9194, 0.6269, 0.1176],
        [0.9389, 0.5648, 0.1320]], grad_fn=<SigmoidBackward0>)
297it [6:37:03, 63.07s/it]outputs:tensor([[ 2.4153,  0.7285, -2.2423],
        [ 2.5950,  0.5385, -2.4147],
        [ 2.4532,  0.4876, -2.0534],
        [ 2.3837,  0.4894, -2.4661],
        [ 2.4728,  0.2849, -1.8640],
        [ 2.6375,  0.4907, -1.7875],
        [ 2.5271,  0.4795, -2.3243],
        [ 2.3292,  0.5779, -2.0861]], grad_fn=<AddmmBackward0>)
targets:tensor([1, 2, 1, 0, 2, 1, 0, 1])
probs:tensor([[0.9180, 0.6745, 0.0960],
        [0.9305, 0.6315, 0.0821],
        [0.9208, 0.6195, 0.1137],
        [0.9156, 0.6200, 0.0783],
        [0.9222, 0.5707, 0.1342],
        [0.9332, 0.6203, 0.1434],
        [0.9260, 0.6176, 0.0891],
        [0.9113, 0.6406, 0.1105]], grad_fn=<SigmoidBackward0>)
298it [6:37:26, 51.22s/it]outputs:tensor([[ 2.5123,  0.5792, -2.0289],
        [ 2.8751,  0.3320, -2.3429],
        [ 2.6574,  0.7819, -1.8570],
        [ 2.3778,  0.5425, -2.2294],
        [ 2.7495,  0.4775, -2.2107],
        [ 2.5501,  0.3295, -2.1297],
        [ 2.7721,  0.6006, -1.9108],
        [ 2.8250,  0.5146, -2.1366]], grad_fn=<AddmmBackward0>)
targets:tensor([0, 3, 2, 0, 0, 2, 0, 1])
probs:tensor([[0.9250, 0.6409, 0.1162],
        [0.9466, 0.5822, 0.0876],
        [0.9345, 0.6861, 0.1350],
        [0.9151, 0.6324, 0.0971],
        [0.9399, 0.6171, 0.0988],
        [0.9276, 0.5816, 0.1062],
        [0.9411, 0.6458, 0.1289],
        [0.9440, 0.6259, 0.1056]], grad_fn=<SigmoidBackward0>)
299it [6:37:47, 42.17s/it]outputs:tensor([[ 2.5942,  0.7320, -2.0408],
        [ 2.9008,  0.6576, -2.2159],
        [ 2.6173,  0.5780, -2.2661],
        [ 3.2987,  0.7857, -2.4205],
        [ 2.7518,  0.6519, -1.8455],
        [ 2.6157,  0.6001, -1.9759],
        [ 3.1559,  0.4471, -2.3220],
        [ 2.7307,  0.5741, -2.3298]], grad_fn=<AddmmBackward0>)
targets:tensor([3, 0, 0, 1, 0, 1, 2, 1])
probs:tensor([[0.9305, 0.6752, 0.1150],
        [0.9479, 0.6587, 0.0983],
        [0.9320, 0.6406, 0.0940],
        [0.9644, 0.6869, 0.0816],
        [0.9400, 0.6574, 0.1364],
        [0.9319, 0.6457, 0.1218],
        [0.9591, 0.6099, 0.0893],
        [0.9388, 0.6397, 0.0887]], grad_fn=<SigmoidBackward0>)
300it [6:38:09, 36.14s/it]outputs:tensor([[ 2.3993,  0.2884, -2.0808],
        [ 2.7109,  0.6422, -2.0648],
        [ 2.3952,  0.4848, -1.9315],
        [ 2.5772,  0.6950, -2.1572],
        [ 2.1767,  0.6669, -2.4339],
        [ 2.4389,  0.2242, -2.1826],
        [ 2.4124,  0.5778, -2.0042],
        [ 2.5009,  0.5379, -1.7402]], grad_fn=<AddmmBackward0>)
targets:tensor([1, 1, 0, 1, 0, 0, 0, 2])
probs:tensor([[0.9168, 0.5716, 0.1110],
        [0.9377, 0.6552, 0.1126],
        [0.9165, 0.6189, 0.1266],
        [0.9294, 0.6671, 0.1037],
        [0.8981, 0.6608, 0.0806],
        [0.9197, 0.5558, 0.1013],
        [0.9178, 0.6406, 0.1188],
        [0.9242, 0.6313, 0.1493]], grad_fn=<SigmoidBackward0>)

Step: 300
Raw logits: tensor([ 2.3993,  0.2884, -2.0808], grad_fn=<SelectBackward0>)
Probabilities: tensor([0.9168, 0.5716, 0.1110], grad_fn=<SelectBackward0>)
Predictions distribution: [   4  182 2222    0]
Targets distribution: [641 859 706 202]
Loss: 2.5343496799468994
Training Accuracy per 5 steps: 29.568106312292358
301it [6:38:29, 31.13s/it]outputs:tensor([[ 2.5896,  0.2989, -2.3220],
        [ 2.2151,  0.0981, -1.9215],
        [ 2.4472,  0.3330, -2.4806],
        [ 2.3555,  0.5700, -1.9534],
        [ 2.9105,  0.5855, -2.0741],
        [ 2.5781,  0.3490, -1.5448],
        [ 2.5648,  0.6189, -2.0359],
        [ 2.6680,  0.6251, -1.9334]], grad_fn=<AddmmBackward0>)
targets:tensor([0, 2, 2, 1, 0, 2, 1, 2])
probs:tensor([[0.9302, 0.5742, 0.0893],
        [0.9016, 0.5245, 0.1277],
        [0.9204, 0.5825, 0.0772],
        [0.9134, 0.6388, 0.1242],
        [0.9484, 0.6423, 0.1116],
        [0.9294, 0.5864, 0.1758],
        [0.9286, 0.6500, 0.1155],
        [0.9351, 0.6514, 0.1264]], grad_fn=<SigmoidBackward0>)
302it [6:38:50, 27.97s/it]outputs:tensor([[ 2.0212,  0.1070, -1.7976],
        [ 1.9867, -0.0121, -2.0246],
        [ 2.4628,  0.5710, -2.2160],
        [ 2.5514,  0.3464, -1.7815],
        [ 2.4416,  0.5158, -2.4786],
        [ 1.9810,  0.0466, -2.1558],
        [ 2.5771,  0.5054, -2.0910],
        [ 2.9073,  0.6254, -2.0417]], grad_fn=<AddmmBackward0>)
targets:tensor([2, 0, 0, 1, 1, 1, 1, 2])
probs:tensor([[0.8830, 0.5267, 0.1421],
        [0.8794, 0.4970, 0.1166],
        [0.9215, 0.6390, 0.0983],
        [0.9277, 0.5857, 0.1441],
        [0.9199, 0.6262, 0.0774],
        [0.8788, 0.5116, 0.1038],
        [0.9294, 0.6237, 0.1100],
        [0.9482, 0.6514, 0.1149]], grad_fn=<SigmoidBackward0>)
303it [6:55:39, 322.50s/it]outputs:tensor([[ 1.9768,  0.2367, -2.0207],
        [ 2.5744,  0.5271, -2.1482],
        [ 2.5336,  0.3483, -1.7673],
        [ 2.4005,  0.5696, -2.0304],
        [ 2.4109,  0.1833, -2.1432],
        [ 2.3424,  0.2672, -2.0356],
        [ 2.4457,  0.4406, -1.9312],
        [ 2.3006,  0.4245, -1.7530]], grad_fn=<AddmmBackward0>)
targets:tensor([1, 1, 1, 1, 1, 1, 2, 3])
probs:tensor([[0.8783, 0.5589, 0.1170],
        [0.9292, 0.6288, 0.1045],
        [0.9265, 0.5862, 0.1459],
        [0.9169, 0.6387, 0.1160],
        [0.9177, 0.5457, 0.1050],
        [0.9123, 0.5664, 0.1155],
        [0.9202, 0.6084, 0.1266],
        [0.9089, 0.6046, 0.1477]], grad_fn=<SigmoidBackward0>)
304it [6:56:04, 233.03s/it]outputs:tensor([[ 2.9315,  0.5511, -2.0989],
        [ 2.5049,  0.4716, -2.0106],
        [ 2.7153,  0.3624, -1.7253],
        [ 2.3272,  0.0904, -2.2299],
        [ 2.3370,  0.3760, -2.1697],
        [ 2.5872,  0.6287, -2.2467],
        [ 2.5129,  0.2449, -1.9302],
        [ 2.7717,  0.8434, -1.8378]], grad_fn=<AddmmBackward0>)
targets:tensor([2, 0, 1, 2, 0, 1, 1, 0])
probs:tensor([[0.9494, 0.6344, 0.1092],
        [0.9245, 0.6158, 0.1181],
        [0.9379, 0.5896, 0.1512],
        [0.9111, 0.5226, 0.0971],
        [0.9119, 0.5929, 0.1025],
        [0.9300, 0.6522, 0.0956],
        [0.9250, 0.5609, 0.1267],
        [0.9411, 0.6992, 0.1373]], grad_fn=<SigmoidBackward0>)
305it [6:56:27, 170.25s/it]outputs:tensor([[ 1.9643,  0.1380, -2.0548],
        [ 2.4870,  0.1816, -1.9248],
        [ 2.4279,  0.1436, -1.9283],
        [ 2.4988,  0.3201, -2.0737],
        [ 2.3433,  0.2190, -2.2413],
        [ 2.8436,  0.5862, -2.0408],
        [ 2.7414,  0.6138, -2.0576],
        [ 2.1941,  0.3086, -2.0912]], grad_fn=<AddmmBackward0>)
targets:tensor([3, 1, 1, 1, 0, 2, 3, 2])
probs:tensor([[0.8770, 0.5344, 0.1136],
        [0.9232, 0.5453, 0.1273],
        [0.9189, 0.5358, 0.1269],
        [0.9241, 0.5794, 0.1117],
        [0.9124, 0.5545, 0.0961],
        [0.9450, 0.6425, 0.1150],
        [0.9394, 0.6488, 0.1133],
        [0.8997, 0.5765, 0.1100]], grad_fn=<SigmoidBackward0>)

Step: 305
Raw logits: tensor([ 1.9643,  0.1380, -2.0548], grad_fn=<SelectBackward0>)
Probabilities: tensor([0.8770, 0.5344, 0.1136], grad_fn=<SelectBackward0>)
Predictions distribution: [   4  183 2261    0]
Targets distribution: [649 877 717 205]
Loss: 2.4759349822998047
Training Accuracy per 5 steps: 29.534313725490197
306it [6:56:50, 125.88s/it]outputs:tensor([[ 1.7237, -0.1338, -2.1445],
        [ 2.0297,  0.0534, -2.0850],
        [ 2.5880,  0.6293, -1.9832],
        [ 2.2007,  0.2079, -1.9993],
        [ 2.5659,  0.6103, -2.1206],
        [ 2.2674,  0.1166, -1.6805],
        [ 2.5310,  0.2585, -2.3471],
        [ 2.5580,  0.2961, -2.3424]], grad_fn=<AddmmBackward0>)
targets:tensor([1, 0, 1, 1, 2, 0, 0, 1])
probs:tensor([[0.8486, 0.4666, 0.1048],
        [0.8839, 0.5134, 0.1106],
        [0.9301, 0.6523, 0.1210],
        [0.9003, 0.5518, 0.1193],
        [0.9286, 0.6480, 0.1071],
        [0.9061, 0.5291, 0.1570],
        [0.9263, 0.5643, 0.0873],
        [0.9281, 0.5735, 0.0877]], grad_fn=<SigmoidBackward0>)
307it [6:57:11, 94.56s/it] outputs:tensor([[ 1.7400, -0.0461, -2.1614],
        [ 2.2752,  0.1998, -2.1841],
        [ 2.6439,  0.4987, -2.0706],
        [ 3.2807,  0.3114, -2.1760],
        [ 2.9055,  0.2552, -2.4894],
        [ 2.9838,  0.4055, -2.0070],
        [ 2.1381, -0.0455, -2.3174],
        [ 2.2861, -0.1678, -2.1789]], grad_fn=<AddmmBackward0>)
targets:tensor([1, 2, 1, 1, 1, 1, 2, 0])
probs:tensor([[0.8507, 0.4885, 0.1033],
        [0.9068, 0.5498, 0.1012],
        [0.9336, 0.6222, 0.1120],
        [0.9638, 0.5772, 0.1019],
        [0.9481, 0.5635, 0.0766],
        [0.9518, 0.6000, 0.1185],
        [0.8945, 0.4886, 0.0897],
        [0.9077, 0.4582, 0.1017]], grad_fn=<SigmoidBackward0>)
308it [6:57:34, 73.03s/it]outputs:tensor([[ 2.2951, -0.0658, -2.0915],
        [ 2.6345,  0.0539, -2.3875],
        [ 2.6980,  0.3589, -2.4331],
        [ 2.6254,  0.2697, -2.0134],
        [ 2.4341,  0.3257, -2.1822],
        [ 1.9320, -0.0415, -1.8879],
        [ 3.1016,  0.3497, -2.5712],
        [ 2.8184,  0.5037, -2.0514]], grad_fn=<AddmmBackward0>)
targets:tensor([0, 0, 1, 1, 1, 0, 1, 1])
probs:tensor([[0.9085, 0.4836, 0.1099],
        [0.9330, 0.5135, 0.0841],
        [0.9369, 0.5888, 0.0807],
        [0.9325, 0.5670, 0.1178],
        [0.9194, 0.5807, 0.1014],
        [0.8735, 0.4896, 0.1315],
        [0.9570, 0.5865, 0.0710],
        [0.9437, 0.6233, 0.1139]], grad_fn=<SigmoidBackward0>)
309it [6:57:53, 56.96s/it]outputs:tensor([[ 3.1021,  0.4331, -2.3449],
        [ 2.8719,  0.3180, -2.4654],
        [ 2.6774,  0.2154, -2.1525],
        [ 2.3520,  0.2122, -2.2758],
        [ 2.4912,  0.1653, -2.1198],
        [ 2.8360,  0.5275, -1.9243],
        [ 2.6519,  0.3456, -2.1891],
        [ 2.6766, -0.0549, -2.4361]], grad_fn=<AddmmBackward0>)
targets:tensor([1, 2, 2, 0, 1, 2, 1, 0])
probs:tensor([[0.9570, 0.6066, 0.0875],
        [0.9464, 0.5788, 0.0783],
        [0.9357, 0.5536, 0.1041],
        [0.9131, 0.5529, 0.0931],
        [0.9235, 0.5412, 0.1072],
        [0.9446, 0.6289, 0.1274],
        [0.9341, 0.5855, 0.1007],
        [0.9356, 0.4863, 0.0805]], grad_fn=<SigmoidBackward0>)
310it [7:14:15, 334.31s/it]outputs:tensor([[ 2.5594,  0.1245, -2.3683],
        [ 2.7337, -0.1061, -2.3522],
        [ 2.5274,  0.2295, -2.3391],
        [ 2.2671, -0.0976, -2.3530],
        [ 2.9351, -0.0742, -2.2532],
        [ 3.0192,  0.4073, -2.4303],
        [ 2.1182, -0.0642, -2.2947],
        [ 2.4975, -0.0059, -2.3395]], grad_fn=<AddmmBackward0>)
targets:tensor([0, 0, 0, 2, 1, 3, 0, 1])
probs:tensor([[0.9282, 0.5311, 0.0856],
        [0.9390, 0.4735, 0.0869],
        [0.9260, 0.5571, 0.0879],
        [0.9061, 0.4756, 0.0868],
        [0.9496, 0.4814, 0.0951],
        [0.9534, 0.6004, 0.0809],
        [0.8927, 0.4840, 0.0916],
        [0.9240, 0.4985, 0.0879]], grad_fn=<SigmoidBackward0>)

Step: 310
Raw logits: tensor([ 2.5594,  0.1245, -2.3683], grad_fn=<SelectBackward0>)
Probabilities: tensor([0.9282, 0.5311, 0.0856], grad_fn=<SelectBackward0>)
Predictions distribution: [   4  195 2289    0]
Targets distribution: [662 896 724 206]
Loss: 2.838221788406372
Training Accuracy per 5 steps: 29.421221864951768
311it [7:14:40, 241.43s/it]outputs:tensor([[ 2.6993, -0.0726, -2.4224],
        [ 2.6196, -0.0437, -2.4497],
        [ 2.2339, -0.1974, -2.1375],
        [ 1.9335, -0.0627, -1.9440],
        [ 1.7082, -0.5001, -2.0137],
        [ 2.2371, -0.2585, -2.3204],
        [ 3.1392,  0.1493, -2.6112],
        [ 1.6126, -0.2114, -1.9095]], grad_fn=<AddmmBackward0>)
targets:tensor([0, 2, 0, 0, 0, 1, 2, 3])
probs:tensor([[0.9370, 0.4819, 0.0815],
        [0.9321, 0.4891, 0.0795],
        [0.9033, 0.4508, 0.1055],
        [0.8736, 0.4843, 0.1252],
        [0.8466, 0.3775, 0.1178],
        [0.9035, 0.4357, 0.0894],
        [0.9585, 0.5373, 0.0684],
        [0.8338, 0.4474, 0.1290]], grad_fn=<SigmoidBackward0>)
312it [7:15:00, 175.09s/it]outputs:tensor([[ 2.2069, -0.0657, -2.2197],
        [ 3.0235,  0.0472, -2.5658],
        [ 2.8641, -0.0049, -2.6762],
        [ 1.6000, -0.0737, -2.2060],
        [ 2.2670, -0.1643, -2.2295],
        [ 2.0195, -0.3647, -2.3037],
        [ 2.1001, -0.0334, -2.0630],
        [ 2.6462, -0.0455, -2.3521]], grad_fn=<AddmmBackward0>)
targets:tensor([3, 1, 1, 1, 2, 2, 1, 2])
probs:tensor([[0.9009, 0.4836, 0.0980],
        [0.9536, 0.5118, 0.0714],
        [0.9460, 0.4988, 0.0644],
        [0.8320, 0.4816, 0.0992],
        [0.9061, 0.4590, 0.0971],
        [0.8828, 0.4098, 0.0908],
        [0.8909, 0.4917, 0.1127],
        [0.9338, 0.4886, 0.0869]], grad_fn=<SigmoidBackward0>)
313it [7:15:22, 129.23s/it]outputs:tensor([[ 2.4518, -0.1434, -2.3154],
        [ 2.6438,  0.1014, -2.3422],
        [ 1.9251, -0.3880, -2.2035],
        [ 2.3563, -0.1086, -2.3440],
        [ 2.4855,  0.1262, -2.3663],
        [ 1.8701, -0.2510, -2.3229],
        [ 2.3515, -0.0418, -2.2344],
        [ 2.9795,  0.3207, -2.2954]], grad_fn=<AddmmBackward0>)
targets:tensor([0, 3, 2, 0, 0, 1, 0, 2])
probs:tensor([[0.9207, 0.4642, 0.0899],
        [0.9336, 0.5253, 0.0877],
        [0.8727, 0.4042, 0.0994],
        [0.9134, 0.4729, 0.0875],
        [0.9231, 0.5315, 0.0858],
        [0.8665, 0.4376, 0.0892],
        [0.9131, 0.4896, 0.0967],
        [0.9516, 0.5795, 0.0915]], grad_fn=<SigmoidBackward0>)
314it [7:15:41, 96.28s/it] outputs:tensor([[ 1.3603e+00, -1.8074e-01, -1.9974e+00],
        [ 1.4930e+00, -1.5499e-01, -1.9324e+00],
        [ 1.6292e+00, -2.0874e-01, -1.7173e+00],
        [ 2.1773e+00, -1.2647e-01, -2.2539e+00],
        [ 2.5513e+00,  1.9257e-01, -2.0539e+00],
        [ 2.6247e+00, -2.1527e-03, -2.0781e+00],
        [ 2.3430e+00, -3.2644e-01, -2.1276e+00],
        [ 2.5671e+00,  6.2861e-02, -2.0585e+00]], grad_fn=<AddmmBackward0>)
targets:tensor([2, 1, 3, 0, 0, 2, 0, 1])
probs:tensor([[0.7958, 0.4549, 0.1195],
        [0.8165, 0.4613, 0.1265],
        [0.8361, 0.4480, 0.1522],
        [0.8982, 0.4684, 0.0950],
        [0.9277, 0.5480, 0.1137],
        [0.9324, 0.4995, 0.1112],
        [0.9124, 0.4191, 0.1064],
        [0.9287, 0.5157, 0.1132]], grad_fn=<SigmoidBackward0>)
315it [7:16:02, 73.45s/it]outputs:tensor([[ 2.2074,  0.1148, -2.1425],
        [ 2.7242, -0.0137, -2.4667],
        [ 1.5798, -0.3003, -2.0891],
        [ 1.8136, -0.5511, -2.2285],
        [ 1.8611, -0.2012, -1.8379],
        [ 2.2469, -0.0988, -1.9489],
        [ 2.2113, -0.2079, -2.3058],
        [ 1.8586, -0.2600, -1.9933]], grad_fn=<AddmmBackward0>)
targets:tensor([0, 2, 1, 1, 2, 2, 1, 3])
probs:tensor([[0.9009, 0.5287, 0.1050],
        [0.9384, 0.4966, 0.0782],
        [0.8292, 0.4255, 0.1102],
        [0.8598, 0.3656, 0.0972],
        [0.8654, 0.4499, 0.1373],
        [0.9044, 0.4753, 0.1247],
        [0.9013, 0.4482, 0.0906],
        [0.8651, 0.4354, 0.1199]], grad_fn=<SigmoidBackward0>)

Step: 315
Raw logits: tensor([ 2.2074,  0.1148, -2.1425], grad_fn=<SelectBackward0>)
Probabilities: tensor([0.9009, 0.5287, 0.1050], grad_fn=<SelectBackward0>)
Predictions distribution: [   4  227 2297    0]
Targets distribution: [674 907 736 211]
Loss: 2.5054941177368164
Training Accuracy per 5 steps: 29.390822784810126
316it [7:16:23, 57.81s/it]outputs:tensor([[ 1.6622, -0.1581, -1.9114],
        [ 1.9009, -0.3701, -1.9080],
        [ 2.6520,  0.3150, -2.3351],
        [ 2.9121,  0.0551, -2.3850],
        [ 2.8398, -0.1517, -2.4350],
        [ 2.5955,  0.0614, -2.3945],
        [ 2.8365, -0.1499, -2.4599],
        [ 2.0928, -0.2314, -2.2142]], grad_fn=<AddmmBackward0>)
targets:tensor([2, 0, 2, 2, 1, 0, 1, 2])
probs:tensor([[0.8405, 0.4606, 0.1288],
        [0.8700, 0.4085, 0.1292],
        [0.9341, 0.5781, 0.0883],
        [0.9484, 0.5138, 0.0843],
        [0.9448, 0.4622, 0.0805],
        [0.9306, 0.5153, 0.0836],
        [0.9446, 0.4626, 0.0787],
        [0.8902, 0.4424, 0.0985]], grad_fn=<SigmoidBackward0>)
317it [7:32:20, 327.59s/it]outputs:tensor([[ 2.0947,  0.0771, -2.2327],
        [ 1.8505, -0.3111, -1.8678],
        [ 2.1039, -0.2033, -2.0370],
        [ 1.8819, -0.1253, -1.8598],
        [ 2.3389, -0.2583, -2.3560],
        [ 1.6453, -0.0946, -2.0515],
        [ 2.7591,  0.2253, -2.4141],
        [ 2.0423, -0.2272, -2.4365]], grad_fn=<AddmmBackward0>)
targets:tensor([0, 1, 1, 2, 3, 0, 1, 2])
probs:tensor([[0.8904, 0.5193, 0.0968],
        [0.8642, 0.4228, 0.1338],
        [0.8913, 0.4494, 0.1154],
        [0.8678, 0.4687, 0.1347],
        [0.9120, 0.4358, 0.0866],
        [0.8382, 0.4764, 0.1139],
        [0.9404, 0.5561, 0.0821],
        [0.8852, 0.4434, 0.0804]], grad_fn=<SigmoidBackward0>)
318it [7:32:42, 235.77s/it]outputs:tensor([[ 2.7957,  0.2675, -2.5699],
        [ 2.8423,  0.1248, -2.0094],
        [ 2.6232, -0.2403, -2.5195],
        [ 2.6479,  0.3170, -2.0384],
        [ 2.5047, -0.1400, -2.2735],
        [ 2.3778,  0.1584, -1.9181],
        [ 2.2257, -0.1094, -1.9584],
        [ 2.4156, -0.3368, -2.5048]], grad_fn=<AddmmBackward0>)
targets:tensor([2, 0, 1, 3, 1, 2, 0, 1])
probs:tensor([[0.9424, 0.5665, 0.0711],
        [0.9449, 0.5312, 0.1182],
        [0.9323, 0.4402, 0.0745],
        [0.9339, 0.5786, 0.1152],
        [0.9245, 0.4651, 0.0933],
        [0.9151, 0.5395, 0.1281],
        [0.9025, 0.4727, 0.1236],
        [0.9180, 0.4166, 0.0755]], grad_fn=<SigmoidBackward0>)
319it [7:33:05, 171.94s/it]outputs:tensor([[ 2.4492, -0.0563, -2.2224],
        [ 2.9492,  0.3559, -2.5196],
        [ 2.8195,  0.3626, -2.4583],
        [ 2.9442,  0.0929, -2.4173],
        [ 2.7572,  0.2171, -2.4793],
        [ 2.9019,  0.0541, -2.7132],
        [ 2.8496,  0.3910, -2.4981],
        [ 2.6271,  0.3062, -2.5217]], grad_fn=<AddmmBackward0>)
targets:tensor([3, 2, 1, 3, 0, 0, 1, 1])
probs:tensor([[0.9205, 0.4859, 0.0978],
        [0.9502, 0.5881, 0.0745],
        [0.9437, 0.5897, 0.0788],
        [0.9500, 0.5232, 0.0819],
        [0.9403, 0.5541, 0.0773],
        [0.9479, 0.5135, 0.0622],
        [0.9453, 0.5965, 0.0760],
        [0.9326, 0.5760, 0.0744]], grad_fn=<SigmoidBackward0>)
320it [7:33:24, 126.10s/it]outputs:tensor([[ 3.1140,  0.2522, -2.4971],
        [ 2.5199, -0.1875, -2.3761],
        [ 2.4944,  0.0841, -2.1825],
        [ 2.5835, -0.2172, -2.4142],
        [ 2.6945,  0.0836, -2.5443],
        [ 2.6118,  0.1367, -2.3936],
        [ 2.8870,  0.3233, -2.0987],
        [ 2.5006,  0.0727, -2.1118]], grad_fn=<AddmmBackward0>)
targets:tensor([0, 0, 1, 0, 2, 0, 3, 1])
probs:tensor([[0.9575, 0.5627, 0.0761],
        [0.9255, 0.4533, 0.0850],
        [0.9237, 0.5210, 0.1013],
        [0.9298, 0.4459, 0.0821],
        [0.9367, 0.5209, 0.0728],
        [0.9316, 0.5341, 0.0837],
        [0.9472, 0.5801, 0.1092],
        [0.9242, 0.5182, 0.1080]], grad_fn=<SigmoidBackward0>)

Step: 320
Raw logits: tensor([ 3.1140,  0.2522, -2.4971], grad_fn=<SelectBackward0>)
Probabilities: tensor([0.9575, 0.5627, 0.0761], grad_fn=<SelectBackward0>)
Predictions distribution: [   4  245 2319    0]
Targets distribution: [686 920 746 216]
Loss: 2.8800692558288574
Training Accuracy per 5 steps: 29.439252336448597
321it [7:33:45, 94.72s/it] outputs:tensor([[ 2.9385,  0.1390, -2.4792],
        [ 2.9972, -0.0038, -2.0073],
        [ 2.7477,  0.1847, -2.3957],
        [ 2.8171,  0.0476, -1.9484],
        [ 2.3826,  0.0678, -2.2044],
        [ 2.9194,  0.2178, -2.4738],
        [ 2.5382,  0.0086, -2.7600],
        [ 2.8590,  0.3202, -2.5405]], grad_fn=<AddmmBackward0>)
targets:tensor([2, 0, 1, 0, 0, 3, 3, 1])
probs:tensor([[0.9497, 0.5347, 0.0773],
        [0.9524, 0.4991, 0.1184],
        [0.9398, 0.5460, 0.0835],
        [0.9436, 0.5119, 0.1247],
        [0.9155, 0.5169, 0.0994],
        [0.9488, 0.5542, 0.0777],
        [0.9268, 0.5022, 0.0595],
        [0.9458, 0.5794, 0.0731]], grad_fn=<SigmoidBackward0>)
322it [7:34:07, 72.82s/it]outputs:tensor([[ 2.2833,  0.2471, -2.0211],
        [ 2.7527,  0.0894, -2.2541],
        [ 2.8116,  0.0116, -2.1068],
        [ 2.3108, -0.0981, -2.2590],
        [ 3.0521,  0.0619, -2.5162],
        [ 2.8338,  0.0473, -2.1955],
        [ 2.4430,  0.2810, -2.3546],
        [ 2.4819, -0.0923, -1.9853]], grad_fn=<AddmmBackward0>)
targets:tensor([1, 3, 3, 1, 2, 0, 0, 1])
probs:tensor([[0.9075, 0.5615, 0.1170],
        [0.9401, 0.5223, 0.0950],
        [0.9433, 0.5029, 0.1084],
        [0.9098, 0.4755, 0.0946],
        [0.9549, 0.5155, 0.0747],
        [0.9445, 0.5118, 0.1002],
        [0.9200, 0.5698, 0.0867],
        [0.9229, 0.4769, 0.1208]], grad_fn=<SigmoidBackward0>)
323it [7:34:29, 57.46s/it]outputs:tensor([[ 2.9622,  0.5410, -2.5535],
        [ 3.0504,  0.3723, -2.1761],
        [ 2.7033,  0.1057, -2.2606],
        [ 2.6180,  0.6790, -2.3402],
        [ 2.2871,  0.1416, -2.0870],
        [ 2.6009,  0.3591, -1.9878],
        [ 2.4927,  0.1801, -2.1996],
        [ 2.7700,  0.2421, -2.4242]], grad_fn=<AddmmBackward0>)
targets:tensor([2, 1, 2, 0, 0, 2, 0, 2])
probs:tensor([[0.9508, 0.6321, 0.0722],
        [0.9548, 0.5920, 0.1019],
        [0.9372, 0.5264, 0.0944],
        [0.9320, 0.6635, 0.0878],
        [0.9078, 0.5353, 0.1104],
        [0.9309, 0.5888, 0.1205],
        [0.9236, 0.5449, 0.0998],
        [0.9410, 0.5602, 0.0813]], grad_fn=<SigmoidBackward0>)
324it [7:50:17, 324.80s/it]outputs:tensor([[ 2.4053,  0.1655, -2.2484],
        [ 2.4143,  0.0660, -2.0115],
        [ 2.4883,  0.2833, -2.1893],
        [ 2.2444,  0.2709, -1.8672],
        [ 2.4947,  0.2402, -1.8657],
        [ 2.7576,  0.4537, -2.2262],
        [ 2.5370,  0.3292, -2.0805],
        [ 2.2748,  0.2136, -2.1081]], grad_fn=<AddmmBackward0>)
targets:tensor([1, 1, 0, 2, 1, 2, 1, 0])
probs:tensor([[0.9172, 0.5413, 0.0955],
        [0.9179, 0.5165, 0.1180],
        [0.9233, 0.5704, 0.1007],
        [0.9042, 0.5673, 0.1339],
        [0.9238, 0.5598, 0.1340],
        [0.9403, 0.6115, 0.0974],
        [0.9267, 0.5816, 0.1110],
        [0.9068, 0.5532, 0.1083]], grad_fn=<SigmoidBackward0>)
325it [7:50:43, 235.21s/it]outputs:tensor([[ 2.5173,  0.2847, -2.2484],
        [ 2.1198,  0.0628, -2.2368],
        [ 2.4265,  0.4665, -2.0526],
        [ 2.5876,  0.1709, -2.2210],
        [ 2.2976,  0.5012, -2.1930],
        [ 2.0688,  0.2448, -1.9976],
        [ 1.8115,  0.2990, -1.9328],
        [ 2.8269,  0.5033, -2.0297]], grad_fn=<AddmmBackward0>)
targets:tensor([3, 1, 3, 2, 0, 2, 2, 2])
probs:tensor([[0.9253, 0.5707, 0.0955],
        [0.8928, 0.5157, 0.0965],
        [0.9188, 0.6145, 0.1138],
        [0.9301, 0.5426, 0.0979],
        [0.9087, 0.6227, 0.1004],
        [0.8878, 0.5609, 0.1195],
        [0.8595, 0.5742, 0.1264],
        [0.9441, 0.6232, 0.1161]], grad_fn=<SigmoidBackward0>)

Step: 325
Raw logits: tensor([ 2.5173,  0.2847, -2.2484], grad_fn=<SelectBackward0>)
Probabilities: tensor([0.9253, 0.5707, 0.0955], grad_fn=<SelectBackward0>)
Predictions distribution: [   4  248 2356    0]
Targets distribution: [697 931 758 222]
Loss: 2.7173023223876953
Training Accuracy per 5 steps: 29.524539877300615
326it [7:51:08, 172.12s/it]outputs:tensor([[ 2.5214,  0.1836, -2.0618],
        [ 2.4696,  0.0842, -1.8463],
        [ 2.4367, -0.0441, -1.7563],
        [ 2.5365,  0.3058, -2.1086],
        [ 2.4800,  0.3030, -1.9925],
        [ 2.6696,  0.2974, -2.1649],
        [ 2.6326,  0.4498, -2.0009],
        [ 2.1265,  0.2939, -2.0590]], grad_fn=<AddmmBackward0>)
targets:tensor([0, 1, 0, 1, 2, 2, 0, 1])
probs:tensor([[0.9256, 0.5458, 0.1129],
        [0.9220, 0.5210, 0.1363],
        [0.9196, 0.4890, 0.1472],
        [0.9267, 0.5758, 0.1083],
        [0.9227, 0.5752, 0.1200],
        [0.9352, 0.5738, 0.1029],
        [0.9329, 0.6106, 0.1191],
        [0.8935, 0.5730, 0.1131]], grad_fn=<SigmoidBackward0>)
327it [7:51:32, 127.53s/it]outputs:tensor([[ 3.0335,  0.6587, -2.0460],
        [ 2.6091,  0.3717, -2.0602],
        [ 2.5780,  0.1028, -2.3751],
        [ 2.4844,  0.4705, -2.3474],
        [ 2.7165,  0.0933, -2.4543],
        [ 2.1537,  0.7526, -1.5323],
        [ 2.5965,  0.5499, -1.9712],
        [ 2.3822,  0.4029, -1.9969]], grad_fn=<AddmmBackward0>)
targets:tensor([2, 2, 0, 1, 0, 1, 2, 2])
probs:tensor([[0.9541, 0.6590, 0.1145],
        [0.9314, 0.5919, 0.1130],
        [0.9294, 0.5257, 0.0851],
        [0.9230, 0.6155, 0.0873],
        [0.9380, 0.5233, 0.0791],
        [0.8960, 0.6798, 0.1777],
        [0.9306, 0.6341, 0.1223],
        [0.9155, 0.5994, 0.1195]], grad_fn=<SigmoidBackward0>)
328it [7:51:54, 95.86s/it] outputs:tensor([[ 2.1947,  0.0926, -1.7440],
        [ 2.7158,  0.1619, -1.9513],
        [ 2.5136,  0.6258, -1.8560],
        [ 2.9907,  0.4518, -2.4197],
        [ 1.8123,  0.1402, -2.0029],
        [ 2.6809,  0.5508, -2.1976],
        [ 2.4218,  0.6250, -2.0076],
        [ 2.5886,  0.6652, -1.8638]], grad_fn=<AddmmBackward0>)
targets:tensor([1, 0, 1, 0, 1, 0, 1, 1])
probs:tensor([[0.8998, 0.5231, 0.1488],
        [0.9379, 0.5404, 0.1244],
        [0.9251, 0.6515, 0.1352],
        [0.9522, 0.6111, 0.0817],
        [0.8596, 0.5350, 0.1189],
        [0.9359, 0.6343, 0.1000],
        [0.9185, 0.6514, 0.1184],
        [0.9301, 0.6604, 0.1343]], grad_fn=<SigmoidBackward0>)
329it [7:52:16, 73.72s/it]outputs:tensor([[ 2.6153,  0.2942, -2.0847],
        [ 2.5562,  0.2471, -2.2504],
        [ 2.7325,  0.4941, -2.4707],
        [ 2.5405,  0.8222, -2.0583],
        [ 2.5343,  0.2811, -2.0807],
        [ 2.7981,  0.6920, -1.9957],
        [ 2.4685,  0.3744, -2.1311],
        [ 2.5044,  0.3628, -2.1455]], grad_fn=<AddmmBackward0>)
targets:tensor([2, 0, 2, 3, 3, 3, 1, 2])
probs:tensor([[0.9318, 0.5730, 0.1106],
        [0.9280, 0.5615, 0.0953],
        [0.9389, 0.6211, 0.0779],
        [0.9269, 0.6947, 0.1132],
        [0.9265, 0.5698, 0.1110],
        [0.9426, 0.6664, 0.1197],
        [0.9219, 0.5925, 0.1061],
        [0.9244, 0.5897, 0.1047]], grad_fn=<SigmoidBackward0>)
330it [7:52:37, 57.99s/it]outputs:tensor([[ 2.7515,  0.7551, -1.9834],
        [ 2.6192,  0.6238, -2.2599],
        [ 3.0835,  0.9036, -2.2466],
        [ 2.7264,  0.5315, -2.0557],
        [ 2.5601,  0.4881, -2.1640],
        [ 2.3030,  0.3875, -1.9557],
        [ 2.8184,  0.6880, -2.0933],
        [ 2.4189,  0.3368, -1.8509]], grad_fn=<AddmmBackward0>)
targets:tensor([1, 1, 0, 1, 1, 1, 0, 2])
probs:tensor([[0.9400, 0.6803, 0.1210],
        [0.9321, 0.6511, 0.0945],
        [0.9562, 0.7117, 0.0956],
        [0.9386, 0.6298, 0.1135],
        [0.9282, 0.6197, 0.1030],
        [0.9091, 0.5957, 0.1239],
        [0.9437, 0.6655, 0.1097],
        [0.9183, 0.5834, 0.1358]], grad_fn=<SigmoidBackward0>)

Step: 330
Raw logits: tensor([ 2.7515,  0.7551, -1.9834], grad_fn=<SelectBackward0>)
Probabilities: tensor([0.9400, 0.6803, 0.1210], grad_fn=<SelectBackward0>)
Predictions distribution: [   4  249 2395    0]
Targets distribution: [708 947 768 225]
Loss: 2.239623546600342
Training Accuracy per 5 steps: 29.45619335347432
331it [7:52:57, 46.67s/it]outputs:tensor([[ 2.3926,  0.3164, -2.1927],
        [ 2.5897,  0.5444, -2.0561],
        [ 2.7539,  0.6500, -1.9826],
        [ 2.5902,  0.5718, -2.0919],
        [ 2.1399,  0.3793, -2.0648],
        [ 2.9239,  0.7704, -2.0013],
        [ 2.4514,  0.4914, -1.8997],
        [ 2.4341,  0.6273, -2.3165]], grad_fn=<AddmmBackward0>)
targets:tensor([0, 0, 2, 3, 0, 2, 1, 1])
probs:tensor([[0.9163, 0.5784, 0.1004],
        [0.9302, 0.6328, 0.1134],
        [0.9401, 0.6570, 0.1210],
        [0.9302, 0.6392, 0.1099],
        [0.8947, 0.5937, 0.1126],
        [0.9490, 0.6836, 0.1191],
        [0.9207, 0.6204, 0.1301],
        [0.9194, 0.6519, 0.0898]], grad_fn=<SigmoidBackward0>)
332it [8:09:30, 330.52s/it]outputs:tensor([[ 2.2096,  0.4106, -2.0275],
        [ 2.9277,  0.5535, -2.1391],
        [ 2.9117,  0.8755, -1.8422],
        [ 1.8627,  0.3998, -1.8614],
        [ 3.0393,  0.4507, -2.2892],
        [ 2.4881,  0.6951, -1.6988],
        [ 2.7487,  0.5800, -1.9757],
        [ 3.2240,  0.8408, -2.1227]], grad_fn=<AddmmBackward0>)
targets:tensor([2, 0, 3, 2, 2, 1, 3, 1])
probs:tensor([[0.9011, 0.6012, 0.1163],
        [0.9492, 0.6349, 0.1054],
        [0.9484, 0.7059, 0.1368],
        [0.8656, 0.5986, 0.1345],
        [0.9543, 0.6108, 0.0920],
        [0.9233, 0.6671, 0.1546],
        [0.9398, 0.6411, 0.1218],
        [0.9617, 0.6986, 0.1069]], grad_fn=<SigmoidBackward0>)
333it [8:09:56, 239.19s/it]outputs:tensor([[ 2.1884,  0.3392, -1.8083],
        [ 2.9217,  0.5956, -1.8521],
        [ 2.7171,  0.3558, -2.2621],
        [ 2.6533,  0.5205, -1.8202],
        [ 2.7441,  0.7903, -1.7611],
        [ 2.8343,  0.7057, -1.9642],
        [ 2.5649,  0.3239, -2.0228],
        [ 2.6195,  0.6328, -1.8052]], grad_fn=<AddmmBackward0>)
targets:tensor([0, 1, 0, 1, 2, 2, 1, 3])
probs:tensor([[0.8992, 0.5840, 0.1408],
        [0.9489, 0.6446, 0.1356],
        [0.9380, 0.5880, 0.0943],
        [0.9342, 0.6273, 0.1394],
        [0.9396, 0.6879, 0.1467],
        [0.9445, 0.6694, 0.1230],
        [0.9286, 0.5803, 0.1168],
        [0.9321, 0.6531, 0.1412]], grad_fn=<SigmoidBackward0>)
334it [8:10:19, 174.24s/it]outputs:tensor([[ 2.3451,  0.5396, -2.0410],
        [ 2.7473,  0.3746, -2.2719],
        [ 2.5111,  0.4097, -2.2676],
        [ 2.2863,  0.5632, -1.6888],
        [ 2.8414,  0.4973, -1.8232],
        [ 2.8474,  0.7786, -2.0845],
        [ 2.5533,  0.2074, -2.0564],
        [ 2.8192,  0.5663, -2.0561]], grad_fn=<AddmmBackward0>)
targets:tensor([0, 2, 0, 2, 0, 1, 0, 1])
probs:tensor([[0.9125, 0.6317, 0.1150],
        [0.9398, 0.5926, 0.0935],
        [0.9249, 0.6010, 0.0938],
        [0.9077, 0.6372, 0.1559],
        [0.9449, 0.6218, 0.1391],
        [0.9452, 0.6854, 0.1106],
        [0.9278, 0.5517, 0.1134],
        [0.9437, 0.6379, 0.1134]], grad_fn=<SigmoidBackward0>)
335it [8:10:42, 129.01s/it]outputs:tensor([[ 2.9526,  0.9461, -1.9223],
        [ 2.8501,  0.8613, -2.1209],
        [ 3.2728,  0.8133, -2.4066],
        [ 3.0339,  0.7349, -1.8242],
        [ 3.0246,  0.6651, -2.3106],
        [ 3.1602,  1.0805, -2.1093],
        [ 2.9288,  0.5612, -1.7876],
        [ 3.0089,  0.5883, -2.1557]], grad_fn=<AddmmBackward0>)
targets:tensor([1, 2, 1, 0, 2, 0, 2, 0])
probs:tensor([[0.9504, 0.7203, 0.1276],
        [0.9453, 0.7029, 0.1071],
        [0.9635, 0.6928, 0.0827],
        [0.9541, 0.6759, 0.1389],
        [0.9537, 0.6604, 0.0903],
        [0.9593, 0.7466, 0.1082],
        [0.9493, 0.6367, 0.1434],
        [0.9530, 0.6430, 0.1038]], grad_fn=<SigmoidBackward0>)

Step: 335
Raw logits: tensor([ 2.9526,  0.9461, -1.9223], grad_fn=<SelectBackward0>)
Probabilities: tensor([0.9504, 0.7203, 0.1276], grad_fn=<SelectBackward0>)
Predictions distribution: [   4  249 2435    0]
Targets distribution: [721 958 780 229]
Loss: 2.557516098022461
Training Accuracy per 5 steps: 29.464285714285715
336it [8:11:04, 96.90s/it] outputs:tensor([[ 2.6489,  0.4699, -1.9706],
        [ 2.5116,  0.6516, -1.9334],
        [ 2.8946,  0.6352, -1.8762],
        [ 3.2242,  0.8154, -2.1703],
        [ 2.3779,  0.4930, -2.0112],
        [ 2.9488,  0.7485, -2.2505],
        [ 2.7137,  0.6150, -1.7096],
        [ 2.2201,  0.2103, -1.9404]], grad_fn=<AddmmBackward0>)
targets:tensor([1, 0, 1, 1, 0, 1, 1, 0])
probs:tensor([[0.9339, 0.6154, 0.1223],
        [0.9250, 0.6574, 0.1264],
        [0.9476, 0.6537, 0.1328],
        [0.9617, 0.6933, 0.1025],
        [0.9151, 0.6208, 0.1180],
        [0.9502, 0.6789, 0.0953],
        [0.9378, 0.6491, 0.1532],
        [0.9020, 0.5524, 0.1256]], grad_fn=<SigmoidBackward0>)
337it [8:11:27, 74.53s/it]outputs:tensor([[ 2.7580,  0.7036, -2.2282],
        [ 2.6056,  0.1879, -2.1173],
        [ 2.4176,  0.0626, -1.9340],
        [ 2.9486,  0.6255, -1.9726],
        [ 2.9585,  0.7668, -2.0216],
        [ 3.2603,  0.7171, -2.2072],
        [ 2.3520,  0.3234, -1.8986],
        [ 2.7481,  0.6608, -1.8954]], grad_fn=<AddmmBackward0>)
targets:tensor([1, 1, 0, 2, 2, 2, 0, 2])
probs:tensor([[0.9404, 0.6690, 0.0972],
        [0.9312, 0.5468, 0.1074],
        [0.9182, 0.5157, 0.1263],
        [0.9502, 0.6515, 0.1221],
        [0.9507, 0.6828, 0.1170],
        [0.9630, 0.6720, 0.0991],
        [0.9131, 0.5801, 0.1303],
        [0.9398, 0.6594, 0.1306]], grad_fn=<SigmoidBackward0>)
338it [8:28:28, 358.43s/it]outputs:tensor([[ 2.0446,  0.4248, -2.0696],
        [ 2.9180,  0.4646, -2.2172],
        [ 2.8535,  0.2061, -2.0310],
        [ 2.1967,  0.1437, -1.9505],
        [ 3.1905,  0.5806, -2.3693],
        [ 2.7474,  0.2249, -2.4997],
        [ 1.6913,  0.2455, -1.6125],
        [ 2.7054,  0.5236, -2.0415]], grad_fn=<AddmmBackward0>)
targets:tensor([1, 1, 0, 1, 0, 2, 0, 0])
probs:tensor([[0.8854, 0.6046, 0.1121],
        [0.9487, 0.6141, 0.0982],
        [0.9455, 0.5514, 0.1160],
        [0.9000, 0.5359, 0.1245],
        [0.9605, 0.6412, 0.0855],
        [0.9398, 0.5560, 0.0759],
        [0.8444, 0.5611, 0.1662],
        [0.9373, 0.6280, 0.1149]], grad_fn=<SigmoidBackward0>)
339it [8:28:54, 258.81s/it]outputs:tensor([[ 2.4712,  0.0494, -1.8491],
        [ 2.5246,  0.4350, -2.0738],
        [ 2.7616,  0.8342, -2.2768],
        [ 2.3667,  0.0789, -1.9582],
        [ 2.7404,  0.4903, -2.0940],
        [ 2.0131,  0.4733, -1.9562],
        [ 2.2139,  0.3219, -2.1071],
        [ 2.6882,  0.8067, -2.0636]], grad_fn=<AddmmBackward0>)
targets:tensor([1, 0, 1, 1, 2, 0, 2, 1])
probs:tensor([[0.9221, 0.5124, 0.1360],
        [0.9258, 0.6071, 0.1117],
        [0.9406, 0.6972, 0.0931],
        [0.9143, 0.5197, 0.1237],
        [0.9394, 0.6202, 0.1097],
        [0.8822, 0.6162, 0.1239],
        [0.9015, 0.5798, 0.1084],
        [0.9363, 0.6914, 0.1127]], grad_fn=<SigmoidBackward0>)
340it [8:29:17, 188.14s/it]outputs:tensor([[ 2.4851,  0.5921, -2.0320],
        [ 2.6334,  0.5958, -2.1163],
        [ 2.4413,  0.1945, -1.9334],
        [ 2.8968,  0.4268, -1.8410],
        [ 2.9653,  0.4283, -2.3657],
        [ 2.5817,  0.6809, -1.4187],
        [ 2.1480,  0.3511, -1.5182],
        [ 2.6323,  0.3853, -2.2494]], grad_fn=<AddmmBackward0>)
targets:tensor([1, 1, 0, 2, 1, 2, 0, 1])
probs:tensor([[0.9231, 0.6439, 0.1159],
        [0.9330, 0.6447, 0.1075],
        [0.9199, 0.5485, 0.1264],
        [0.9477, 0.6051, 0.1369],
        [0.9510, 0.6055, 0.0858],
        [0.9297, 0.6639, 0.1949],
        [0.8955, 0.5869, 0.1797],
        [0.9329, 0.5951, 0.0954]], grad_fn=<SigmoidBackward0>)

Step: 340
Raw logits: tensor([ 2.4851,  0.5921, -2.0320], grad_fn=<SelectBackward0>)
Probabilities: tensor([0.9231, 0.6439, 0.1159], grad_fn=<SelectBackward0>)
Predictions distribution: [   4  249 2475    0]
Targets distribution: [734 976 789 229]
Loss: 1.9600880146026611
Training Accuracy per 5 steps: 29.36217008797654
341it [8:29:38, 138.07s/it]outputs:tensor([[ 2.4534, -0.0457, -2.0912],
        [ 2.6430,  0.6916, -2.0172],
        [ 2.7870,  0.6277, -2.0832],
        [ 3.1683,  0.5436, -2.6444],
        [ 2.7057,  0.3123, -2.2605],
        [ 2.5766,  0.4097, -2.2017],
        [ 2.9087,  0.4433, -1.9107],
        [ 3.1636,  0.5080, -2.4493]], grad_fn=<AddmmBackward0>)
targets:tensor([1, 2, 2, 2, 2, 1, 1, 3])
probs:tensor([[0.9208, 0.4886, 0.1100],
        [0.9336, 0.6663, 0.1174],
        [0.9420, 0.6520, 0.1107],
        [0.9596, 0.6326, 0.0663],
        [0.9374, 0.5774, 0.0945],
        [0.9293, 0.6010, 0.0996],
        [0.9483, 0.6090, 0.1289],
        [0.9594, 0.6243, 0.0795]], grad_fn=<SigmoidBackward0>)
342it [8:29:58, 102.63s/it]outputs:tensor([[ 2.7397,  0.7206, -2.2255],
        [ 2.8076,  0.9696, -1.8831],
        [ 2.5144,  0.5997, -2.0422],
        [ 2.4449,  0.3035, -2.0721],
        [ 2.6703,  0.4250, -2.1966],
        [ 2.4176,  0.3309, -2.1315],
        [ 2.1897,  0.1433, -2.1258],
        [ 2.0183,  0.1764, -2.2567]], grad_fn=<AddmmBackward0>)
targets:tensor([1, 1, 3, 1, 1, 0, 2, 2])
probs:tensor([[0.9393, 0.6727, 0.0975],
        [0.9431, 0.7250, 0.1320],
        [0.9251, 0.6456, 0.1148],
        [0.9202, 0.5753, 0.1118],
        [0.9353, 0.6047, 0.1001],
        [0.9182, 0.5820, 0.1061],
        [0.8993, 0.5358, 0.1066],
        [0.8827, 0.5440, 0.0948]], grad_fn=<SigmoidBackward0>)
343it [8:30:20, 78.41s/it] outputs:tensor([[ 1.9531, -0.1929, -2.3130],
        [ 3.2029,  0.5787, -1.9867],
        [ 2.6924,  0.1951, -2.2368],
        [ 2.8508,  0.4752, -1.8175],
        [ 2.3323,  0.2913, -2.4278],
        [ 2.4645,  0.2976, -1.7414],
        [ 2.5734,  0.4677, -2.0646],
        [ 2.5907,  0.4562, -1.9720]], grad_fn=<AddmmBackward0>)
targets:tensor([0, 1, 2, 2, 0, 1, 0, 2])
probs:tensor([[0.8758, 0.4519, 0.0901],
        [0.9609, 0.6408, 0.1206],
        [0.9366, 0.5486, 0.0965],
        [0.9454, 0.6166, 0.1397],
        [0.9115, 0.5723, 0.0811],
        [0.9216, 0.5739, 0.1491],
        [0.9291, 0.6148, 0.1126],
        [0.9303, 0.6121, 0.1222]], grad_fn=<SigmoidBackward0>)
344it [8:30:43, 61.70s/it]outputs:tensor([[ 2.9816,  0.4481, -1.8695],
        [ 2.4587,  0.0230, -2.1035],
        [ 2.5887,  0.0921, -2.1470],
        [ 2.7336,  0.5502, -2.2249],
        [ 2.4248,  0.1275, -2.0515],
        [ 2.6934,  0.3591, -2.0145],
        [ 2.9112,  0.2684, -2.2599],
        [ 2.5845,  0.2915, -1.9689]], grad_fn=<AddmmBackward0>)
targets:tensor([0, 1, 2, 3, 0, 0, 0, 1])
probs:tensor([[0.9517, 0.6102, 0.1336],
        [0.9212, 0.5057, 0.1088],
        [0.9301, 0.5230, 0.1046],
        [0.9390, 0.6342, 0.0975],
        [0.9187, 0.5318, 0.1139],
        [0.9366, 0.5888, 0.1177],
        [0.9484, 0.5667, 0.0945],
        [0.9299, 0.5724, 0.1225]], grad_fn=<SigmoidBackward0>)
345it [8:31:04, 49.52s/it]outputs:tensor([[ 2.3827,  0.0139, -1.8491],
        [ 2.3739,  0.3474, -1.8841],
        [ 2.1267, -0.0053, -2.0628],
        [ 1.9297, -0.2274, -2.2577],
        [ 2.0963, -0.0496, -2.3798],
        [ 3.0771,  0.3739, -2.3801],
        [ 2.2589, -0.0262, -1.9382],
        [ 2.3954,  0.4744, -2.0991]], grad_fn=<AddmmBackward0>)
targets:tensor([0, 0, 2, 1, 0, 0, 1, 3])
probs:tensor([[0.9155, 0.5035, 0.1360],
        [0.9148, 0.5860, 0.1319],
        [0.8935, 0.4987, 0.1128],
        [0.8732, 0.4434, 0.0947],
        [0.8905, 0.4876, 0.0847],
        [0.9559, 0.5924, 0.0847],
        [0.9054, 0.4935, 0.1258],
        [0.9165, 0.6164, 0.1092]], grad_fn=<SigmoidBackward0>)

Step: 345
Raw logits: tensor([ 2.3827,  0.0139, -1.8491], grad_fn=<SelectBackward0>)
Probabilities: tensor([0.9155, 0.5035, 0.1360], grad_fn=<SelectBackward0>)
Predictions distribution: [   4  255 2509    0]
Targets distribution: [746 989 800 233]
Loss: 2.912846088409424
Training Accuracy per 5 steps: 29.40751445086705
346it [8:31:27, 41.50s/it]outputs:tensor([[ 2.2840,  0.2282, -1.8455],
        [ 2.1438,  0.0747, -1.8856],
        [ 2.9218,  0.1705, -1.8658],
        [ 2.0860,  0.4294, -2.3679],
        [ 2.6348,  0.2016, -2.2780],
        [ 1.5204,  0.2127, -1.7062],
        [ 2.8773,  0.4725, -2.4031],
        [ 2.2452,  0.0399, -1.9222]], grad_fn=<AddmmBackward0>)
targets:tensor([2, 1, 2, 2, 2, 2, 2, 2])
probs:tensor([[0.9075, 0.5568, 0.1364],
        [0.8951, 0.5187, 0.1317],
        [0.9489, 0.5425, 0.1340],
        [0.8895, 0.6057, 0.0857],
        [0.9331, 0.5502, 0.0930],
        [0.8206, 0.5530, 0.1537],
        [0.9467, 0.6160, 0.0829],
        [0.9042, 0.5100, 0.1276]], grad_fn=<SigmoidBackward0>)
347it [8:31:49, 35.61s/it]outputs:tensor([[ 2.3702,  0.0302, -1.9536],
        [ 1.7971,  0.0537, -2.1684],
        [ 2.3504,  0.2490, -1.8575],
        [ 2.5074,  0.3696, -2.1624],
        [ 2.6710,  0.2965, -2.3578],
        [ 2.6107,  0.2630, -2.1562],
        [ 2.5673,  0.2577, -1.8460],
        [ 2.1522,  0.0670, -2.1321]], grad_fn=<AddmmBackward0>)
targets:tensor([1, 0, 1, 2, 1, 2, 2, 1])
probs:tensor([[0.9145, 0.5076, 0.1242],
        [0.8578, 0.5134, 0.1026],
        [0.9130, 0.5619, 0.1350],
        [0.9247, 0.5914, 0.1032],
        [0.9353, 0.5736, 0.0865],
        [0.9315, 0.5654, 0.1038],
        [0.9287, 0.5641, 0.1363],
        [0.8959, 0.5167, 0.1060]], grad_fn=<SigmoidBackward0>)
348it [8:32:11, 31.50s/it]outputs:tensor([[ 3.2542,  0.5451, -1.9925],
        [ 2.6493,  0.2368, -2.1544],
        [ 2.3173,  0.3243, -2.0426],
        [ 2.2303, -0.1493, -2.3653],
        [ 1.9428,  0.0318, -2.2593],
        [ 2.3727, -0.0173, -2.1580],
        [ 2.6245,  0.3724, -2.0926],
        [ 1.7319, -0.0115, -1.8116]], grad_fn=<AddmmBackward0>)
targets:tensor([2, 1, 1, 1, 1, 3, 1, 3])
probs:tensor([[0.9628, 0.6330, 0.1200],
        [0.9340, 0.5589, 0.1039],
        [0.9103, 0.5804, 0.1148],
        [0.9029, 0.4627, 0.0859],
        [0.8747, 0.5079, 0.0946],
        [0.9147, 0.4957, 0.1036],
        [0.9324, 0.5920, 0.1098],
        [0.8497, 0.4971, 0.1404]], grad_fn=<SigmoidBackward0>)
349it [8:32:32, 28.56s/it]outputs:tensor([[ 2.4256,  0.5616, -2.0660],
        [ 3.0663,  0.5463, -2.4610],
        [ 2.4200,  0.2761, -2.3188],
        [ 2.4104,  0.4670, -2.1592],
        [ 2.3970,  0.2914, -2.1399],
        [ 3.0368,  0.7320, -2.3482],
        [ 2.3370,  0.2910, -2.3798],
        [ 2.8605,  0.1910, -2.1897]], grad_fn=<AddmmBackward0>)
targets:tensor([1, 2, 0, 2, 1, 2, 0, 1])
probs:tensor([[0.9188, 0.6368, 0.1124],
        [0.9555, 0.6333, 0.0786],
        [0.9183, 0.5686, 0.0896],
        [0.9176, 0.6147, 0.1035],
        [0.9166, 0.5723, 0.1053],
        [0.9542, 0.6752, 0.0872],
        [0.9119, 0.5722, 0.0847],
        [0.9459, 0.5476, 0.1007]], grad_fn=<SigmoidBackward0>)
350it [8:48:41, 310.66s/it]outputs:tensor([[ 1.9651,  0.2297, -1.8272],
        [ 2.7808,  0.3714, -2.5294],
        [ 1.9727,  0.1592, -1.6664],
        [ 2.7063,  0.2184, -2.2179],
        [ 3.2140,  0.6336, -2.2828],
        [ 2.9796,  0.7490, -2.2890],
        [ 2.3962, -0.0065, -2.4666],
        [ 2.3403,  0.0066, -2.0242]], grad_fn=<AddmmBackward0>)
targets:tensor([1, 0, 2, 1, 1, 2, 1, 3])
probs:tensor([[0.8771, 0.5572, 0.1386],
        [0.9416, 0.5918, 0.0738],
        [0.8779, 0.5397, 0.1589],
        [0.9374, 0.5544, 0.0982],
        [0.9614, 0.6533, 0.0926],
        [0.9516, 0.6790, 0.0920],
        [0.9165, 0.4984, 0.0782],
        [0.9122, 0.5017, 0.1167]], grad_fn=<SigmoidBackward0>)

Step: 350
Raw logits: tensor([ 1.9651,  0.2297, -1.8272], grad_fn=<SelectBackward0>)
Probabilities: tensor([0.8771, 0.5572, 0.1386], grad_fn=<SelectBackward0>)
Predictions distribution: [   4  259 2545    0]
Targets distribution: [ 750 1006  816  236]
Loss: 2.2062485218048096
Training Accuracy per 5 steps: 29.62962962962963
351it [8:49:20, 228.97s/it]outputs:tensor([[ 2.7071,  0.1383, -2.1666],
        [ 2.0816, -0.2530, -2.1081],
        [ 1.9651, -0.2512, -1.7914],
        [ 2.8590,  0.3049, -2.4664],
        [ 3.2125,  0.7287, -2.3683],
        [ 2.4378,  0.4304, -2.5515],
        [ 2.6725,  0.1719, -2.5409],
        [ 1.8993,  0.0330, -2.1170]], grad_fn=<AddmmBackward0>)
targets:tensor([0, 3, 1, 1, 2, 2, 0, 0])
probs:tensor([[0.9374, 0.5345, 0.1028],
        [0.8891, 0.4371, 0.1083],
        [0.8771, 0.4375, 0.1429],
        [0.9458, 0.5756, 0.0782],
        [0.9613, 0.6745, 0.0856],
        [0.9197, 0.6060, 0.0723],
        [0.9354, 0.5429, 0.0730],
        [0.8698, 0.5083, 0.1075]], grad_fn=<SigmoidBackward0>)
352it [8:49:54, 170.69s/it]outputs:tensor([[ 2.8142,  0.5557, -2.2122],
        [ 2.5164,  0.1848, -2.0990],
        [ 2.5606,  0.5948, -2.2639],
        [ 3.0077,  0.6958, -2.4886],
        [ 2.5946,  0.1568, -2.0053],
        [ 2.6132,  0.3278, -1.8450],
        [ 1.9676, -0.1976, -2.0685],
        [ 2.6370,  0.1275, -2.1554]], grad_fn=<AddmmBackward0>)
targets:tensor([2, 0, 2, 1, 1, 2, 0, 2])
probs:tensor([[0.9434, 0.6354, 0.0987],
        [0.9253, 0.5461, 0.1092],
        [0.9283, 0.6445, 0.0942],
        [0.9529, 0.6672, 0.0767],
        [0.9305, 0.5391, 0.1186],
        [0.9317, 0.5812, 0.1365],
        [0.8774, 0.4508, 0.1122],
        [0.9332, 0.5318, 0.1038]], grad_fn=<SigmoidBackward0>)
353it [8:50:29, 129.95s/it]outputs:tensor([[ 3.0109,  0.8324, -2.0356],
        [ 2.4881,  0.5359, -2.0122],
        [ 2.3596,  0.4504, -2.1243],
        [ 2.6838,  0.2752, -1.9451],
        [ 2.4272,  0.1109, -1.9289],
        [ 2.7706,  0.5833, -2.1661],
        [ 2.8006,  0.1555, -2.1281],
        [ 1.8442, -0.2406, -2.0196]], grad_fn=<AddmmBackward0>)
targets:tensor([3, 1, 1, 0, 3, 1, 2, 0])
probs:tensor([[0.9531, 0.6969, 0.1155],
        [0.9233, 0.6309, 0.1179],
        [0.9137, 0.6107, 0.1068],
        [0.9361, 0.5684, 0.1251],
        [0.9189, 0.5277, 0.1269],
        [0.9411, 0.6418, 0.1028],
        [0.9427, 0.5388, 0.1064],
        [0.8634, 0.4401, 0.1172]], grad_fn=<SigmoidBackward0>)
354it [9:06:05, 371.81s/it]outputs:tensor([[ 3.0871,  0.5796, -2.1716],
        [ 3.2478,  0.4526, -2.3012],
        [ 2.4882,  0.2807, -2.3578],
        [ 2.1686,  0.0598, -1.8898],
        [ 2.4387,  0.3223, -2.1712],
        [ 1.6435, -0.0852, -2.0068],
        [ 3.2366,  0.7527, -2.2185],
        [ 2.5702,  0.0352, -2.3209]], grad_fn=<AddmmBackward0>)
targets:tensor([1, 2, 2, 0, 0, 1, 0, 2])
probs:tensor([[0.9564, 0.6410, 0.1023],
        [0.9626, 0.6113, 0.0910],
        [0.9233, 0.5697, 0.0864],
        [0.8974, 0.5149, 0.1313],
        [0.9197, 0.5799, 0.1024],
        [0.8380, 0.4787, 0.1185],
        [0.9622, 0.6798, 0.0981],
        [0.9289, 0.5088, 0.0894]], grad_fn=<SigmoidBackward0>)
355it [9:06:28, 267.18s/it]outputs:tensor([[ 2.8379,  0.7214, -1.9918],
        [ 2.5621,  0.2663, -2.1162],
        [ 2.3398, -0.2471, -2.2168],
        [ 2.5964,  0.4213, -2.4876],
        [ 2.5189,  0.1896, -2.0792],
        [ 2.8182,  0.4822, -2.2037],
        [ 2.0284,  0.2041, -2.2516],
        [ 2.4498,  0.2855, -2.7749]], grad_fn=<AddmmBackward0>)
targets:tensor([2, 3, 0, 1, 2, 3, 1, 3])
probs:tensor([[0.9447, 0.6729, 0.1201],
        [0.9284, 0.5662, 0.1075],
        [0.9121, 0.4385, 0.0983],
        [0.9306, 0.6038, 0.0767],
        [0.9255, 0.5473, 0.1111],
        [0.9437, 0.6183, 0.0994],
        [0.8837, 0.5509, 0.0952],
        [0.9205, 0.5709, 0.0587]], grad_fn=<SigmoidBackward0>)

Step: 355
Raw logits: tensor([ 2.8379,  0.7214, -1.9918], grad_fn=<SelectBackward0>)
Probabilities: tensor([0.9447, 0.6729, 0.1201], grad_fn=<SelectBackward0>)
Predictions distribution: [   4  265 2579    0]
Targets distribution: [ 761 1017  828  242]
Loss: 2.9407005310058594
Training Accuracy per 5 steps: 29.70505617977528
356it [9:06:51, 193.79s/it]outputs:tensor([[ 3.0780,  0.6401, -2.3857],
        [ 2.6962,  0.7414, -2.0852],
        [ 2.8889,  0.4833, -2.3772],
        [ 1.9282,  0.1436, -2.0736],
        [ 3.1852,  0.6780, -2.3348],
        [ 2.3822,  0.4896, -2.1195],
        [ 2.4548,  0.2431, -2.3182],
        [ 2.6379,  0.3810, -2.2075]], grad_fn=<AddmmBackward0>)
targets:tensor([1, 1, 1, 0, 0, 0, 0, 1])
probs:tensor([[0.9560, 0.6548, 0.0843],
        [0.9368, 0.6773, 0.1105],
        [0.9473, 0.6185, 0.0849],
        [0.8730, 0.5358, 0.1117],
        [0.9603, 0.6633, 0.0883],
        [0.9155, 0.6200, 0.1072],
        [0.9209, 0.5605, 0.0896],
        [0.9333, 0.5941, 0.0991]], grad_fn=<SigmoidBackward0>)
357it [9:07:13, 142.27s/it]outputs:tensor([[ 2.9224,  0.5054, -2.5661],
        [ 2.7169,  0.8652, -2.2611],
        [ 3.0339,  0.5466, -2.0235],
        [ 3.3302,  0.6387, -2.5420],
        [ 2.9528,  0.5788, -2.0354],
        [ 1.9310,  0.2405, -1.9328],
        [ 2.8764,  0.6298, -2.0062],
        [ 2.3906,  0.3983, -2.1674]], grad_fn=<AddmmBackward0>)
targets:tensor([0, 3, 2, 2, 0, 0, 1, 0])
probs:tensor([[0.9489, 0.6237, 0.0713],
        [0.9380, 0.7037, 0.0944],
        [0.9541, 0.6333, 0.1168],
        [0.9655, 0.6545, 0.0730],
        [0.9504, 0.6408, 0.1155],
        [0.8734, 0.5598, 0.1264],
        [0.9467, 0.6524, 0.1186],
        [0.9161, 0.5983, 0.1027]], grad_fn=<SigmoidBackward0>)
358it [9:07:34, 106.00s/it]outputs:tensor([[ 2.9420,  0.4838, -1.9996],
        [ 2.1747,  0.0653, -1.7664],
        [ 2.2191, -0.0597, -1.9829],
        [ 1.2215, -0.0889, -1.5744],
        [ 1.7688,  0.0731, -1.9580],
        [ 2.8433,  0.3330, -2.2108],
        [ 2.8918,  0.4621, -2.3935],
        [ 2.8915,  0.5582, -1.8371]], grad_fn=<AddmmBackward0>)
targets:tensor([2, 0, 1, 2, 1, 1, 1, 2])
probs:tensor([[0.9499, 0.6186, 0.1192],
        [0.8980, 0.5163, 0.1460],
        [0.9020, 0.4851, 0.1210],
        [0.7723, 0.4778, 0.1716],
        [0.8543, 0.5183, 0.1237],
        [0.9450, 0.5825, 0.0988],
        [0.9474, 0.6135, 0.0837],
        [0.9474, 0.6360, 0.1374]], grad_fn=<SigmoidBackward0>)
359it [9:07:58, 81.38s/it] outputs:tensor([[ 2.0228,  0.3374, -1.8738],
        [ 2.2277,  0.4313, -2.0890],
        [ 2.5619,  0.5283, -1.9536],
        [ 2.4922,  0.6492, -2.0085],
        [ 2.1987,  0.2718, -1.9975],
        [ 2.4270,  0.5036, -2.2486],
        [ 2.6593,  0.7572, -2.2299],
        [ 1.6143,  0.0035, -1.8139]], grad_fn=<AddmmBackward0>)
targets:tensor([1, 0, 2, 0, 0, 1, 1, 1])
probs:tensor([[0.8832, 0.5836, 0.1331],
        [0.9027, 0.6062, 0.1102],
        [0.9284, 0.6291, 0.1242],
        [0.9236, 0.6568, 0.1183],
        [0.9001, 0.5675, 0.1195],
        [0.9189, 0.6233, 0.0955],
        [0.9346, 0.6807, 0.0971],
        [0.8340, 0.5009, 0.1402]], grad_fn=<SigmoidBackward0>)
360it [9:08:20, 63.52s/it]outputs:tensor([[ 3.0602,  0.9122, -2.2771],
        [ 2.7257,  0.2472, -2.2121],
        [ 2.6577,  0.6801, -2.0758],
        [ 2.7772,  0.5033, -2.0338],
        [ 3.0172,  0.4393, -1.9843],
        [ 1.8834,  0.1146, -2.0001],
        [ 2.4685,  0.1739, -2.3383],
        [ 2.9335,  0.3352, -2.2596]], grad_fn=<AddmmBackward0>)
targets:tensor([2, 2, 1, 2, 2, 1, 1, 1])
probs:tensor([[0.9552, 0.7134, 0.0930],
        [0.9385, 0.5615, 0.0987],
        [0.9345, 0.6638, 0.1115],
        [0.9414, 0.6232, 0.1157],
        [0.9533, 0.6081, 0.1209],
        [0.8680, 0.5286, 0.1192],
        [0.9219, 0.5434, 0.0880],
        [0.9495, 0.5830, 0.0945]], grad_fn=<SigmoidBackward0>)

Step: 360
Raw logits: tensor([ 3.0602,  0.9122, -2.2771], grad_fn=<SelectBackward0>)
Probabilities: tensor([0.9552, 0.7134, 0.0930], grad_fn=<SelectBackward0>)
Predictions distribution: [   4  267 2617    0]
Targets distribution: [ 773 1034  838  243]
Loss: 1.4707410335540771
Training Accuracy per 5 steps: 29.6398891966759
361it [9:23:43, 321.28s/it]outputs:tensor([[ 2.1338,  0.2100, -1.8990],
        [ 3.0572,  0.6766, -2.4336],
        [ 3.2044,  0.6487, -2.0995],
        [ 2.6019,  0.5972, -2.1444],
        [ 3.2987,  0.6687, -2.1693],
        [ 2.1101,  0.1308, -2.1628],
        [ 3.4139,  0.7822, -2.3394],
        [ 2.1056,  0.1792, -2.2903]], grad_fn=<AddmmBackward0>)
targets:tensor([1, 2, 2, 0, 0, 2, 0, 1])
probs:tensor([[0.8941, 0.5523, 0.1302],
        [0.9551, 0.6630, 0.0806],
        [0.9610, 0.6567, 0.1091],
        [0.9310, 0.6450, 0.1049],
        [0.9644, 0.6612, 0.1025],
        [0.8919, 0.5326, 0.1031],
        [0.9681, 0.6861, 0.0879],
        [0.8914, 0.5447, 0.0919]], grad_fn=<SigmoidBackward0>)
362it [9:24:11, 233.27s/it]outputs:tensor([[ 2.7564,  0.0371, -2.4017],
        [ 2.1020, -0.1505, -2.0478],
        [ 2.1958,  0.1269, -2.0712],
        [ 1.7571,  0.0044, -1.9115],
        [ 2.3954, -0.1613, -1.9417],
        [ 3.0438,  0.5087, -2.2352],
        [ 2.5706,  0.6642, -1.9612],
        [ 2.9729,  0.4595, -2.2387]], grad_fn=<AddmmBackward0>)
targets:tensor([2, 1, 0, 1, 1, 1, 0, 2])
probs:tensor([[0.9403, 0.5093, 0.0830],
        [0.8911, 0.4625, 0.1143],
        [0.8999, 0.5317, 0.1119],
        [0.8528, 0.5011, 0.1288],
        [0.9165, 0.4598, 0.1255],
        [0.9545, 0.6245, 0.0966],
        [0.9289, 0.6602, 0.1233],
        [0.9513, 0.6129, 0.0963]], grad_fn=<SigmoidBackward0>)
363it [9:24:32, 169.77s/it]outputs:tensor([[ 3.2642,  0.7761, -2.3806],
        [ 2.6206,  0.3298, -2.3383],
        [ 3.0177,  0.5226, -2.2539],
        [ 2.5234,  0.2508, -2.2031],
        [ 2.0733,  0.0325, -1.9239],
        [ 3.0891,  0.6139, -1.9185],
        [ 3.0493,  0.2707, -1.9084],
        [ 2.8222,  0.2292, -2.0425]], grad_fn=<AddmmBackward0>)
targets:tensor([1, 0, 3, 1, 1, 2, 2, 0])
probs:tensor([[0.9632, 0.6848, 0.0847],
        [0.9322, 0.5817, 0.0880],
        [0.9534, 0.6278, 0.0950],
        [0.9258, 0.5624, 0.0995],
        [0.8883, 0.5081, 0.1274],
        [0.9564, 0.6488, 0.1280],
        [0.9548, 0.5673, 0.1292],
        [0.9439, 0.5571, 0.1148]], grad_fn=<SigmoidBackward0>)
364it [9:24:56, 125.85s/it]outputs:tensor([[ 2.6698,  0.4079, -2.2525],
        [ 2.8444,  0.5041, -2.2368],
        [ 2.3950,  0.0135, -2.0160],
        [ 3.1414,  0.2904, -2.0446],
        [ 3.2540,  0.5536, -2.2320],
        [ 1.8811, -0.2218, -2.4343],
        [ 2.8373,  0.5605, -2.0331],
        [ 2.9895,  0.5721, -2.0229]], grad_fn=<AddmmBackward0>)
targets:tensor([0, 2, 3, 1, 2, 0, 2, 2])
probs:tensor([[0.9352, 0.6006, 0.0951],
        [0.9450, 0.6234, 0.0965],
        [0.9164, 0.5034, 0.1175],
        [0.9586, 0.5721, 0.1146],
        [0.9628, 0.6350, 0.0969],
        [0.8677, 0.4448, 0.0806],
        [0.9447, 0.6366, 0.1158],
        [0.9521, 0.6392, 0.1168]], grad_fn=<SigmoidBackward0>)
365it [9:25:17, 94.54s/it] outputs:tensor([[ 2.8778,  0.6872, -2.2697],
        [ 2.4103,  0.2209, -2.2766],
        [ 2.2611,  0.1870, -2.3189],
        [ 2.8131,  0.5709, -2.2810],
        [ 3.2231,  0.4895, -2.4052],
        [ 3.1086,  0.4166, -2.3104],
        [ 2.5874,  0.3837, -2.0693],
        [ 2.7658,  0.5129, -2.3500]], grad_fn=<AddmmBackward0>)
targets:tensor([2, 1, 2, 2, 1, 0, 1, 1])
probs:tensor([[0.9467, 0.6653, 0.0937],
        [0.9176, 0.5550, 0.0931],
        [0.9056, 0.5466, 0.0896],
        [0.9434, 0.6390, 0.0927],
        [0.9617, 0.6200, 0.0828],
        [0.9572, 0.6027, 0.0903],
        [0.9300, 0.5948, 0.1121],
        [0.9408, 0.6255, 0.0871]], grad_fn=<SigmoidBackward0>)

Step: 365
Raw logits: tensor([ 2.8778,  0.6872, -2.2697], grad_fn=<SelectBackward0>)
Probabilities: tensor([0.9467, 0.6653, 0.0937], grad_fn=<SelectBackward0>)
Predictions distribution: [   4  270 2654    0]
Targets distribution: [ 783 1048  852  245]
Loss: 1.8015824556350708
Training Accuracy per 5 steps: 29.781420765027324
366it [9:25:39, 72.76s/it]outputs:tensor([[ 2.4285,  0.3154, -2.1256],
        [ 2.8520,  0.6994, -1.8531],
        [ 2.8407,  0.3833, -2.0746],
        [ 3.1786,  0.6791, -2.2021],
        [ 2.7599,  0.3300, -2.3828],
        [ 2.5185,  0.5126, -2.2442],
        [ 2.6452,  0.4506, -2.0150],
        [ 2.6096,  0.3768, -1.8740]], grad_fn=<AddmmBackward0>)
targets:tensor([0, 0, 2, 2, 0, 1, 0, 3])
probs:tensor([[0.9190, 0.5782, 0.1066],
        [0.9454, 0.6681, 0.1355],
        [0.9448, 0.5947, 0.1116],
        [0.9600, 0.6635, 0.0996],
        [0.9405, 0.5818, 0.0845],
        [0.9254, 0.6254, 0.0959],
        [0.9337, 0.6108, 0.1176],
        [0.9315, 0.5931, 0.1331]], grad_fn=<SigmoidBackward0>)
367it [9:26:00, 57.19s/it]outputs:tensor([[ 2.7819,  0.1796, -2.3987],
        [ 3.0489,  0.8244, -2.1213],
        [ 1.8959,  0.1153, -2.1299],
        [ 2.5886,  0.2642, -2.1083],
        [ 2.2076,  0.2223, -2.1211],
        [ 3.4093,  0.3792, -2.4671],
        [ 3.1893,  0.9380, -2.3596],
        [ 2.6637, -0.0700, -2.1096]], grad_fn=<AddmmBackward0>)
targets:tensor([1, 1, 1, 0, 0, 3, 2, 0])
probs:tensor([[0.9417, 0.5448, 0.0833],
        [0.9547, 0.6952, 0.1070],
        [0.8694, 0.5288, 0.1062],
        [0.9301, 0.5657, 0.1083],
        [0.9009, 0.5553, 0.1071],
        [0.9680, 0.5937, 0.0782],
        [0.9604, 0.7187, 0.0863],
        [0.9349, 0.4825, 0.1082]], grad_fn=<SigmoidBackward0>)
368it [9:32:02, 148.57s/it]outputs:tensor([[ 1.3799, -0.1069, -1.5425],
        [ 2.1870,  0.4826, -1.8701],
        [ 2.5477,  0.0196, -2.0621],
        [ 2.5189,  0.1657, -2.0160],
        [ 3.0616,  0.4340, -2.6107],
        [ 1.1228,  0.0223, -1.3816],
        [ 2.6919,  0.3409, -2.3267],
        [ 2.6714,  0.3623, -2.0969]], grad_fn=<AddmmBackward0>)
targets:tensor([1, 1, 1, 0, 2, 2, 2, 2])
probs:tensor([[0.7990, 0.4733, 0.1762],
        [0.8991, 0.6184, 0.1335],
        [0.9274, 0.5049, 0.1128],
        [0.9255, 0.5413, 0.1175],
        [0.9553, 0.6068, 0.0685],
        [0.7545, 0.5056, 0.2007],
        [0.9365, 0.5844, 0.0889],
        [0.9353, 0.5896, 0.1094]], grad_fn=<SigmoidBackward0>)
369it [9:32:25, 110.84s/it]outputs:tensor([[ 2.6817,  0.2758, -2.4486],
        [ 2.7293,  0.0243, -2.3000],
        [ 2.4571,  0.1555, -2.2767],
        [ 2.3651,  0.1490, -2.3048],
        [ 2.2943,  0.0137, -2.3491],
        [ 2.1860,  0.2084, -2.4192],
        [ 2.0207, -0.0560, -2.1967],
        [ 1.9121, -0.1385, -1.8678]], grad_fn=<AddmmBackward0>)
targets:tensor([0, 2, 1, 0, 2, 2, 1, 0])
probs:tensor([[0.9359, 0.5685, 0.0795],
        [0.9387, 0.5061, 0.0911],
        [0.9211, 0.5388, 0.0931],
        [0.9141, 0.5372, 0.0907],
        [0.9084, 0.5034, 0.0871],
        [0.8990, 0.5519, 0.0817],
        [0.8830, 0.4860, 0.1000],
        [0.8713, 0.4654, 0.1338]], grad_fn=<SigmoidBackward0>)
370it [9:32:48, 84.73s/it] outputs:tensor([[ 2.7887,  0.8402, -2.1806],
        [ 2.6815,  0.1542, -2.3263],
        [ 2.6423,  0.4591, -2.0566],
        [ 2.6050,  0.2504, -2.3132],
        [ 2.7527,  0.3878, -2.1933],
        [ 2.3402, -0.0694, -2.2077],
        [ 2.4471,  0.0515, -2.3270],
        [ 2.5566,  0.3508, -2.4192]], grad_fn=<AddmmBackward0>)
targets:tensor([0, 1, 2, 2, 1, 0, 1, 2])
probs:tensor([[0.9421, 0.6985, 0.1015],
        [0.9359, 0.5385, 0.0890],
        [0.9335, 0.6128, 0.1134],
        [0.9312, 0.5623, 0.0900],
        [0.9401, 0.5958, 0.1003],
        [0.9122, 0.4826, 0.0991],
        [0.9204, 0.5129, 0.0889],
        [0.9280, 0.5868, 0.0817]], grad_fn=<SigmoidBackward0>)

Step: 370
Raw logits: tensor([ 2.7887,  0.8402, -2.1806], grad_fn=<SelectBackward0>)
Probabilities: tensor([0.9421, 0.6985, 0.1015], grad_fn=<SelectBackward0>)
Predictions distribution: [   4  275 2689    0]
Targets distribution: [ 796 1060  865  247]
Loss: 2.0436782836914062
Training Accuracy per 5 steps: 29.88544474393531
371it [9:33:10, 65.72s/it]outputs:tensor([[ 3.1965,  0.5860, -2.4202],
        [ 2.4217,  0.2418, -1.9295],
        [ 3.4638,  1.0751, -2.3650],
        [ 2.0903,  0.0290, -2.0432],
        [ 1.8497,  0.0579, -2.2092],
        [ 2.2845, -0.2069, -2.2680],
        [ 2.3316,  0.1985, -2.0379],
        [ 2.6472,  0.2356, -2.1807]], grad_fn=<AddmmBackward0>)
targets:tensor([1, 2, 2, 1, 2, 0, 2, 2])
probs:tensor([[0.9607, 0.6425, 0.0816],
        [0.9185, 0.5601, 0.1268],
        [0.9696, 0.7456, 0.0859],
        [0.8900, 0.5073, 0.1147],
        [0.8641, 0.5145, 0.0989],
        [0.9076, 0.4484, 0.0938],
        [0.9115, 0.5495, 0.1153],
        [0.9338, 0.5586, 0.1015]], grad_fn=<SigmoidBackward0>)
372it [9:33:32, 52.69s/it]outputs:tensor([[ 3.1489,  0.7766, -2.7031],
        [ 2.8634,  0.5895, -2.4150],
        [ 2.8188,  0.3791, -2.4660],
        [ 2.9315,  0.5126, -2.3228],
        [ 1.9943, -0.3535, -2.3661],
        [ 2.5754,  0.4547, -2.4622],
        [ 3.1959,  0.2989, -2.3775],
        [ 2.0250, -0.1682, -2.0422]], grad_fn=<AddmmBackward0>)
targets:tensor([1, 3, 0, 0, 2, 1, 0, 0])
probs:tensor([[0.9589, 0.6850, 0.0628],
        [0.9460, 0.6433, 0.0820],
        [0.9437, 0.5937, 0.0783],
        [0.9494, 0.6254, 0.0892],
        [0.8802, 0.4125, 0.0858],
        [0.9293, 0.6118, 0.0786],
        [0.9607, 0.5742, 0.0849],
        [0.8834, 0.4581, 0.1148]], grad_fn=<SigmoidBackward0>)
373it [9:33:55, 43.71s/it]outputs:tensor([[ 2.8824,  0.4177, -2.4600],
        [ 2.5424,  0.0959, -2.2346],
        [ 2.1912,  0.0808, -2.1340],
        [ 1.0496,  0.0225, -1.2396],
        [ 1.9202, -0.0580, -2.0207],
        [ 2.7274,  0.3404, -2.3748],
        [ 2.2749, -0.2889, -2.0328],
        [ 2.2306, -0.1695, -2.0374]], grad_fn=<AddmmBackward0>)
targets:tensor([1, 0, 0, 2, 0, 2, 0, 0])
probs:tensor([[0.9470, 0.6029, 0.0787],
        [0.9271, 0.5239, 0.0967],
        [0.8995, 0.5202, 0.1058],
        [0.7407, 0.5056, 0.2245],
        [0.8722, 0.4855, 0.1170],
        [0.9386, 0.5843, 0.0851],
        [0.9068, 0.4283, 0.1158],
        [0.9030, 0.4577, 0.1153]], grad_fn=<SigmoidBackward0>)
374it [9:51:00, 338.22s/it]outputs:tensor([[ 2.2099,  0.1528, -2.4388],
        [ 1.5265,  0.1513, -1.7430],
        [ 1.2026, -0.0130, -1.3365],
        [ 3.4527,  1.2252, -2.3750],
        [ 2.6887,  0.0420, -2.2277],
        [ 2.9061,  0.4779, -2.3688],
        [ 2.5549,  0.1445, -2.6143],
        [ 2.7535,  0.1358, -2.4824]], grad_fn=<AddmmBackward0>)
targets:tensor([0, 1, 0, 2, 0, 0, 1, 2])
probs:tensor([[0.9011, 0.5381, 0.0803],
        [0.8215, 0.5377, 0.1489],
        [0.7690, 0.4968, 0.2081],
        [0.9693, 0.7730, 0.0851],
        [0.9364, 0.5105, 0.0973],
        [0.9481, 0.6172, 0.0856],
        [0.9279, 0.5361, 0.0682],
        [0.9401, 0.5339, 0.0771]], grad_fn=<SigmoidBackward0>)
375it [9:51:27, 244.73s/it]outputs:tensor([[ 1.8399, -0.1129, -1.5582],
        [ 1.1400, -0.1070, -1.4793],
        [ 2.9366,  0.9338, -2.3535],
        [ 2.3951, -0.1011, -2.3772],
        [ 2.4760,  0.2418, -2.5911],
        [ 2.7224,  0.6771, -2.1742],
        [ 0.8935,  0.1759, -1.5323],
        [ 2.9822,  0.8928, -1.9353]], grad_fn=<AddmmBackward0>)
targets:tensor([2, 1, 2, 2, 2, 3, 1, 1])
probs:tensor([[0.8629, 0.4718, 0.1739],
        [0.7577, 0.4733, 0.1855],
        [0.9496, 0.7179, 0.0868],
        [0.9165, 0.4747, 0.0849],
        [0.9224, 0.5602, 0.0697],
        [0.9383, 0.6631, 0.1021],
        [0.7096, 0.5439, 0.1777],
        [0.9518, 0.7095, 0.1262]], grad_fn=<SigmoidBackward0>)

Step: 375
Raw logits: tensor([ 1.8399, -0.1129, -1.5582], grad_fn=<SelectBackward0>)
Probabilities: tensor([0.8629, 0.4718, 0.1739], grad_fn=<SelectBackward0>)
Predictions distribution: [   4  285 2719    0]
Targets distribution: [ 810 1070  879  249]
Loss: 2.354205846786499
Training Accuracy per 5 steps: 29.886968085106382
376it [9:51:49, 177.93s/it]outputs:tensor([[ 2.4912,  0.3945, -2.0738],
        [ 2.3044,  0.2027, -2.2395],
        [ 2.3323,  0.2036, -2.3333],
        [ 2.2113, -0.1849, -2.5691],
        [ 2.4959,  0.5917, -2.1176],
        [ 0.9262,  0.1519, -1.4124],
        [ 3.2224,  0.7085, -2.4413],
        [ 2.9346,  0.4493, -2.8497]], grad_fn=<AddmmBackward0>)
targets:tensor([1, 2, 0, 2, 1, 0, 1, 2])
probs:tensor([[0.9235, 0.5974, 0.1117],
        [0.9092, 0.5505, 0.0963],
        [0.9115, 0.5507, 0.0884],
        [0.9013, 0.4539, 0.0712],
        [0.9239, 0.6438, 0.1074],
        [0.7163, 0.5379, 0.1959],
        [0.9617, 0.6701, 0.0801],
        [0.9495, 0.6105, 0.0547]], grad_fn=<SigmoidBackward0>)
377it [9:52:11, 131.36s/it]outputs:tensor([[ 2.5581,  0.3802, -2.4644],
        [ 3.4462,  0.8386, -2.4010],
        [ 2.0974, -0.1675, -2.3889],
        [ 2.2624,  0.1233, -1.9948],
        [ 2.3012,  0.2487, -2.1428],
        [ 2.5710,  0.5679, -2.3629],
        [ 2.0554,  0.1271, -2.2725],
        [ 3.3407,  1.1116, -2.3588]], grad_fn=<AddmmBackward0>)
targets:tensor([1, 1, 1, 1, 2, 0, 2, 1])
probs:tensor([[0.9281, 0.5939, 0.0784],
        [0.9691, 0.6982, 0.0831],
        [0.8906, 0.4582, 0.0840],
        [0.9057, 0.5308, 0.1197],
        [0.9090, 0.5619, 0.1050],
        [0.9290, 0.6383, 0.0860],
        [0.8865, 0.5317, 0.0934],
        [0.9658, 0.7524, 0.0864]], grad_fn=<SigmoidBackward0>)
378it [9:52:33, 98.44s/it] outputs:tensor([[ 2.2342, -0.0810, -2.3505],
        [ 2.6192,  0.4324, -2.7595],
        [ 2.9823,  0.3592, -2.6591],
        [ 2.6489,  0.1291, -2.5173],
        [ 2.7387,  0.3298, -2.1783],
        [ 2.1544,  0.1351, -2.1230],
        [ 2.2639, -0.1796, -2.2091],
        [ 2.7051,  0.5282, -2.1700]], grad_fn=<AddmmBackward0>)
targets:tensor([0, 1, 0, 2, 2, 2, 2, 0])
probs:tensor([[0.9033, 0.4798, 0.0870],
        [0.9321, 0.6064, 0.0596],
        [0.9518, 0.5888, 0.0654],
        [0.9339, 0.5322, 0.0747],
        [0.9393, 0.5817, 0.1017],
        [0.8961, 0.5337, 0.1069],
        [0.9058, 0.4552, 0.0989],
        [0.9373, 0.6291, 0.1025]], grad_fn=<SigmoidBackward0>)
379it [9:52:55, 75.59s/it]outputs:tensor([[ 3.3807e+00,  7.0838e-01, -2.5145e+00],
        [ 2.2166e+00, -8.9044e-04, -1.9745e+00],
        [ 3.2175e+00,  6.3474e-01, -2.3042e+00],
        [ 2.3083e+00,  3.0701e-01, -2.3703e+00],
        [ 3.1413e+00,  1.0081e+00, -2.2917e+00],
        [ 3.2378e+00,  7.5698e-01, -2.1980e+00],
        [ 2.9256e+00,  8.4941e-01, -2.3545e+00],
        [ 2.5134e+00,  3.6930e-01, -2.4234e+00]], grad_fn=<AddmmBackward0>)
targets:tensor([0, 1, 0, 2, 1, 1, 1, 0])
probs:tensor([[0.9671, 0.6700, 0.0749],
        [0.9017, 0.4998, 0.1219],
        [0.9615, 0.6536, 0.0908],
        [0.9096, 0.5762, 0.0855],
        [0.9586, 0.7327, 0.0918],
        [0.9622, 0.6807, 0.0999],
        [0.9491, 0.7004, 0.0867],
        [0.9251, 0.5913, 0.0814]], grad_fn=<SigmoidBackward0>)
380it [9:53:18, 59.56s/it]outputs:tensor([[ 3.2572,  1.1959, -2.6834],
        [ 3.1931,  0.5501, -2.6011],
        [ 3.3277,  0.9754, -2.4466],
        [ 2.4301,  0.0642, -2.5939],
        [ 2.9203,  1.0172, -2.3487],
        [ 3.0119,  1.0096, -2.3768],
        [ 2.9120,  0.8213, -2.4041],
        [ 2.9878,  1.0820, -2.4236]], grad_fn=<AddmmBackward0>)
targets:tensor([0, 2, 2, 2, 2, 1, 0, 1])
probs:tensor([[0.9629, 0.7678, 0.0640],
        [0.9606, 0.6342, 0.0691],
        [0.9654, 0.7262, 0.0797],
        [0.9191, 0.5160, 0.0695],
        [0.9488, 0.7344, 0.0872],
        [0.9531, 0.7329, 0.0850],
        [0.9484, 0.6945, 0.0829],
        [0.9520, 0.7469, 0.0814]], grad_fn=<SigmoidBackward0>)

Step: 380
Raw logits: tensor([ 3.2572,  1.1959, -2.6834], grad_fn=<SelectBackward0>)
Probabilities: tensor([0.9629, 0.7678, 0.0640], grad_fn=<SelectBackward0>)
Predictions distribution: [   4  290 2754    0]
Targets distribution: [ 821 1085  893  249]
Loss: 2.253608465194702
Training Accuracy per 5 steps: 29.954068241469816
381it [10:09:27, 332.57s/it]outputs:tensor([[ 3.4116,  1.1716, -2.3100],
        [ 1.7615, -0.0722, -2.2927],
        [ 2.7915,  0.3543, -2.3637],
        [ 3.2543,  0.8803, -2.3996],
        [ 2.8793,  0.7222, -2.4236],
        [ 2.6180,  0.3536, -2.3966],
        [ 2.7009,  0.7779, -2.5585],
        [ 2.9925,  0.7707, -2.4928]], grad_fn=<AddmmBackward0>)
targets:tensor([3, 3, 1, 2, 1, 2, 0, 0])
probs:tensor([[0.9681, 0.7634, 0.0903],
        [0.8534, 0.4820, 0.0917],
        [0.9422, 0.5877, 0.0860],
        [0.9628, 0.7069, 0.0832],
        [0.9468, 0.6731, 0.0814],
        [0.9320, 0.5875, 0.0834],
        [0.9371, 0.6852, 0.0719],
        [0.9522, 0.6837, 0.0764]], grad_fn=<SigmoidBackward0>)
382it [10:09:50, 239.70s/it]outputs:tensor([[ 3.1595,  0.9059, -2.1072],
        [ 2.2926,  0.1864, -2.3913],
        [ 2.9783,  0.9524, -2.1502],
        [ 1.8962,  0.1429, -2.1461],
        [ 2.9242,  0.4635, -2.4812],
        [ 2.4917,  0.5514, -2.1814],
        [ 2.2759,  0.0221, -2.5973],
        [ 2.2236,  0.2979, -2.3184]], grad_fn=<AddmmBackward0>)
targets:tensor([0, 0, 2, 0, 2, 1, 2, 1])
probs:tensor([[0.9593, 0.7122, 0.1084],
        [0.9083, 0.5465, 0.0838],
        [0.9516, 0.7216, 0.1043],
        [0.8695, 0.5357, 0.1047],
        [0.9490, 0.6139, 0.0772],
        [0.9236, 0.6345, 0.1014],
        [0.9069, 0.5055, 0.0693],
        [0.9024, 0.5739, 0.0896]], grad_fn=<SigmoidBackward0>)
383it [10:10:12, 174.27s/it]outputs:tensor([[ 3.3566,  0.7652, -2.5116],
        [ 3.0152,  1.1134, -2.2927],
        [ 3.4019,  0.8497, -2.3943],
        [ 2.2881,  0.1752, -2.3117],
        [ 3.4115,  1.0199, -2.7410],
        [ 2.4492,  0.0793, -2.3095],
        [ 2.3051,  0.1844, -2.4848],
        [ 2.4180,  0.1625, -2.3130]], grad_fn=<AddmmBackward0>)
targets:tensor([1, 1, 1, 2, 1, 1, 2, 0])
probs:tensor([[0.9663, 0.6825, 0.0750],
        [0.9533, 0.7528, 0.0917],
        [0.9678, 0.7005, 0.0836],
        [0.9079, 0.5437, 0.0902],
        [0.9681, 0.7350, 0.0606],
        [0.9205, 0.5198, 0.0903],
        [0.9093, 0.5460, 0.0769],
        [0.9182, 0.5405, 0.0900]], grad_fn=<SigmoidBackward0>)
384it [10:10:35, 128.91s/it]outputs:tensor([[ 2.3891,  0.4493, -2.6764],
        [ 2.8214,  0.6805, -2.6283],
        [ 2.8739,  0.6725, -2.2554],
        [ 3.1355,  0.9324, -2.7464],
        [ 2.9131,  0.5021, -2.6347],
        [ 2.5478,  0.7715, -2.1972],
        [ 3.1625,  1.0543, -2.1972],
        [ 2.3556,  0.5021, -2.5424]], grad_fn=<AddmmBackward0>)
targets:tensor([1, 2, 3, 2, 1, 3, 1, 2])
probs:tensor([[0.9160, 0.6105, 0.0644],
        [0.9438, 0.6639, 0.0673],
        [0.9465, 0.6621, 0.0949],
        [0.9583, 0.7176, 0.0603],
        [0.9485, 0.6229, 0.0669],
        [0.9274, 0.6838, 0.1000],
        [0.9594, 0.7416, 0.1000],
        [0.9134, 0.6229, 0.0729]], grad_fn=<SigmoidBackward0>)
385it [10:10:58, 97.21s/it] outputs:tensor([[ 2.8338,  0.4012, -2.5715],
        [ 3.1190,  0.6688, -2.3508],
        [ 3.1501,  0.8651, -2.4166],
        [ 2.5667,  0.6164, -2.6060],
        [ 2.4710,  0.1792, -2.3469],
        [ 3.3679,  0.9883, -2.2401],
        [ 2.7829,  0.4560, -2.6232],
        [ 3.1002,  0.8231, -2.5326]], grad_fn=<AddmmBackward0>)
targets:tensor([2, 1, 2, 2, 0, 1, 1, 2])
probs:tensor([[0.9445, 0.5990, 0.0710],
        [0.9577, 0.6612, 0.0870],
        [0.9589, 0.7037, 0.0819],
        [0.9287, 0.6494, 0.0688],
        [0.9221, 0.5447, 0.0873],
        [0.9667, 0.7287, 0.0962],
        [0.9417, 0.6121, 0.0677],
        [0.9569, 0.6949, 0.0736]], grad_fn=<SigmoidBackward0>)

Step: 385
Raw logits: tensor([ 2.8338,  0.4012, -2.5715], grad_fn=<SelectBackward0>)
Probabilities: tensor([0.9445, 0.5990, 0.0710], grad_fn=<SelectBackward0>)
Predictions distribution: [   4  291 2793    0]
Targets distribution: [ 828 1100  907  253]
Loss: 1.6416292190551758
Training Accuracy per 5 steps: 30.019430051813472
386it [10:11:21, 74.82s/it]outputs:tensor([[ 2.9403,  0.5747, -2.4288],
        [ 2.9210,  0.4334, -2.4942],
        [ 3.0767,  0.9017, -2.4462],
        [ 2.7450,  0.6039, -2.4800],
        [ 3.2190,  0.5787, -2.5274],
        [ 3.0858,  1.0731, -2.4161],
        [ 3.0101,  0.2802, -2.5695],
        [ 2.4698,  0.1127, -2.5678]], grad_fn=<AddmmBackward0>)
targets:tensor([2, 2, 2, 1, 2, 1, 1, 1])
probs:tensor([[0.9498, 0.6398, 0.0810],
        [0.9489, 0.6067, 0.0763],
        [0.9559, 0.7113, 0.0797],
        [0.9396, 0.6465, 0.0773],
        [0.9615, 0.6408, 0.0740],
        [0.9563, 0.7452, 0.0820],
        [0.9530, 0.5696, 0.0711],
        [0.9220, 0.5281, 0.0712]], grad_fn=<SigmoidBackward0>)
387it [10:11:45, 59.73s/it]outputs:tensor([[ 2.1235, -0.0985, -2.2442],
        [ 3.1098,  1.0463, -2.6494],
        [ 2.2638, -0.0755, -2.4557],
        [ 2.7370,  0.7606, -2.4443],
        [ 2.8149,  0.6193, -2.4031],
        [ 2.8129,  0.4919, -2.4792],
        [ 2.8858,  0.4950, -2.5817],
        [ 2.6776,  0.5611, -2.6346]], grad_fn=<AddmmBackward0>)
targets:tensor([1, 2, 2, 0, 2, 0, 1, 0])
probs:tensor([[0.8932, 0.4754, 0.0958],
        [0.9573, 0.7401, 0.0660],
        [0.9058, 0.4811, 0.0790],
        [0.9392, 0.6815, 0.0799],
        [0.9435, 0.6501, 0.0829],
        [0.9434, 0.6206, 0.0773],
        [0.9471, 0.6213, 0.0703],
        [0.9357, 0.6367, 0.0669]], grad_fn=<SigmoidBackward0>)
388it [10:12:07, 48.36s/it]outputs:tensor([[ 2.4943,  0.4436, -2.1011],
        [ 2.3561,  0.3177, -2.1924],
        [ 2.1421,  0.1014, -2.5472],
        [ 2.7905,  0.3377, -1.9815],
        [ 3.0724,  0.8971, -2.6490],
        [ 2.2091,  0.2918, -2.2624],
        [ 2.6014,  0.4338, -2.3537],
        [ 2.6307,  0.5434, -2.1813]], grad_fn=<AddmmBackward0>)
targets:tensor([0, 0, 2, 1, 1, 0, 2, 1])
probs:tensor([[0.9237, 0.6091, 0.1090],
        [0.9134, 0.5788, 0.1004],
        [0.8949, 0.5253, 0.0726],
        [0.9422, 0.5836, 0.1212],
        [0.9557, 0.7103, 0.0660],
        [0.9011, 0.5724, 0.0943],
        [0.9310, 0.6068, 0.0868],
        [0.9328, 0.6326, 0.1014]], grad_fn=<SigmoidBackward0>)
389it [10:12:28, 40.07s/it]outputs:tensor([[ 2.7840,  0.1767, -2.4896],
        [ 2.9014,  0.3720, -2.5405],
        [ 3.2833,  0.3248, -2.8167],
        [ 2.6621,  0.5255, -2.3685],
        [ 2.5450,  0.3169, -2.4135],
        [ 2.6246,  0.3680, -2.4820],
        [ 3.1263,  0.8811, -1.9875],
        [ 3.1236,  0.5984, -2.6124]], grad_fn=<AddmmBackward0>)
targets:tensor([1, 3, 2, 0, 2, 1, 1, 0])
probs:tensor([[0.9418, 0.5441, 0.0766],
        [0.9479, 0.5919, 0.0731],
        [0.9639, 0.5805, 0.0564],
        [0.9348, 0.6284, 0.0856],
        [0.9272, 0.5786, 0.0821],
        [0.9324, 0.5910, 0.0771],
        [0.9580, 0.7071, 0.1205],
        [0.9579, 0.6453, 0.0683]], grad_fn=<SigmoidBackward0>)
390it [10:12:50, 34.71s/it]outputs:tensor([[ 2.3916, -0.0652, -2.4365],
        [ 3.0030,  1.0270, -2.5122],
        [ 2.5808,  0.3067, -2.4393],
        [ 2.7596,  0.9403, -2.5304],
        [ 2.7093,  0.6758, -2.6118],
        [ 2.6381,  0.3036, -2.4308],
        [ 2.9762,  0.6493, -2.3754],
        [ 2.2824,  0.0779, -2.5478]], grad_fn=<AddmmBackward0>)
targets:tensor([2, 2, 1, 1, 0, 1, 2, 0])
probs:tensor([[0.9162, 0.4837, 0.0804],
        [0.9527, 0.7363, 0.0750],
        [0.9296, 0.5761, 0.0802],
        [0.9405, 0.7192, 0.0738],
        [0.9376, 0.6628, 0.0684],
        [0.9333, 0.5753, 0.0809],
        [0.9515, 0.6569, 0.0851],
        [0.9074, 0.5195, 0.0726]], grad_fn=<SigmoidBackward0>)

Step: 390
Raw logits: tensor([ 2.3916, -0.0652, -2.4365], grad_fn=<SelectBackward0>)
Probabilities: tensor([0.9162, 0.4837, 0.0804], grad_fn=<SelectBackward0>)
Predictions distribution: [   4  294 2830    0]
Targets distribution: [ 838 1115  921  254]
Loss: 2.008881092071533
Training Accuracy per 5 steps: 30.051150895140665
391it [10:13:12, 30.81s/it]outputs:tensor([[ 2.9870,  0.6958, -2.3665],
        [ 3.0666,  0.7133, -2.4661],
        [ 2.8900,  0.6742, -2.5347],
        [ 3.3722,  0.5577, -2.4769],
        [ 3.0483,  0.9359, -2.7135],
        [ 3.4104,  0.7456, -2.3509],
        [ 3.4046,  0.8919, -2.4754],
        [ 2.8108,  0.6557, -2.5553]], grad_fn=<AddmmBackward0>)
targets:tensor([2, 1, 1, 1, 2, 3, 1, 2])
probs:tensor([[0.9520, 0.6673, 0.0858],
        [0.9555, 0.6711, 0.0783],
        [0.9473, 0.6625, 0.0735],
        [0.9668, 0.6359, 0.0775],
        [0.9547, 0.7183, 0.0622],
        [0.9680, 0.6782, 0.0870],
        [0.9678, 0.7093, 0.0776],
        [0.9433, 0.6583, 0.0721]], grad_fn=<SigmoidBackward0>)
392it [10:13:32, 27.61s/it]outputs:tensor([[ 3.3475,  0.9591, -2.8422],
        [ 2.3294, -0.0513, -2.2130],
        [ 2.3720,  0.3965, -2.3177],
        [ 2.3886,  0.3163, -2.5132],
        [ 3.0919,  0.6817, -2.5755],
        [ 2.1841,  0.0927, -2.4820],
        [ 2.9798,  0.6308, -2.6792],
        [ 2.2763,  0.2021, -2.1165]], grad_fn=<AddmmBackward0>)
targets:tensor([1, 0, 0, 2, 3, 2, 2, 0])
probs:tensor([[0.9660, 0.7229, 0.0551],
        [0.9113, 0.4872, 0.0986],
        [0.9147, 0.5978, 0.0897],
        [0.9160, 0.5784, 0.0749],
        [0.9566, 0.6641, 0.0707],
        [0.8988, 0.5232, 0.0771],
        [0.9517, 0.6527, 0.0642],
        [0.9069, 0.5504, 0.1075]], grad_fn=<SigmoidBackward0>)
393it [10:20:13, 139.84s/it]outputs:tensor([[ 2.6069,  0.2091, -2.3842],
        [ 2.5818,  0.4246, -2.1060],
        [ 2.9186,  0.3596, -2.4451],
        [ 3.1568,  0.6049, -2.5634],
        [ 2.9911,  0.5425, -2.2085],
        [ 2.3472, -0.2244, -2.5968],
        [ 3.1761,  0.4845, -2.4997],
        [ 2.5973,  0.1304, -2.3814]], grad_fn=<AddmmBackward0>)
targets:tensor([1, 0, 2, 2, 0, 1, 1, 3])
probs:tensor([[0.9313, 0.5521, 0.0844],
        [0.9297, 0.6046, 0.1085],
        [0.9488, 0.5890, 0.0798],
        [0.9592, 0.6468, 0.0715],
        [0.9522, 0.6324, 0.0990],
        [0.9127, 0.4441, 0.0693],
        [0.9599, 0.6188, 0.0759],
        [0.9307, 0.5326, 0.0846]], grad_fn=<SigmoidBackward0>)
